strategy,selector,expressions,available,available_ci_low,available_ci_high,no_negative_available,no_negative_available_ci_low,no_negative_available_ci_high,any_target_hit,any_target_hit_ci_low,any_target_hit_ci_high,any_competitor_hit,any_competitor_hit_ci_low,any_competitor_hit_ci_high,sam_improved,sam_improved_ci_low,sam_improved_ci_high,sam_harmed,sam_harmed_ci_low,sam_harmed_ci_high,correct_instance_improved,correct_instance_improved_ci_low,correct_instance_improved_ci_high,correct_instance_degraded,correct_instance_degraded_ci_low,correct_instance_degraded_ci_high,delta_iou,delta_iou_ci_low,delta_iou_ci_high,negative_points,point_fraction_target,point_fraction_same_category_competitor,point_fraction_different_category,point_fraction_same_category_crowd,point_fraction_background,target_hit_given_available
NEG_LOW1,sam_score,3689,0.9850908105177555,0.974745702274604,0.9930955759536244,0.014909189482244511,0.006904424046375585,0.02525429772539598,0.044727568446733534,0.03571110828673106,0.053765662490002655,0.1650853889943074,0.13669872636562128,0.19434304288036,0.39116291677961507,0.37085465795054867,0.4118751756323847,0.4632691786391976,0.4427352587044892,0.4833769964587699,0.0314448359989157,0.024487968817478157,0.03898999689131669,0.03767958796421794,0.030164667798822195,0.045407221024049184,-0.006708317028043448,-0.011578320850858864,-0.0021645359043389384,3634,0.045404512933406714,0.16758392955421023,0.14777105118326914,0.001926252063841497,0.6373142542652724,0.045404512933406714
NEG_LOW1,smart,3689,0.9850908105177555,0.974745702274604,0.9930955759536244,0.014909189482244511,0.006904424046375585,0.02525429772539598,0.044727568446733534,0.03571110828673106,0.053765662490002655,0.1650853889943074,0.13669872636562128,0.19434304288036,0.4049878015722418,0.38386747264420745,0.4247945167254674,0.45757657901870424,0.4360216350505014,0.47868045900429257,0.027107617240444564,0.020566224420649905,0.03388991717466728,0.03334236920574681,0.027225843527739928,0.039989017178259645,-0.002249109190791862,-0.0057137846808054575,0.0012849711258275161,3634,0.045404512933406714,0.16758392955421023,0.14777105118326914,0.001926252063841497,0.6373142542652724,0.045404512933406714
NEG_LOW1,final,3689,0.9850908105177555,0.974745702274604,0.9930955759536244,0.014909189482244511,0.006904424046375585,0.02525429772539598,0.044727568446733534,0.03571110828673106,0.053765662490002655,0.1650853889943074,0.13669872636562128,0.19434304288036,0.3705611276768772,0.3492438035775034,0.3912689824442617,0.42830035239902414,0.4063914766576391,0.45051445997105816,0.029818378964489023,0.022985087809131714,0.03691273756594421,0.0314448359989157,0.025302438500730808,0.03762735364119237,-0.0014209056245316975,-0.004611669737931156,0.00201473789140957,3634,0.045404512933406714,0.16758392955421023,0.14777105118326914,0.001926252063841497,0.6373142542652724,0.045404512933406714
NEG_LOW2,sam_score,3689,0.9555435077256709,0.9376265800442924,0.9704622653366797,0.04445649227432909,0.029537734663320367,0.06237341995570755,0.07806993765248035,0.0655645568508238,0.09076215408440919,0.25264299268094337,0.21881911245824684,0.28503734149363436,0.378964489021415,0.3579840336030832,0.40049658535496685,0.45866088370832203,0.43638254239446483,0.4815563776313952,0.042558959067497966,0.0349277978650286,0.05072879096839154,0.04201680672268908,0.0338189187831959,0.05089058672904486,-0.008443169749163811,-0.013888468736542148,-0.0032721792738599565,7050,0.04581560283687943,0.16822695035460994,0.15929078014184397,0.0032624113475177305,0.6234042553191489,0.08170212765957446
NEG_LOW2,smart,3689,0.9555435077256709,0.9376265800442924,0.9704622653366797,0.04445649227432909,0.029537734663320367,0.06237341995570755,0.07806993765248035,0.0655645568508238,0.09076215408440919,0.25264299268094337,0.21881911245824684,0.28503734149363436,0.37625372729737055,0.3557296457765668,0.3967440776772716,0.4673353212252643,0.4459130912051028,0.4884793359482824,0.03795066413662239,0.030867077360965042,0.04546826120857159,0.04310111141230686,0.035781109367996916,0.0513656069636424,-0.009146799098858599,-0.013160573726341223,-0.004807101226629344,7050,0.04581560283687943,0.16822695035460994,0.15929078014184397,0.0032624113475177305,0.6234042553191489,0.08170212765957446
NEG_LOW2,final,3689,0.9555435077256709,0.9376265800442924,0.9704622653366797,0.04445649227432909,0.029537734663320367,0.06237341995570755,0.07806993765248035,0.0655645568508238,0.09076215408440919,0.25264299268094337,0.21881911245824684,0.28503734149363436,0.34887503388452157,0.3287356464845405,0.3684780673469957,0.43724586608837085,0.4155420522801571,0.4588231566548881,0.03903496882624018,0.03179029534814741,0.0468456143221273,0.04201680672268908,0.03450134770889488,0.050287566135590905,-0.009232827789682235,-0.013140357754542585,-0.00501193328827251,7050,0.04581560283687943,0.16822695035460994,0.15929078014184397,0.0032624113475177305,0.6234042553191489,0.08170212765957446
NEG_CONTRAST1,sam_score,3689,0.8124152886961236,0.783102091684312,0.8397728031204661,0.18758471130387638,0.16022719687953382,0.2168979083156881,0.11493629709948495,0.102516224729297,0.12784031262412957,0.34318243426402817,0.3153221880100185,0.37032224825875526,0.3195988072648414,0.30045719132592186,0.3383691544402201,0.3835727839522906,0.36223729790339454,0.4045103507188607,0.031986988343724584,0.025143273158372913,0.038790157832098084,0.033884521550555706,0.02764585088024213,0.040293151874054106,-0.008924060414062643,-0.01266571290941615,-0.0051431806103735935,2997,0.1414748081414748,0.42242242242242245,0.14280947614280948,0.00333667000333667,0.28995662328995664,0.1414748081414748
NEG_CONTRAST1,smart,3689,0.8124152886961236,0.783102091684312,0.8397728031204661,0.18758471130387638,0.16022719687953382,0.2168979083156881,0.11493629709948495,0.102516224729297,0.12784031262412957,0.34318243426402817,0.3153221880100185,0.37032224825875526,0.3068582271618325,0.287380617329769,0.3260398235773928,0.401463811330984,0.3788062673519494,0.42486031237163113,0.024939007861209,0.019720856417359187,0.03063183400775172,0.030631607481702357,0.024273296700025274,0.037301312947769026,-0.006929453359401749,-0.010261000631032028,-0.003821996201953622,2997,0.1414748081414748,0.42242242242242245,0.14280947614280948,0.00333667000333667,0.28995662328995664,0.1414748081414748
NEG_CONTRAST1,final,3689,0.8124152886961236,0.783102091684312,0.8397728031204661,0.18758471130387638,0.16022719687953382,0.2168979083156881,0.11493629709948495,0.102516224729297,0.12784031262412957,0.34318243426402817,0.3153221880100185,0.37032224825875526,0.279208457576579,0.2598658293769763,0.2972462563015881,0.371645432366495,0.3496268055207671,0.39432917041851,0.025210084033613446,0.020243815907950335,0.03050197040735486,0.030902683654106804,0.02423448074342884,0.03814385571411757,-0.006391672354296525,-0.009603064167717992,-0.003337069827497213,2997,0.1414748081414748,0.42242242242242245,0.14280947614280948,0.00333667000333667,0.28995662328995664,0.1414748081414748
NEG_CONTRAST2,sam_score,3689,0.7563025210084033,0.7234013777703602,0.7860714782973376,0.24369747899159663,0.21392852170266238,0.2765986222296399,0.19137977771753864,0.1735863649550853,0.2083823252186384,0.4274871238818108,0.3974135793374836,0.45739986356913964,0.2916779615071835,0.2712954470945712,0.3117933161549841,0.3635131471943616,0.34202865724555614,0.3858371982419312,0.03496882624017349,0.02865540541025018,0.04190916610271448,0.041474654377880185,0.0340156965975033,0.04892104007945423,-0.013014598596147935,-0.017535256063745053,-0.0087025049575378,5580,0.14265232974910394,0.37706093189964157,0.13405017921146953,0.0062724014336917565,0.3399641577060932,0.2530465949820789
NEG_CONTRAST2,smart,3689,0.7563025210084033,0.7234013777703602,0.7860714782973376,0.24369747899159663,0.21392852170266238,0.2765986222296399,0.19137977771753864,0.1735863649550853,0.2083823252186384,0.4274871238818108,0.3974135793374836,0.45739986356913964,0.28598536188669016,0.26449034260983717,0.3064026240352811,0.37218758471130386,0.34896632068808964,0.3947372018071422,0.02927622661968013,0.02306186543922688,0.03559953133994337,0.03469775006776904,0.02830157207527028,0.041345300959123275,-0.009535777128003898,-0.013696758927367386,-0.005489240857260863,5580,0.14265232974910394,0.37706093189964157,0.13405017921146953,0.0062724014336917565,0.3399641577060932,0.2530465949820789
NEG_CONTRAST2,final,3689,0.7563025210084033,0.7234013777703602,0.7860714782973376,0.24369747899159663,0.21392852170266238,0.2765986222296399,0.19137977771753864,0.1735863649550853,0.2083823252186384,0.4274871238818108,0.3974135793374836,0.45739986356913964,0.2626728110599078,0.2425116888554126,0.28124232717916786,0.3448088912984549,0.32243970728491683,0.3674051021068521,0.030631607481702357,0.024765955099249018,0.036870760597933046,0.037137435619409055,0.029724498652219013,0.04415116953109087,-0.009480562681500552,-0.013495982379784839,-0.0056541320596637116,5580,0.14265232974910394,0.37706093189964157,0.13405017921146953,0.0062724014336917565,0.3399641577060932,0.2530465949820789
NEG_REGION1,sam_score,3689,0.16237462727026294,0.14351287214366684,0.18161823140867156,0.837625372729737,0.8183817685913285,0.8564871278563332,0.04770940634318244,0.03800762696438961,0.057776921276050115,0.05909460558416915,0.047682554112271264,0.07080305766920487,0.0628896719978314,0.052617447853471784,0.0739753014918123,0.07861208999728923,0.0668992329563704,0.09086067533416296,0.009758742206560044,0.006346098226404438,0.01336996357723601,0.009487666034155597,0.006068477570788514,0.013251197522083702,-0.00444111268227174,-0.007074233255066224,-0.0016951369615115137,599,0.2938230383973289,0.3639398998330551,0.11352253756260434,0.00667779632721202,0.22203672787979967,0.2938230383973289
NEG_REGION1,smart,3689,0.16237462727026294,0.14351287214366684,0.18161823140867156,0.837625372729737,0.8183817685913285,0.8564871278563332,0.04770940634318244,0.03800762696438961,0.057776921276050115,0.05909460558416915,0.047682554112271264,0.07080305766920487,0.06505828137706696,0.055326432149907616,0.07467621934417194,0.074817023583627,0.06295843921316949,0.0868739722257062,0.005963675792897805,0.003269665771256595,0.009036702671239443,0.007319056654920032,0.00430908247952701,0.010572689123523564,-0.002604469570524189,-0.005003808603031034,-0.00021688139690816715,599,0.2938230383973289,0.3639398998330551,0.11352253756260434,0.00667779632721202,0.22203672787979967,0.2938230383973289
NEG_REGION1,final,3689,0.16237462727026294,0.14351287214366684,0.18161823140867156,0.837625372729737,0.8183817685913285,0.8564871278563332,0.04770940634318244,0.03800762696438961,0.057776921276050115,0.05909460558416915,0.047682554112271264,0.07080305766920487,0.062076443480618054,0.052515270443841876,0.07165269507501393,0.07535917592843588,0.06360716645392112,0.08723805242932155,0.006776904310111141,0.003923711861426185,0.010101079059298612,0.009487666034155597,0.006058189735038683,0.013245257027803103,-0.0024899891702998412,-0.004754384149925794,-0.00021998798013358973,599,0.2938230383973289,0.3639398998330551,0.11352253756260434,0.00667779632721202,0.22203672787979967,0.2938230383973289
NEG_REGION2,sam_score,3689,0.13255624830577392,0.11597276887913463,0.15064928140285566,0.867443751694226,0.8493507185971443,0.8840272311208655,0.059636757928978046,0.04901075765020677,0.07108910543130988,0.07373271889400922,0.06054709542861685,0.08739744228294974,0.04743833017077799,0.03836257124725363,0.057151195404455596,0.06993765248034697,0.05913525857003174,0.08173270990312162,0.009216589861751152,0.00598611003336696,0.012636988489535511,0.01057197072377338,0.006907882910413955,0.014626317918347256,-0.006018015437361565,-0.0087041064065431,-0.003406701854314627,978,0.29754601226993865,0.40081799591002043,0.09815950920245399,0.006134969325153374,0.19734151329243355,0.4498977505112474
NEG_REGION2,smart,3689,0.13255624830577392,0.11597276887913463,0.15064928140285566,0.867443751694226,0.8493507185971443,0.8840272311208655,0.059636757928978046,0.04901075765020677,0.07108910543130988,0.07373271889400922,0.06054709542861685,0.08739744228294974,0.05096232041203578,0.04225267964665315,0.060134378416339056,0.06343182434264028,0.052837414327228494,0.07432808753584426,0.00813228517213337,0.005012287528158918,0.011345525594017703,0.01002981837896449,0.006174207111360481,0.014646373574993795,-0.004247077338155223,-0.006766777640564133,-0.0017251470419673794,978,0.29754601226993865,0.40081799591002043,0.09815950920245399,0.006134969325153374,0.19734151329243355,0.4498977505112474
NEG_REGION2,final,3689,0.13255624830577392,0.11597276887913463,0.15064928140285566,0.867443751694226,0.8493507185971443,0.8840272311208655,0.059636757928978046,0.04901075765020677,0.07108910543130988,0.07373271889400922,0.06054709542861685,0.08739744228294974,0.048251558687991324,0.039826545727483835,0.05712736180811653,0.06316074817023584,0.052179388748316534,0.0741465053438583,0.007590132827324478,0.004595743604101682,0.010723398832686509,0.011385199240986717,0.007128130429834294,0.01602480148229653,-0.00407024836511874,-0.006406031219994835,-0.001699615563287284,978,0.29754601226993865,0.40081799591002043,0.09815950920245399,0.006134969325153374,0.19734151329243355,0.4498977505112474
