method,reference,metric,difference,ci_low,ci_high
NEG_LOW1/sam_score,POS3/sam_score,iou,-0.006708317028043452,-0.01157832085085887,-0.00216453590433894
NEG_LOW1/sam_score,POS3/sam_score,correct_instance,-0.00623475196530225,-0.015741777887184435,0.0030331665326303854
NEG_LOW1/sam_score,POS3/sam_score,p_at_05,-0.008945513689346707,-0.018548764336422163,0.0002667389640177281
NEG_LOW1/sam_score,POS3/sam_score,harm,0.0002710761724044456,-0.012297995964717041,0.012656643375077969
NEG_LOW1/smart,POS3/smart,iou,-0.002249109190791865,-0.005713784680805459,0.0012849711258275172
NEG_LOW1/smart,POS3/smart,correct_instance,-0.00623475196530225,-0.014611327053228462,0.0018882858210817024
NEG_LOW1/smart,POS3/smart,p_at_05,-0.0010843046896177825,-0.009649980653384885,0.007606384694861282
NEG_LOW1/smart,POS3/smart,harm,0.0005421523448088912,-0.00928962223474626,0.010331949462613487
NEG_LOW1/final,POS3/final,iou,-0.0014209056245317005,-0.004611669737931158,0.002014737891409568
NEG_LOW1/final,POS3/final,correct_instance,-0.001626457034426674,-0.010109583114698199,0.006935462497325394
NEG_LOW1/final,POS3/final,p_at_05,0.0002710761724044456,-0.008093674440639189,0.008555378087563112
NEG_LOW1/final,POS3/final,harm,0.007319056654920032,-0.0027250377947111992,0.017699295844251645
NEG_LOW2/sam_score,POS3/sam_score,iou,-0.008443169749163816,-0.013888468736542155,-0.0032721792738599617
NEG_LOW2/sam_score,POS3/sam_score,correct_instance,0.0005421523448088912,-0.010263693576494053,0.010758834176451479
NEG_LOW2/sam_score,POS3/sam_score,p_at_05,-0.017891027378693414,-0.029311825580772673,-0.007342941514158235
NEG_LOW2/sam_score,POS3/sam_score,harm,-0.004879371103280022,-0.01855700496449396,0.00907719782045318
NEG_LOW2/smart,POS3/smart,iou,-0.009146799098858604,-0.01316057372634123,-0.004807101226629348
NEG_LOW2/smart,POS3/smart,correct_instance,-0.005150447275684467,-0.014948924055994678,0.004299520110911832
NEG_LOW2/smart,POS3/smart,p_at_05,-0.017891027378693414,-0.027536710788553378,-0.008111105716520094
NEG_LOW2/smart,POS3/smart,harm,0.006776904310111141,-0.004623744333654382,0.018642532686370276
NEG_LOW2/final,POS3/final,iou,-0.00923282778968224,-0.01314035775454259,-0.005011933288272516
NEG_LOW2/final,POS3/final,correct_instance,-0.0029818378964489023,-0.012810204647269485,0.006419000419973554
NEG_LOW2/final,POS3/final,p_at_05,-0.01680672268907563,-0.02633085418326497,-0.00737973401833466
NEG_LOW2/final,POS3/final,harm,0.013011656275413392,0.0013444158181000285,0.02508286307611449
NEG_CONTRAST1/sam_score,POS3/sam_score,iou,-0.008924060414062645,-0.012665712909416154,-0.005143180610373594
NEG_CONTRAST1/sam_score,POS3/sam_score,correct_instance,-0.0018975332068311196,-0.010504390552901659,0.00720072142180881
NEG_CONTRAST1/sam_score,POS3/sam_score,p_at_05,-0.012740580103008945,-0.020715797047198167,-0.0051726722932128825
NEG_CONTRAST1/sam_score,POS3/sam_score,harm,0.006776904310111141,-0.00271922190562768,0.016348165555726414
NEG_CONTRAST1/smart,POS3/smart,iou,-0.006929453359401754,-0.010261000631032031,-0.0038219962019536246
NEG_CONTRAST1/smart,POS3/smart,correct_instance,-0.0056925996204933585,-0.013351715160358196,0.0016589137016106608
NEG_CONTRAST1/smart,POS3/smart,p_at_05,-0.009216589861751152,-0.017352528674264043,-0.0016502812019718873
NEG_CONTRAST1/smart,POS3/smart,harm,0.009487666034155597,0.0011017249834462154,0.018257345092950746
NEG_CONTRAST1/final,POS3/final,iou,-0.006391672354296531,-0.009603064167717995,-0.003337069827497219
NEG_CONTRAST1/final,POS3/final,correct_instance,-0.0056925996204933585,-0.01362890738251999,0.0016339009853370775
NEG_CONTRAST1/final,POS3/final,p_at_05,-0.00813228517213337,-0.01603741218075482,-0.0005325727292830425
NEG_CONTRAST1/final,POS3/final,harm,0.01436703713743562,0.005297857767619101,0.02392606079551912
NEG_CONTRAST2/sam_score,POS3/sam_score,iou,-0.01301459859614794,-0.01753525606374506,-0.008702504957537802
NEG_CONTRAST2/sam_score,POS3/sam_score,correct_instance,-0.006505828137706696,-0.015928543410774525,0.002710082226941065
NEG_CONTRAST2/sam_score,POS3/sam_score,p_at_05,-0.02114394144754676,-0.02997304204449357,-0.012754150392780723
NEG_CONTRAST2/sam_score,POS3/sam_score,harm,0.007319056654920032,-0.0037737887730242706,0.018676448139940315
NEG_CONTRAST2/smart,POS3/smart,iou,-0.009535777128003903,-0.013696758927367395,-0.005489240857260868
NEG_CONTRAST2/smart,POS3/smart,correct_instance,-0.005421523448088913,-0.014266967890790233,0.00274102569537707
NEG_CONTRAST2/smart,POS3/smart,p_at_05,-0.015451341827053402,-0.024240044555687547,-0.006875808385836902
NEG_CONTRAST2/smart,POS3/smart,harm,0.005421523448088913,-0.004083106043382431,0.01490444564062968
NEG_CONTRAST2/final,POS3/final,iou,-0.009480562681500555,-0.013495982379784843,-0.005654132059663713
NEG_CONTRAST2/final,POS3/final,correct_instance,-0.006505828137706696,-0.015442005260050453,0.001903042623433017
NEG_CONTRAST2/final,POS3/final,p_at_05,-0.014909189482244511,-0.023688865610895008,-0.006475941215340474
NEG_CONTRAST2/final,POS3/final,harm,0.00623475196530225,-0.00453657403943794,0.01738296808035031
NEG_REGION1/sam_score,POS3/sam_score,iou,-0.004441112682271741,-0.007074233255066227,-0.0016951369615115148
NEG_REGION1/sam_score,POS3/sam_score,correct_instance,0.0002710761724044456,-0.004547527411330842,0.004816916260597528
NEG_REGION1/sam_score,POS3/sam_score,p_at_05,-0.003252914068853348,-0.007627555700723645,0.0016028334229631607
NEG_REGION1/sam_score,POS3/sam_score,harm,0.010300894551368935,0.004534529107006201,0.016277665988285978
NEG_REGION1/smart,POS3/smart,iou,-0.00260446957052419,-0.005003808603031034,-0.00021688139690816723
NEG_REGION1/smart,POS3/smart,correct_instance,-0.0013553808620222283,-0.004841377675069817,0.002138239181367083
NEG_REGION1/smart,POS3/smart,p_at_05,-0.0029818378964489023,-0.007205975657329416,0.0010885992502667632
NEG_REGION1/smart,POS3/smart,harm,0.004066142586066685,-0.0010886067460938373,0.0090598937631188
NEG_REGION1/final,POS3/final,iou,-0.0024899891702998417,-0.004754384149925795,-0.00021998798013358998
NEG_REGION1/final,POS3/final,correct_instance,-0.0027107617240444567,-0.006558459124600985,0.0010770786156170508
NEG_REGION1/final,POS3/final,p_at_05,-0.002168609379235565,-0.0061746286102103915,0.0019035338895515479
NEG_REGION1/final,POS3/final,harm,0.006776904310111141,0.0010939801400413794,0.012468494232513465
NEG_REGION2/sam_score,POS3/sam_score,iou,-0.006018015437361567,-0.008704106406543103,-0.0034067018543146293
NEG_REGION2/sam_score,POS3/sam_score,correct_instance,-0.0013553808620222283,-0.005939371585352256,0.003229066722881451
NEG_REGION2/sam_score,POS3/sam_score,p_at_05,-0.007590132827324478,-0.01214607716264452,-0.0031947395585744287
NEG_REGION2/sam_score,POS3/sam_score,harm,0.013011656275413392,0.0070434960335001694,0.019331406050344373
NEG_REGION2/smart,POS3/smart,iou,-0.004247077338155224,-0.006766777640564133,-0.0017251470419673803
NEG_REGION2/smart,POS3/smart,correct_instance,-0.0018975332068311196,-0.006462521624809954,0.002629811525350664
NEG_REGION2/smart,POS3/smart,p_at_05,-0.007861208999728924,-0.012751934320509778,-0.003243166644240381
NEG_REGION2/smart,POS3/smart,harm,0.01002981837896449,0.004527694482845204,0.015400912119894375
NEG_REGION2/final,POS3/final,iou,-0.004070248365118741,-0.006406031219994837,-0.0016996155632872851
NEG_REGION2/final,POS3/final,correct_instance,-0.003795066413662239,-0.0085577518067596,0.0010436852315842606
NEG_REGION2/final,POS3/final,p_at_05,-0.007319056654920032,-0.011828482919848176,-0.0029589601980575153
NEG_REGION2/final,POS3/final,harm,0.010843046896177827,0.004964436708788855,0.016690596768817206
