method,expressions,iou,iou_ci_low,iou_ci_high,correct_instance,correct_instance_ci_low,correct_instance_ci_high,wrong_instance,wrong_instance_ci_low,wrong_instance_ci_high,p_at_05,p_at_05_ci_low,p_at_05_ci_high,harm,harm_ci_low,harm_ci_high,improved,improved_ci_low,improved_ci_high,dice,dice_ci_low,dice_ci_high,precision,precision_ci_low,precision_ci_high,recall,recall_ci_low,recall_ci_high,pacc,pacc_ci_low,pacc_ci_high,unchanged,median_delta,mean_positive_delta,mean_negative_delta,worst_decile_delta
CLIP,3689,0.19481884411701922,0.18751195979333465,0.20283761761903346,0.5069124423963134,0.48742716878976516,0.5275127938095268,0.49146110056925996,0.4705869974252327,0.5112263372401471,0.03469775006776904,0.026739321472004265,0.04334058729913203,0.0,0.0,0.0,0.0,0.0,0.0,0.30563416704215934,0.29572895803064964,0.31641517624608784,0.24095446512551744,0.23076220747486736,0.25249468123691443,0.5630639285524048,0.5474055779019417,0.5793830538311849,0.7586329462198749,0.7533939744042506,0.7637720829896852,1.0,0.0,0.0,0.0,0.0
POS3/sam_score,3689,0.2820662976318837,0.26813438872289896,0.29653530052760546,0.511520737327189,0.49031692524046233,0.5349758548437958,0.47357007319056654,0.4505159120400038,0.49572237042130424,0.224451070750881,0.20567575595556348,0.24376517602362896,0.45459474112225534,0.4308130310221218,0.4766862487663501,0.5248034697750068,0.5018716568736259,0.5493151618080699,0.36626404575672405,0.349794651391806,0.38344134589067314,0.3754261956542597,0.35743903044823105,0.39374807235465137,0.4644265121833202,0.44335326708547773,0.4866994194347983,0.8327326221399154,0.8231006662831866,0.8414528377875301,0.02060178910273787,0.0145359925952252,0.26535657529373613,-0.1144153093335351,-0.2611112131191052
POS3/smart,3689,0.2954767022775098,0.28190446261803453,0.3110766530233455,0.5153158037408512,0.49444436198420855,0.5383995125073037,0.47167253998373543,0.44882588252799166,0.49297022070410657,0.23719165085388993,0.21869234726781303,0.2579709883103082,0.4017348875033884,0.37901180203059986,0.42449413132919944,0.5771211710490648,0.553870517679397,0.6005672140697385,0.3842152265837941,0.3685234851178209,0.4012852996198969,0.37629052211989183,0.35911118740070236,0.39450331785701076,0.5050896478968812,0.4831025044104057,0.5274900727804293,0.8367455030302066,0.8277026408963094,0.8449701442552782,0.02114394144754676,0.0450438169532906,0.24475565910706756,-0.10105125471315607,-0.2220293525261841
POS3/final,3689,0.29500899738695374,0.28195414337803926,0.30973736453510686,0.5139604228788289,0.4926655228389733,0.535602569741807,0.4757386825698021,0.4532004711397184,0.4968858694865373,0.22960151802656548,0.2109649046371748,0.25041671999561177,0.3288153971265926,0.3080227130360095,0.35025289257112513,0.5351043643263758,0.510761692006762,0.5617434224821612,0.387196323574093,0.3718683098370947,0.4037562570281453,0.3765252974975219,0.35960470857252064,0.3946264333450672,0.5199402350230035,0.5006686729915122,0.5406461863829801,0.837239822795678,0.8290896002120006,0.8450559151273733,0.13608023854703172,0.0241352200501121,0.24851509883346315,-0.09972574582396349,-0.2069799142384775
NEG_LOW1/sam_score,3689,0.27535798060384015,0.26183884159732307,0.28983795168355336,0.5052859853618867,0.48391833536900997,0.5281511316259678,0.4841420439143399,0.4614425756050155,0.505968024844006,0.2155055570615343,0.1961631422966112,0.23500957017549068,0.4548658172946598,0.43059515807251353,0.47785023230686113,0.523719165085389,0.5,0.548335325067767,0.3614305161430893,0.3456236814632582,0.37802001604490887,0.3657278850198851,0.3482808918183732,0.383837084284633,0.46865620188981627,0.4476439837600114,0.4911447092551059,0.8287958422456732,0.8193334554618255,0.8375638235977975,0.021415017619951206,0.0125557407121556,0.24996886123823256,-0.11074550978091939,-0.2534774956932328
NEG_LOW1/smart,3689,0.29322759308671786,0.2797751800955044,0.30787151687003816,0.509081051775549,0.4874247987842736,0.5315249430859481,0.4798048251558688,0.4572438295493636,0.5010839286275285,0.23610734616427215,0.21635068671357036,0.25688136753003193,0.40227703984819735,0.37851486942225493,0.4257607270441667,0.5763079425318515,0.5527103361140407,0.6010454144435283,0.38320926054689924,0.36778276340694677,0.4002557108692026,0.37593580312302227,0.3587024768363319,0.3942067213155904,0.4996027598954392,0.478151862928934,0.5220578387848446,0.838915682968563,0.8301942525756114,0.846913517061982,0.021415017619951206,0.0442164503443467,0.24022362909224426,-0.09951857176610034,-0.22073196750525054
NEG_LOW1/final,3689,0.29358809176242207,0.2807529735724973,0.3080244310162907,0.5123339658444023,0.4909488231743768,0.5350649461289503,0.478720520466251,0.45648069336153374,0.4995945286583948,0.2298725941989699,0.21052631578947367,0.25055016172348943,0.33613445378151263,0.3150308246485344,0.3567802791784188,0.5429655733261046,0.5184785822011173,0.5687429378531074,0.38681400378331715,0.3720787361766792,0.4033923021961546,0.3766559977638751,0.3598610409128854,0.39464486229864004,0.5150202481444168,0.4959894419410628,0.5360061616068759,0.8379595618078536,0.8299588348982101,0.8457188467617466,0.12089997289238276,0.026110027362722,0.24293255681111747,-0.098575932845788,-0.20675167461581584
NEG_LOW2/sam_score,3689,0.27362312788271986,0.2605600575422416,0.28782915481598403,0.5120628896719979,0.48995499148022675,0.5347487347228208,0.47763621577663323,0.4553659423478676,0.4994776643928257,0.20656004337218759,0.18773335634737448,0.2258974612899871,0.4497153700189753,0.42721147804732873,0.47251085352318534,0.529140688533478,0.5060185446483754,0.5521309222586975,0.36193131264904166,0.34661487326884327,0.3781143573894633,0.3649832630075256,0.3474549493901586,0.3823139850117033,0.46665814655147003,0.4461428320055643,0.4879340927280942,0.831938754894979,0.8231235479728883,0.8400759228124981,0.02114394144754676,0.011949201580902,0.24181595162943562,-0.10929218491198844,-0.24823487290614352
NEG_LOW2/smart,3689,0.28632990317865115,0.27296279749457103,0.300647499398146,0.5101653564651667,0.4890228574781079,0.5324751322313117,0.4781783681214421,0.4560212135801929,0.49947643979057593,0.21930062347519652,0.19977853743654128,0.23945332248543102,0.4085117918134996,0.38492520400192004,0.43154817703821374,0.5698021143941447,0.5463718941708293,0.5944650814604161,0.3776625538767528,0.36227583313484346,0.394376986183711,0.37329449202622267,0.35609067867710786,0.3909149137359104,0.48791836365116154,0.4674968061743658,0.5094518118746273,0.8392679836062904,0.8309268721327654,0.8469261446643008,0.021686093792355653,0.0404944322268603,0.23287688955950833,-0.10081149633425766,-0.22531035441438388
NEG_LOW2/final,3689,0.2857761695972716,0.27301189840203266,0.2996355658444453,0.51097858498238,0.4895278730697286,0.5328773577278896,0.4792626728110599,0.4572649209543888,0.5000032274722437,0.21279479533748982,0.1940325407982317,0.23305214734279409,0.341827053402006,0.32090800886108745,0.3626739685851263,0.5283274600162645,0.5026195992285241,0.5547538808440345,0.3800948201337718,0.36564184331871924,0.39610907210821394,0.37293963801597585,0.3561847296963273,0.3904490399624882,0.5038420382574259,0.48483432965465334,0.5239384247760055,0.8374227026187517,0.8296626545172723,0.8449838316419577,0.12984548658172945,0.0173696596750704,0.23671978303069532,-0.09978214387801304,-0.2125720944821997
NEG_CONTRAST1/sam_score,3689,0.273142237217821,0.25975807674396034,0.2877153559044247,0.5096232041203578,0.4891890430181398,0.5323615107780952,0.4792626728110599,0.4565818211162662,0.5005432397377922,0.21171049064787206,0.1935210047255777,0.23151533054623022,0.4613716454323665,0.4385957662751921,0.4841192194313968,0.5185687178097045,0.49515287196833546,0.5422919288081144,0.3582520454229792,0.34259388400948176,0.37473819346371323,0.37202866099080834,0.35490870692950427,0.3905156577064135,0.44762116863850315,0.4275947446485408,0.4685718770267383,0.8350963617045679,0.8262546935533145,0.843365684641979,0.02005963675792898,0.008194312373912,0.2537164887515241,-0.11540813503690235,-0.262209724093702
NEG_CONTRAST1/smart,3689,0.288547248918108,0.275671589846161,0.3030406122185424,0.5096232041203578,0.4881723146640171,0.5321114330167928,0.4792626728110599,0.4562726440578152,0.5005321021978959,0.2279750609921388,0.20887455620824769,0.24823748914232113,0.41122255353754406,0.38876192253953235,0.43415270253952837,0.5684467335321225,0.5446591697589526,0.5919634205159211,0.377330326534744,0.36189307041937624,0.3936631687837438,0.37459266406975816,0.35735958225976033,0.39262538400859315,0.48849985047394734,0.4670973101237853,0.5103869588915191,0.8394086298483341,0.8309700815449454,0.8472382156163721,0.020330712930333422,0.0410079204864868,0.23818968836126678,-0.10133137190663144,-0.22423111963640463
NEG_CONTRAST1/final,3689,0.2886173250326573,0.27556897305661027,0.3027333058747422,0.5082678232583356,0.4883565593212512,0.53021993766283,0.48251558687991325,0.45967360946646546,0.5033399676730632,0.2214692328544321,0.2024135998318537,0.24167753463857433,0.34318243426402817,0.3214363770680189,0.36430808715078394,0.531038221740309,0.5053598122258417,0.5568079307836951,0.3806379409948432,0.36564968595692027,0.3965383080475991,0.37500428318104695,0.3579222929963908,0.3927496754706237,0.5044144452237626,0.4838529126151647,0.5247277710902163,0.8387194863910973,0.8308164658702554,0.8466071584315336,0.1257793439956628,0.018702056435401,0.24151742897461279,-0.10040288093481659,-0.20995059326880228
NEG_CONTRAST2/sam_score,3689,0.26905169903573567,0.25589550938102024,0.2832050852568594,0.5050149091894822,0.4843093995187371,0.5274014136623824,0.48441312008674436,0.46112598880956973,0.5051707928394512,0.20330712930333425,0.1854614443556273,0.22283674327865544,0.4619137977771754,0.4383441413859665,0.4837940228331149,0.5169422607752778,0.49382343179680577,0.541452771025389,0.3557596340574544,0.34064436337043724,0.37212893682564285,0.36839458641687023,0.35155281941217614,0.3862382126929193,0.44842777496229924,0.42821119221877413,0.4699520027537129,0.8344126706028825,0.8257921868861188,0.8424284510834408,0.02114394144754676,0.0084834662695038,0.24522640991645972,-0.11373342835419223,-0.2605461279691024
NEG_CONTRAST2/smart,3689,0.28594092514950586,0.27299806976104396,0.300228631694445,0.5098942802927623,0.488394142974408,0.5330187240421328,0.4789915966386555,0.45565645123266396,0.5008899187594725,0.22174030902683653,0.20323962672639045,0.24195352042530027,0.40715641095147737,0.3843421374660519,0.4294187313421932,0.5716996476009759,0.5485828363158026,0.5955592156686903,0.37665900165700783,0.36161348479941663,0.393234610031238,0.37299112774172744,0.3561944982009799,0.3910967454643769,0.4884459277178842,0.4682435879291133,0.5104278762533281,0.8395026812946146,0.8315635739222218,0.8470988088749087,0.02114394144754676,0.0410079204864868,0.23124544986029155,-0.10089700188183204,-0.22413921601513243
NEG_CONTRAST2/final,3689,0.28552843470545325,0.27272529865141165,0.2996825147402726,0.5074545947411222,0.4859073550404009,0.5297329910413857,0.48305773922472217,0.4598811157291378,0.5046835940187085,0.21469232854432097,0.19647428651181467,0.23460265364105864,0.33505014909189484,0.31467306294401903,0.35627662311672714,0.5326646787747357,0.5068156287228709,0.558805573134282,0.37954851594399963,0.3647061100281307,0.3953557914372965,0.3726811499246147,0.355967913484671,0.3906128484431191,0.5049582366607821,0.48574525033970006,0.5255165293107968,0.8375574244604705,0.8297654126024827,0.8453766364418119,0.1322851721333695,0.018556822221038,0.23348299737105552,-0.10045826064190214,-0.20917519144794974
NEG_REGION1/sam_score,3689,0.2776251849496119,0.2636060180111006,0.2922836325426502,0.5117918134995934,0.49087046382771726,0.534898294139558,0.47465437788018433,0.4510532356236724,0.49649828446695116,0.22119815668202766,0.20229197586346206,0.24085461179856496,0.4648956356736243,0.44059635342630044,0.487319707118268,0.5150447275684468,0.4923073690109275,0.5400167204905325,0.36148410330183606,0.345192753966491,0.37853179801407827,0.37696377609824894,0.3591844142056252,0.39549001412721896,0.45272322607524934,0.4317841961228518,0.4754067465453792,0.8346274876999332,0.8251411916987016,0.8431874411315338,0.02005963675792898,0.0079321687824942,0.2645331089059468,-0.11495062133519798,-0.2648368501608865
NEG_REGION1/smart,3689,0.2928722327069856,0.2793935521062124,0.30845623600338823,0.5139604228788289,0.49178733517319323,0.5368439625121435,0.4732989970181621,0.4500706955534595,0.494857853202065,0.23420981295744103,0.21495241786475167,0.25490011379260613,0.4058010300894551,0.3824143939491864,0.4290685998135394,0.573055028462998,0.5497004835688916,0.5971365870665887,0.38143742768926114,0.36557347380695077,0.3990011201840856,0.3780912859680931,0.36043329229127696,0.3964829399881732,0.496894863513418,0.47476080213874716,0.5201440560463713,0.8375509062819825,0.8285626837180896,0.8457734039274305,0.02114394144754676,0.0413810292425839,0.24258755549316696,-0.10094264649577095,-0.22358274020680105
NEG_REGION1/final,3689,0.29251900821665394,0.27921946355177674,0.3072840398225729,0.5112496611547845,0.48951040689465886,0.5334899646319746,0.4781783681214421,0.4551985432186551,0.49960558032381236,0.2274329086473299,0.2085948713159395,0.24816102073875845,0.3355923014367037,0.31381628865917593,0.356325185248055,0.5326646787747357,0.507777219538287,0.5593502620249682,0.3844422461729977,0.36909489539337087,0.4013242658668831,0.3783982885970749,0.3613566075204244,0.39725039671161655,0.5114597932382354,0.4914499446282401,0.5332508219182847,0.8382171278588081,0.8300658737856533,0.8459128231977531,0.1317430197885606,0.0186961383434449,0.24609902259803895,-0.09949004365233771,-0.20862762449235714
NEG_REGION2/sam_score,3689,0.27604828219452204,0.26197775169159143,0.29053588000456015,0.5101653564651667,0.48888874183871533,0.5331964586420834,0.47546760639739766,0.4526886739687718,0.49760695048539333,0.2168609379235565,0.19845740951739615,0.2372466352844994,0.46760639739766874,0.4436794719680984,0.4904820446496063,0.5123339658444023,0.4895418829311832,0.5372769270518021,0.3594240169798159,0.34285459390113737,0.37598706307673324,0.37526146252840076,0.357730849274505,0.3933461231129626,0.4505519145260776,0.4296089536162855,0.4730961496251871,0.8348620615410647,0.825535756177808,0.8432772120914819,0.02005963675792898,0.0064079757356074,0.2634173962021424,-0.1149005691328354,-0.2630810679379174
NEG_REGION2/smart,3689,0.2912296249393545,0.27748275274288436,0.3062074442302332,0.51341827053402,0.4909273295988413,0.5362447096117222,0.47411222553537546,0.451331698261799,0.49531692665171373,0.22933044185416102,0.2096858027987435,0.2505500853282682,0.4117647058823529,0.3882348193514694,0.4344726304454934,0.5670913526701002,0.5436153751714098,0.5909115980544553,0.37980711470127465,0.36380762412706397,0.39682830306522576,0.3775727036353322,0.3602683995320405,0.3956847765751478,0.49431147060628944,0.47246548260558696,0.517149384431346,0.8376351886488694,0.8287963568529161,0.8456701849453719,0.02114394144754676,0.0383066023472726,0.2435328596555282,-0.1012583093783871,-0.2246148761233454
NEG_REGION2/final,3689,0.2909387490218351,0.2776327616904365,0.30536244725485606,0.5101653564651667,0.48850031794431764,0.5326130435284654,0.48007590132827327,0.45770686813186817,0.5015969244482767,0.22228246137164542,0.20346323310255623,0.24312912878849258,0.3396584440227704,0.3185132935327359,0.3604876163033095,0.5267010029818379,0.5022331755567376,0.5523741863873443,0.3829157878625452,0.367508582406122,0.3994511874236883,0.37787832418634326,0.3605862195848008,0.3957094010508297,0.5093187553763254,0.4896243252276339,0.5305228313284746,0.8380093229853897,0.8298349192946016,0.8456566806772767,0.1336405529953917,0.0162652893717169,0.24697853551339002,-0.09999438572119018,-0.21066293151855622
