mask,variant,metric,n,mean,std,ci_low,ci_high
all_labeled,baseline,pg,12419,0.8161687736532732,0.38736209005352035,0.80924188743055,0.8232546903937515
all_labeled,baseline,epg,12419,0.5546145957889548,0.2658789064021735,0.5497785532707333,0.5592314508429579
all_labeled,baseline,pacc,12419,0.7349548165312706,0.12761024850449723,0.732773532479831,0.7371399262303685
all_labeled,baseline,ap,12419,0.7448121349411388,0.2274993882812298,0.7407352445279114,0.7487627819435507
all_labeled,baseline,iou,12419,0.46746744376071403,0.21714944700701586,0.46358476359132555,0.4712592367645219
all_labeled,full,pg,12419,0.8685079313954425,0.33795132930634986,0.8625493195909494,0.8745470649810774
all_labeled,full,epg,12419,0.619576038072867,0.2414378848051908,0.6151838729471473,0.623894268916667
all_labeled,full,pacc,12419,0.7623831940872975,0.13484134094375336,0.7601950519081867,0.7647471586276038
all_labeled,full,ap,12419,0.7714461602809708,0.20235381649231898,0.7677941288974929,0.7750848074127549
all_labeled,full,iou,12419,0.48070644006673735,0.19135776872602847,0.47725913587057867,0.4839331899894789
all_labeled,gcls,pg,12419,0.8158466865287061,0.3876247789364643,0.808839278524841,0.8227715597069007
all_labeled,gcls,epg,12419,0.5546145957966225,0.2658789064022523,0.5497785532948344,0.5592314508441785
all_labeled,gcls,pacc,12419,0.7349548069025501,0.12761026476015255,0.7327735242954185,0.7371399205734952
all_labeled,gcls,ap,12419,0.7448119915677877,0.22749971048756457,0.7407350714998794,0.7487626417031753
all_labeled,gcls,iou,12419,0.46746744477378194,0.21714946522703493,0.463584775754705,0.47125923701174866
all_labeled,literal_full,pg,12419,0.19574844995571303,0.39679172362908843,0.188741041951848,0.20291690152186165
all_labeled,literal_full,epg,12419,0.1935715576202373,0.2671251916524531,0.18852432287674967,0.19827859318784619
all_labeled,literal_full,pacc,12419,0.4915299057780696,0.17390862160699977,0.48843929079527443,0.4948151616519423
all_labeled,literal_full,ap,12419,0.33687700854063346,0.24667274769053865,0.3322927204853641,0.34132448695276696
all_labeled,literal_full,iou,12419,0.06348627445089151,0.07754564048695099,0.06207221517262499,0.06480799709691115
all_labeled,prior_only,pg,12419,0.8718093244222562,0.334315458716109,0.865931234398905,0.8777699492712778
all_labeled,prior_only,epg,12419,0.6255868455598729,0.24196616623392816,0.621147446141919,0.629875488070875
all_labeled,prior_only,pacc,12419,0.7647107899914167,0.13415140114189014,0.762560158337135,0.7670248531737681
all_labeled,prior_only,ap,12419,0.7764564987304341,0.20144757740802943,0.7728757797974444,0.7800721607265548
all_labeled,prior_only,iou,12419,0.4840147183761555,0.19233484907093504,0.4805660931894074,0.4872664486252762
target,baseline,pg,12419,0.735808036073758,0.4409197482315535,0.7283195104275707,0.7433790965456155
target,baseline,epg,12419,0.4865092124728644,0.2999899605100651,0.48089030343221395,0.4919261098359516
target,baseline,pacc,12419,0.727047233612821,0.12637338965322226,0.7249510318768703,0.7293473736941808
target,baseline,ap,12419,0.6714374887177327,0.30863570582756283,0.6661674715458381,0.6768920912304485
target,baseline,iou,12419,0.4186741333499526,0.25213145158550204,0.4142662272576349,0.42300657254401
target,full,pg,12419,0.7812223206377326,0.4134341178272518,0.7741343908527257,0.7886323375473066
target,full,epg,12419,0.546280419139424,0.29374490103394457,0.5409664609816168,0.5514418151393654
target,full,pacc,12419,0.7602642772143023,0.127640232258219,0.7582053367046261,0.7625971721060619
target,full,ap,12419,0.6950104656048129,0.29860830670405397,0.6900711245165354,0.7001849409076704
target,full,iou,12419,0.43268411080264024,0.23498464743043135,0.42858264867024864,0.43670207225404656
target,gcls,pg,12419,0.7356469925114744,0.4410058449634525,0.7281564538207586,0.743218052983332
target,gcls,epg,12419,0.4865092124787597,0.2999899605053472,0.4808903034282795,0.4919261098586086
target,gcls,pacc,12419,0.7270472239841003,0.12637340269772684,0.7249510003428102,0.729347345409814
target,gcls,ap,12419,0.6714376085524535,0.3086357102533669,0.6661675818626231,0.6768918720052626
target,gcls,iou,12419,0.4186741319142601,0.25213146558839855,0.4142662049696486,0.42300656947219994
target,literal_full,pg,12419,0.15774216925678397,0.3645137531647499,0.15113938320315645,0.16426443352926967
target,literal_full,epg,12419,0.15631440673682756,0.24660923547668417,0.1516937209851581,0.1607423499094422
target,literal_full,pacc,12419,0.5252959514435409,0.18219809995208727,0.5220663621651985,0.5287215620474726
target,literal_full,ap,12419,0.28695301511009763,0.247842136068496,0.2823660938561956,0.2914543300448336
target,literal_full,iou,12419,0.05062628380123389,0.06986569432334612,0.049392261014910385,0.05183812488242577
target,prior_only,pg,12419,0.7847652790079717,0.4110016274895104,0.7776793622674933,0.792253804654159
target,prior_only,epg,12419,0.5516917335336375,0.29537688698513104,0.5463176530565547,0.5569198422326148
target,prior_only,pacc,12419,0.7625279446529608,0.12698772091391655,0.7604486903939437,0.7648259957930557
target,prior_only,ap,12419,0.6996953298352924,0.2990936946016329,0.6947013406637146,0.7048643172323303
target,prior_only,iou,12419,0.4357434005792619,0.23643563433194803,0.43167418946098274,0.4397383709407064
