partition,mask,variant,pg,epg,pacc,ap,iou
additional11919,all_labeled,baseline,0.8158402550549543,0.5552671482470865,0.7350700957782509,0.7453342040932277,0.4679401431822881
additional11919,all_labeled,full,0.8686131386861314,0.6200261988744286,0.762186001193077,0.7718089897611978,0.4809153037688389
additional11919,all_labeled,gcls,0.8155046564309086,0.5552671482619247,0.7350700857456071,0.7453340729471235,0.46794014423785407
additional11919,all_labeled,literal_full,0.19590569678664319,0.19378182775319172,0.4911725856504342,0.33718685865366377,0.06350426409328341
additional11919,all_labeled,prior_only,0.8718852252705764,0.6260465115892031,0.7645226999093334,0.7768458391965404,0.48423707399646315
additional11919,target,baseline,0.7359677825320916,0.4873342528022283,0.7271486355057364,0.672204973365499,0.4192941583774233
additional11919,target,full,0.7816930950583103,0.5469492133428878,0.7601094366418905,0.695643559570725,0.4330784937290387
additional11919,target,gcls,0.7357160835640574,0.4873342528139758,0.7271486254730927,0.672205120404266,0.41929415688150384
additional11919,target,literal_full,0.15823475123751993,0.15673343714606117,0.5249006645322953,0.28748956375499796,0.05072790591518585
additional11919,target,prior_only,0.7849651816427553,0.5523618113249573,0.7623877722948746,0.7003508921353055,0.43614979422982775
prior500,all_labeled,baseline,0.824,0.5390590502920112,0.7322067898417561,0.7323670504936438,0.4561992349492318
prior500,all_labeled,full,0.866,0.6088451048852404,0.7670838782997245,0.7627970311313156,0.47572754713604004
prior500,all_labeled,gcls,0.824,0.5390590501287484,0.7322067898417561,0.7323666156471829,0.4561992349492318
prior500,all_labeled,literal_full,0.192,0.18855913819086992,0.5000477029806415,0.3294908015462168,0.06305743735555344
prior500,all_labeled,prior_only,0.87,0.6146293267527009,0.7691944813681221,0.7671754006993957,0.4787142050992614
prior500,target,baseline,0.732,0.4668419011014875,0.7246300152895027,0.6531421896842843,0.40389397674510624
prior500,target,full,0.77,0.5303377029172556,0.7639553667794562,0.6799187716454013,0.42328281060315204
prior500,target,gcls,0.734,0.4668419009678778,0.7246300152895027,0.6531416610289426,0.40389397674510624
prior500,target,literal_full,0.146,0.14632555984151727,0.534718800833811,0.2741627685129636,0.048203815848847004
prior500,target,prior_only,0.78,0.5357184191441567,0.7658693733250171,0.6840680357275783,0.42605578873707317
