cohort,split,ambiguity,method,expressions,images,instances,iou,iou_ci_low,iou_ci_high,dice,dice_ci_low,dice_ci_high,precision,precision_ci_low,precision_ci_high,recall,recall_ci_low,recall_ci_high,pacc,pacc_ci_low,pacc_ci_high,p_at_05,p_at_05_ci_low,p_at_05_ci_high,p_at_07,p_at_07_ci_low,p_at_07_ci_high,correct_instance,correct_instance_ci_low,correct_instance_ci_high,wrong_instance,wrong_instance_ci_low,wrong_instance_ci_high,instance_tie,instance_tie_ci_low,instance_tie_ci_high,delta_iou,delta_iou_ci_low,delta_iou_ci_high,improved,improved_ci_low,improved_ci_high,worsened,worsened_ci_low,worsened_ci_high,unchanged,median_delta,mean_positive_delta,mean_negative_delta,worst_decile_delta
standard,test,multiple,clip_baseline,9602,2600,5023,0.21731608978440917,0.21335150629485075,0.2212246517473763,0.3343270716390464,0.3292772095284525,0.33937804808965133,0.26704188030840426,0.2616494635389794,0.27274219733901595,0.6401296161878874,0.6324441338676015,0.648355976385914,0.7738284783439153,0.7712820627179527,0.7762720878060942,0.050718600291605916,0.04498370099680972,0.056273763945964055,0.0014580295771714226,0.0007306641803663815,0.0022881212855173937,0.641220579046032,0.6305549367878932,0.6519128765922096,0.35742553634659446,0.34690799340871864,0.3682908679684938,0.0013538846073734639,0.0005227842511497313,0.0023090446948457197,0.0,0.0,0.0,0.0,0.0,0.0,0.0,0.0,0.0,1.0,0.0,0.0,0.0,0.0
standard,test,multiple,sam_score,9602,2600,5023,0.31826855025976475,0.31035500996285437,0.3253561983546805,0.40366528279225056,0.3951039397081171,0.4115651954533444,0.4187958731000875,0.4098322397988521,0.427622290720831,0.4976632100932819,0.48739632991300524,0.5078822753857742,0.8394401332673086,0.8347084786030606,0.8443089036793251,0.2860862320349927,0.2751995774662992,0.2963752173736115,0.16382003749218912,0.15445867053574344,0.17239629773441711,0.6244532389085607,0.6133506473592408,0.6344164972570153,0.34274109560508226,0.33225760358908524,0.353799825837595,0.03280566548635701,0.028469247238857815,0.036980276121099845,0.10095246047535555,0.09436399842971957,0.10709685586363898,0.5500937304728182,0.5376013347829847,0.5621168209170174,0.43699229327223493,0.4247213938584025,0.4491970461219021,0.012913976254946885,0.038284688024025154,0.28870479410747046,-0.13241019947361654,-0.2973814798403624
standard,test,multiple,smart,9602,2600,5023,0.3450697149160176,0.3375642952888961,0.35250447990691547,0.4357631514308837,0.42738957186247895,0.4437696578463055,0.4209661084270856,0.412106017246299,0.42958165005102666,0.5603728160281624,0.5496777972563165,0.570621955908934,0.848388330423671,0.8440783822564681,0.8526867258646366,0.31472609872943136,0.3041261033861778,0.3260315711961886,0.18287856696521557,0.17293227096403427,0.19300288855014344,0.628723182670277,0.6178529821571923,0.6389653953561312,0.34284524057488025,0.332735076693435,0.3536563070532957,0.02843157675484274,0.024590100953778924,0.03254076311845086,0.12775362513160843,0.12194592011525225,0.13377454325600682,0.6230993543011872,0.6113273063661503,0.6347093815996362,0.3640908144136638,0.3523008482894111,0.37584124671226204,0.012809831285148928,0.08315952118652059,0.27036043349610867,-0.11180668337915162,-0.2412501714401934
standard,test,multiple,frozen_final,9602,2600,5023,0.3471539638655158,0.33961667370847726,0.3543666451310659,0.44204019890871343,0.43372723529445245,0.44991517997695885,0.4240984081820526,0.41557668601135134,0.43248380421870763,0.5830705782441973,0.5729381765926924,0.5927699939152673,0.853770264973264,0.8500249554017735,0.857574084992928,0.3079566756925641,0.29745494785841964,0.3193182976028275,0.17860862320349927,0.16850075461019315,0.18843747299067404,0.6343470110393667,0.6229181949440098,0.644798937575461,0.34180379087690066,0.3313868095405687,0.3528338951783893,0.023849198083732554,0.020273030660318117,0.02756494270755827,0.12983787408110659,0.12440639907088134,0.13552620645691776,0.60102062070402,0.5886044360029796,0.6131993676443824,0.3012913976254947,0.29004781954639247,0.3123965096345571,0.09768798167048531,0.07290283017682375,0.2708847974215757,-0.10942720324684682,-0.21998626136801222
standard,test,multiple,center_score,9602,2600,5023,0.09628426712995332,0.09003653032700402,0.10257102466180998,0.11761171142518627,0.1103986433519135,0.12485601744285933,0.20788022736125822,0.198720546663078,0.21761270449032588,0.1146353129636813,0.10706264273436951,0.12253456516860854,0.8095965577525824,0.8028775816173793,0.8164158725905238,0.08998125390543636,0.08242085382905798,0.09799689581369245,0.06686107061028952,0.060084600005913515,0.07425540872921006,0.36815246823578424,0.3572801181883286,0.37966634275606415,0.3591960008331598,0.34709091408863946,0.3715391977359273,0.27265153093105604,0.2552072055566885,0.2898553755643354,-0.12103182265445585,-0.12722728192412283,-0.11460548163973457,0.133826286190377,0.12459657280153841,0.143005409941342,0.8523224328264944,0.84256046675066,0.8624576061983548,0.013851280983128515,-0.1428736555008654,0.34356768884743666,-0.19594721912231686,-0.4607091363305122
strict_nonoverlap,test,multiple,clip_baseline,8894,2443,4648,0.2172051327777158,0.21279961642324366,0.22147763364403525,0.33393541705697516,0.32825888318917407,0.33950811515957435,0.2669248965339114,0.26098407423922276,0.27278824392852513,0.6413418868819544,0.6330588901047833,0.6497558367888835,0.7746838751995964,0.7722400310745298,0.7771722826470596,0.05138295480098943,0.04574324974025297,0.0573955547080161,0.0014616595457611872,0.0007722007722007722,0.002274109968814133,0.645603777827749,0.6346022265073974,0.6564089847400922,0.35293456262648976,0.3421019365566751,0.3638036815901997,0.0014616595457611872,0.0005733008610639286,0.002475261452546335,0.0,0.0,0.0,0.0,0.0,0.0,0.0,0.0,0.0,1.0,0.0,0.0,0.0,0.0
strict_nonoverlap,test,multiple,sam_score,8894,2443,4648,0.3199486401170726,0.3114668900615068,0.3281151618101213,0.4053851832864511,0.3960223537838677,0.41456828173767507,0.4203789440022163,0.4105183215830282,0.4300360786087691,0.5000417044254393,0.4886997546754236,0.5115490179400601,0.8395250751647115,0.8344367339641426,0.8444574058415627,0.2882842365639757,0.27624237685962416,0.29983664755745054,0.1658421407690578,0.1559217178202282,0.17559781291230186,0.6296379581740499,0.6182080443261919,0.6409623008104797,0.336294130874747,0.3246238539829098,0.34750574615650054,0.03406791095120306,0.0294952687006523,0.03888518982257065,0.1027435073393568,0.09571676674509265,0.10936595930010942,0.5522824375983809,0.5383638436893612,0.5652414344428928,0.4342253204407466,0.421277938004456,0.44839413089332364,0.013492241960872498,0.0397199138583157,0.29029103799459866,-0.13260197419814318,-0.29897582965829517
strict_nonoverlap,test,multiple,smart,8894,2443,4648,0.3473243611977727,0.33926101896194133,0.35554934358832496,0.43813499490098134,0.4291772523846221,0.44708228593329374,0.42331640619289784,0.41414652511060535,0.43224599411265735,0.5628452197254618,0.5514754011813132,0.5742269780030627,0.849521554323568,0.8450710215832811,0.8536507967888325,0.3175174274791995,0.30540028178824724,0.3290259376103517,0.18585563301101865,0.17517055919224503,0.1963817935216741,0.6341353721610075,0.6226979545842416,0.6454871395705244,0.33640656622442094,0.32518868943069085,0.3478213382946703,0.02945806161457162,0.02518298587377535,0.03393258998867635,0.13011922842005688,0.12365634052089289,0.13631371476614748,0.6263773330335057,0.6130267125766938,0.6392292939709172,0.36035529570496966,0.3471082367010206,0.3733470568330948,0.013267371261524623,0.0850066332837782,0.27166419823325194,-0.11112662427128246,-0.2404857717671423
strict_nonoverlap,test,multiple,frozen_final,8894,2443,4648,0.3492267441353122,0.34138193394712046,0.3572534381904148,0.44403063707644624,0.4353273120496414,0.45256045924812904,0.42615314907296564,0.4169232160795952,0.4349042482209128,0.5848986657111584,0.5736877027085152,0.5955881504806103,0.8549892940904408,0.851184435369933,0.8587824562029572,0.31088374184843715,0.29908384941853594,0.32231907087725586,0.18169552507308298,0.17136647931442006,0.19179025101760247,0.6394198335956824,0.6280375458549572,0.6506704113739504,0.3358443894760513,0.3246149695081756,0.3470943055187531,0.024735776928266246,0.02087321466411161,0.028912217209476836,0.13202161135759632,0.1259800765797267,0.13807846641500993,0.604340004497414,0.590948736207073,0.6173193574703466,0.2994153361816955,0.28705110829905023,0.31166374579340894,0.09624465932089049,0.07533114444868,0.2723357686524226,-0.10875123736098752,-0.2188811500973915
strict_nonoverlap,test,multiple,center_score,8894,2443,4648,0.09478511363328469,0.08845112678146141,0.10155425836219642,0.1158805652672362,0.10828225195209135,0.12351862200814008,0.20637869562986969,0.1958222519887804,0.21641032226442442,0.11287765019129774,0.1050187478946284,0.12133660659817708,0.8091114778060786,0.8019903681010209,0.8159229192560721,0.08792444344501911,0.08019738097883385,0.09594823097899607,0.06521250281088374,0.05839223583154597,0.07241223679199424,0.3674387227344277,0.3562701620205261,0.37886657930293843,0.354283786822577,0.3413154515411639,0.36718261999449947,0.27827749044299527,0.261388230311107,0.29612175111288014,-0.12242001914443112,-0.1289971276728547,-0.1156142149131775,0.13121205306948505,0.12148349669994032,0.1409340518065911,0.854396222172251,0.843795674249016,0.8643362015596274,0.014391724758263998,-0.1429644139965895,0.3454849855001562,-0.19633960104609194,-0.46325829174184185
