cohort,split,family,group,method,expressions,images,instances,iou,iou_ci_low,iou_ci_high,dice,dice_ci_low,dice_ci_high,precision,precision_ci_low,precision_ci_high,recall,recall_ci_low,recall_ci_high,pacc,pacc_ci_low,pacc_ci_high,p_at_05,p_at_05_ci_low,p_at_05_ci_high,p_at_07,p_at_07_ci_low,p_at_07_ci_high,correct_instance,correct_instance_ci_low,correct_instance_ci_high,wrong_instance,wrong_instance_ci_low,wrong_instance_ci_high,instance_tie,instance_tie_ci_low,instance_tie_ci_high,delta_iou,delta_iou_ci_low,delta_iou_ci_high,improved,improved_ci_low,improved_ci_high,worsened,worsened_ci_low,worsened_ci_high,unchanged,median_delta,mean_positive_delta,mean_negative_delta,worst_decile_delta
standard,test,length_group,long,clip_baseline,6087,2382,4182,0.20981038255734558,0.2051839753207877,0.21417231943925294,0.3244861848286005,0.31863146801740455,0.33019224698111477,0.2575703277636328,0.2510377469607797,0.2639583543926333,0.6354157183787329,0.6261251241883228,0.6446692942044049,0.7693646813561437,0.7665958528482688,0.7720539268252908,0.04616395597174306,0.039927813493329224,0.05247652212273888,0.001642845408247084,0.0006636581118191008,0.002685476191321456,0.6297026449811073,0.6174054939057668,0.6428470049580864,0.36914736323311975,0.3560801590706352,0.3814686347084471,0.0011499917857729588,0.0003281876268028539,0.0021029048515889778,0.0,0.0,0.0,0.0,0.0,0.0,0.0,0.0,0.0,1.0,0.0,0.0,0.0,0.0
standard,test,length_group,long,sam_score,6087,2382,4182,0.3002848400970317,0.29207073236142,0.3085210067111572,0.38361796134104786,0.37399995767403227,0.3929076996295577,0.3984770421581306,0.38824678165751464,0.40899460035044827,0.4781542373809727,0.46657042177391445,0.4896468435968993,0.8364615727287306,0.8312078540269532,0.841974415214081,0.26499096435025465,0.25263673372280526,0.2769837689245408,0.1488417939871858,0.13872908446430954,0.15887209017460432,0.6124527681945129,0.5987111306832933,0.6257698231429688,0.3499260719566289,0.3363040765185943,0.36374632139693586,0.03762115984885822,0.032203740049664344,0.043315437030201825,0.09047445753968616,0.08335458080357261,0.09751361147508764,0.5339247576803022,0.5198453198371011,0.5478147342442053,0.4522753408904222,0.4384908861154718,0.46640847073104313,0.013799901429275506,0.0204027851958696,0.28055945223834644,-0.13116607218690746,-0.2960724997405124
standard,test,length_group,long,smart,6087,2382,4182,0.326712039478147,0.318231789863357,0.33507317643796974,0.41517779339500843,0.40536568562859304,0.4246997311148475,0.4003109635670918,0.3905633643018064,0.4106333918828083,0.5400878582406263,0.5282279107516141,0.5519217434595483,0.8449522555540291,0.8401749585249867,0.8497295937028064,0.29456218169870213,0.2817796690064193,0.30716457700323274,0.16757023164120255,0.1564457375883971,0.17887590539144305,0.6170527353376047,0.6038243450234236,0.6304956094704927,0.35009035649745357,0.3364870174713091,0.36363636363636365,0.032856908164941676,0.027891257203906932,0.038388924291741545,0.11690165692080139,0.1102014704027146,0.12368847648045961,0.6040742566124527,0.5901957282308057,0.6176475277611044,0.38229012649909644,0.3684902196887354,0.39615893225143317,0.013635616888450797,0.0685828589480334,0.264665220792692,-0.11241668722724985,-0.24477258889618805
standard,test,length_group,long,frozen_final,6087,2382,4182,0.3293222840439449,0.3210069791176176,0.3376449631363118,0.42224963725365366,0.4128071879258416,0.43154022958100785,0.40383930684367847,0.3941339463650952,0.41406922097689597,0.5645624231320581,0.5528224447282747,0.5760958549002635,0.8500494613206605,0.8457917442032513,0.8542378006306925,0.2878265155248891,0.2754556989103791,0.30040310880745313,0.16362740266140957,0.15277865030812712,0.17467986340080055,0.6224741251848201,0.6094986852866219,0.6360281772542524,0.34976178741580416,0.33654065111989556,0.363026210256455,0.02776408739937572,0.023323528622986252,0.032574620037235325,0.11951190148659936,0.11328275428658954,0.12592436079843025,0.5800887136520454,0.5661913558168749,0.5939548932201705,0.3164120256283884,0.3031593429449415,0.33014928528973037,0.10349926071956629,0.0571513082587993,0.26573629128113957,-0.10947346841369347,-0.22341656550571598
standard,test,length_group,long,center_score,6087,2382,4182,0.09307680581279475,0.08596807728502545,0.10030559278465004,0.11361583494233683,0.10559670245155241,0.12158504975245872,0.20205341666228963,0.19136389381393065,0.21280260403102616,0.11006848971593267,0.1018584803436994,0.11863384248692001,0.8109969798839847,0.8033636382266084,0.8182444830965033,0.08624938393297191,0.07764896585458775,0.09508415225088591,0.06538524724823394,0.057878180059045756,0.0733757214319486,0.3638902579267291,0.35047111726743635,0.3775792526672874,0.3643831115492032,0.3499572681491071,0.3789271754241894,0.2717266305240677,0.2542071445355408,0.2911031696660117,-0.11673357674455082,-0.12395921586731476,-0.10955766709643111,0.1309347790372926,0.12044827756076082,0.14133464502377438,0.8542796122884837,0.8432858921341833,0.8654459348041437,0.014785608674223755,-0.1375155980747519,0.3493917877975329,-0.19019664163821434,-0.45206281900704615
standard,test,length_group,medium,clip_baseline,2779,1707,2355,0.2253291440695887,0.2192677076112978,0.2312054073469226,0.3454503627259733,0.3377295073269679,0.353092022538197,0.27772596360031815,0.26988153912546625,0.28587889448994813,0.6420517352405977,0.630247020564947,0.6534926892891008,0.7779663223381785,0.7745382167799816,0.7813554676059252,0.05361640878013674,0.04441981406301144,0.06292531988681989,0.0010795250089960418,0.0,0.0024973242953977882,0.6513134220942786,0.6316158754430995,0.6704462751461441,0.3472472112270601,0.3281831048796937,0.3666675447839831,0.0014393666786613889,0.00034939077582758765,0.0029435306897009393,0.0,0.0,0.0,0.0,0.0,0.0,0.0,0.0,0.0,1.0,0.0,0.0,0.0,0.0
standard,test,length_group,medium,sam_score,2779,1707,2355,0.33629454697667943,0.3234848593068896,0.34915163925332376,0.42449460435667713,0.41065101205555726,0.4388867875966974,0.43937530137847963,0.4241140186554387,0.4543934284768978,0.5163429896562451,0.4997668953526646,0.532944565939578,0.8419985748120213,0.8348106964258657,0.8486153231663144,0.3040662108672184,0.2858163297566925,0.32258293784533554,0.1781216264843469,0.16228666052483476,0.19387556784712306,0.6351205469593378,0.6165365682043042,0.6532713351332915,0.3371716444764304,0.31940186182225794,0.3556317276446353,0.027707808564231738,0.02126775965024963,0.03458343806003904,0.11096540290709071,0.09961464273799527,0.12218369381959444,0.5631522130262684,0.5426828146592725,0.5831271214602767,0.42605253688377115,0.40614341209595467,0.4464884449568813,0.010795250089960417,0.0499523048367291,0.2979715305437842,-0.1334059042417375,-0.29890296474176364
standard,test,length_group,medium,smart,2779,1707,2355,0.3622038524997211,0.34942078721134684,0.3751700593008756,0.45580510701904736,0.4417878398686971,0.46925742232775014,0.4421950090643005,0.42756445161164397,0.4561353059791953,0.5786354261668613,0.561647487081293,0.5946186801309057,0.8494137367354676,0.8430089327961527,0.855498675505317,0.327455919395466,0.3093040455789734,0.34607988862727906,0.19611370996761424,0.1801571993944197,0.21254050091596838,0.6379992803166606,0.6191130063523502,0.6561251164601537,0.33825116948542644,0.3204157806619581,0.35672716273442223,0.02374955019791292,0.01783803068141277,0.029640418760304304,0.13687470843013236,0.12645831610312674,0.14760227507510779,0.639438646995322,0.6197173269905546,0.6576747702754377,0.34976610291471755,0.330975386644596,0.3691593191983451,0.010795250089960417,0.0939637945228174,0.2753448105246534,-0.11205032260799516,-0.24056503460030168
standard,test,length_group,medium,frozen_final,2779,1707,2355,0.3640756076677963,0.35170351163915403,0.37678430230499754,0.4615694569076432,0.4477666785439343,0.47495026575099525,0.44525337820589095,0.4310172202741204,0.4589271607392834,0.5987945720180022,0.5831379604282024,0.6136737557488867,0.8559421003705222,0.8505716885415603,0.8614925615408342,0.3213386110111551,0.3029328926567046,0.34032159723971667,0.19143576826196473,0.1753673421382771,0.20750894675989648,0.6433969053616408,0.6234777227754514,0.661200693503757,0.33681180280676504,0.3194803773906619,0.35543534372194435,0.019791291831594098,0.014678733371588724,0.025162573192563528,0.13874646359820753,0.1288801032764318,0.14924850375693766,0.6203670385030586,0.6001413625602156,0.6396308598147117,0.29039222741993526,0.27258644232349355,0.3082850719885776,0.08924073407700611,0.0822864654865553,0.2752983687602128,-0.11033205130506585,-0.22032962955410387
standard,test,length_group,medium,center_score,2779,1707,2355,0.09908385865230594,0.08960454839909766,0.10941509747919793,0.12171777275885176,0.1107900167390902,0.1336956335916602,0.21330055879810544,0.19810319641126606,0.22905197452141082,0.12045922362345514,0.10882312173141889,0.13354148888913786,0.8062047008940398,0.797338615734494,0.8147017841488579,0.09283915077365959,0.08119739111483969,0.1058575173836699,0.06657070888808925,0.05657030845000568,0.077734039499302,0.36595897804965816,0.34704254632749404,0.3848614936898519,0.3609211946743433,0.3416716999131084,0.380817139466811,0.27311982727599854,0.2501867914310914,0.294951160634591,-0.12624528541728278,-0.1354631746837448,-0.11578030111437354,0.1363799928031666,0.12187204080586192,0.15172591539281904,0.8513853904282116,0.8356702463084943,0.8661763803195816,0.012234616768621807,-0.1478086962009885,0.3367848293682527,-0.20223038821014228,-0.4651431544476765
standard,test,length_group,short,clip_baseline,736,618,680,0.24913533167655907,0.23751531904572504,0.2617523241550462,0.3737154576235765,0.3588615868039848,0.3891414821933038,0.30503409888421273,0.28873573883944714,0.32250429233816225,0.671857778031423,0.6523907477022941,0.6927680492829356,0.7951220432956928,0.7892389731491913,0.8008528324243299,0.07744565217391304,0.0575030844289775,0.1008021087881256,0.001358695652173913,0.0,0.004273504273504274,0.6983695652173914,0.6657752450388856,0.7332490891265016,0.29891304347826086,0.26344086021505375,0.3320739176460421,0.002717391304347826,0.0,0.006993006993006993,0.0,0.0,0.0,0.0,0.0,0.0,0.0,0.0,0.0,1.0,0.0,0.0,0.0,0.0
standard,test,length_group,short,sam_score,736,618,680,0.3989378422220607,0.37491967969341433,0.42258415109675046,0.4908165885611765,0.46599845875548185,0.5158689426135695,0.5091362165213369,0.4829642948087754,0.5369476531708423,0.5884784403845194,0.559408946748615,0.6166246434636127,0.8544137595520478,0.8416428807001682,0.8666823364955041,0.39266304347826086,0.35694813427187405,0.4297226568612111,0.23369565217391305,0.20383036935704515,0.2659743405613248,0.6834239130434783,0.6493120304904993,0.7174275492144152,0.30434782608695654,0.27094549906421067,0.33829600858060094,0.012228260869565218,0.005201055135193408,0.020747606349352302,0.14980251054550164,0.12852345624109413,0.16982626775958634,0.6345108695652174,0.5991442878309803,0.6704392343090908,0.35190217391304346,0.31592186235436037,0.3868967417132769,0.01358695652173913,0.12466936150374194,0.3143363113490595,-0.14108266269699452,-0.3012524942137797
standard,test,length_group,short,smart,736,618,680,0.43219933726004856,0.4093220743121711,0.4552143980162427,0.5303371728777124,0.5056998141595683,0.5546396027231982,0.5116356082802944,0.48668507741998523,0.5375545394157014,0.659180892763606,0.6315095609495133,0.6865374119859403,0.8729342320419157,0.8625129871671975,0.8831646606779542,0.43342391304347827,0.39758954406499813,0.4705150966307158,0.2595108695652174,0.22823543220354287,0.29396053474223494,0.6902173913043478,0.6564489287013849,0.7248719362322835,0.30027173913043476,0.2667497785699247,0.33425423943111543,0.009510869565217392,0.002832462195267925,0.01721911395295729,0.18306400558348954,0.16453130075053907,0.20049904253408546,0.71875,0.6864622495014547,0.7523886328725038,0.26766304347826086,0.2348717481710834,0.3004130465213942,0.01358695652173913,0.15713205746154507,0.29320364546347955,-0.10339908802402224,-0.19802565863449628
standard,test,length_group,short,frozen_final,736,618,680,0.4307357396092173,0.40797739015259504,0.45373535068276055,0.5319768032773594,0.5076399103666338,0.5559207918298678,0.5117716257777538,0.4868753061622801,0.5360152806544023,0.6767691671982573,0.65133653372374,0.7020429151329792,0.8763422775607872,0.8670467995277003,0.8854672909378738,0.42391304347826086,0.38788985509977203,0.46100368990341134,0.25407608695652173,0.22207598609591908,0.28887061278369963,0.6983695652173914,0.6652400579258103,0.7334429536086994,0.29483695652173914,0.26018263722484175,0.3282642733513316,0.006793478260869565,0.0013830304764630133,0.013192708857233497,0.18160040793265825,0.16365689193434013,0.19908532014555483,0.7010869565217391,0.667616254833195,0.7346939976059992,0.21739130434782608,0.18758594851904092,0.24689697743720732,0.08152173913043478,0.15074043313251514,0.29137002647984994,-0.10430645890728804,-0.1792664852941786
standard,test,length_group,short,center_score,736,618,680,0.11224045218012513,0.09287209191854788,0.13179440633205433,0.13515540124155617,0.11374869470330459,0.15711731252464145,0.2356039986406376,0.20634150441773047,0.26743589299846,0.13041466810707086,0.10926144475695332,0.15247658815173407,0.8108215586982943,0.7952423239190957,0.8246442246164175,0.11005434782608696,0.08664662204760734,0.13307188735177863,0.08016304347826086,0.05979609193494856,0.1006718449335899,0.4116847826086957,0.3746798760521436,0.4508705435077782,0.30978260869565216,0.2734669306816211,0.34605706242217527,0.27853260869565216,0.24197514409490506,0.3139699361718433,-0.13689487949643392,-0.15551529471486053,-0.11776098314031493,0.1480978260869565,0.12295987313844457,0.17483039348710988,0.8396739130434783,0.8122369129283452,0.865526186024532,0.012228260869565218,-0.1615866429953521,0.3245667427867397,-0.22027897455199022,-0.5058441433017329
standard,test,spatial,False,clip_baseline,6822,2431,4242,0.23195443058757192,0.22731908732798942,0.23642794798968805,0.3532886470246667,0.34752526286895224,0.3587544103161616,0.28847807187128055,0.2818149349961942,0.29494055452772994,0.6496069221341211,0.6410984645970602,0.6584131222496705,0.7782250309735989,0.7755647855994362,0.7808668796412621,0.06420404573438875,0.05713710445046222,0.07152470143519073,0.001759014951627089,0.0008689292636933829,0.0027995005235105404,0.6848431545001465,0.6721884652642546,0.6965510746112537,0.3138375842861331,0.3021874655996477,0.3262431791620711,0.0013192612137203166,0.0004349685744118472,0.00250519461590349,0.0,0.0,0.0,0.0,0.0,0.0,0.0,0.0,0.0,1.0,0.0,0.0,0.0,0.0
standard,test,spatial,False,sam_score,6822,2431,4242,0.3376236987093263,0.328456822881653,0.3466675634293366,0.4231593759697305,0.41286434530349314,0.4328436919773939,0.4535683144330068,0.4426887149407251,0.4641726397540288,0.5015346833988016,0.48967742662975744,0.512814612270464,0.8412916138537501,0.835920709688344,0.8465720472028445,0.3145705071826444,0.30153444603093826,0.3282038945525002,0.18865435356200527,0.1773256269860505,0.19988268718260102,0.6650542362943418,0.6520102771357433,0.6771296474431995,0.306948109058927,0.2948344900043776,0.3191191000268412,0.027997654646731165,0.02344052366783019,0.032774972557838226,0.10566926812175437,0.09786744401404758,0.11329396529441063,0.5508648490178834,0.5365518720273094,0.564718084799446,0.4368220463207271,0.4227892606928065,0.45137992811691796,0.012313104661389622,0.0426845758268896,0.30451581628548297,-0.1421123122396767,-0.3132952464647704
standard,test,spatial,False,smart,6822,2431,4242,0.36963004805521466,0.3602602787320108,0.3786340251820175,0.4597464872325141,0.4497673251356276,0.4690735479890345,0.45688677516362175,0.44636404427703347,0.46690664976598556,0.5658144430519788,0.554134224684045,0.5769167916788237,0.853309250755914,0.8488073114306521,0.8578072933788721,0.351363236587511,0.3382980510932157,0.365114334121445,0.21518616241571387,0.2027876278112129,0.22724015336647793,0.669744942832014,0.6567045613884382,0.6814468471960512,0.3068015244796247,0.29497658635395707,0.3191006296017856,0.023453532688361183,0.01936676029449132,0.02784745782915458,0.13767561746764276,0.13066688560601894,0.14495701041688527,0.6292875989445911,0.6157999308037433,0.6423568585743382,0.35839929639401935,0.3452197526196215,0.3717816036215924,0.012313104661389622,0.09646184147767514,0.28771849820972756,-0.12104394701435636,-0.25508621621409333
standard,test,spatial,False,frozen_final,6822,2431,4242,0.3727101287133052,0.36362329763463036,0.38153929012928156,0.46761388540270227,0.45792273677794626,0.4768813594647603,0.46132236967055285,0.4510971389668546,0.47148487517924753,0.5907765405692925,0.5792191829681256,0.6018359099538209,0.8600599293486796,0.8561661968338157,0.8640493438372868,0.3444737613603049,0.3315447645964957,0.35793426684933627,0.2106420404573439,0.19837229387379088,0.222905183756294,0.6770741717971269,0.6641673821164202,0.6890777630849294,0.3037232483142773,0.2916713537047362,0.3165088971273841,0.01920257988859572,0.015587948956217314,0.02322212578054556,0.14075569812573327,0.13376288950223958,0.14780740419547073,0.6089123424215772,0.5952875835909827,0.622619287084849,0.29272940486660803,0.28041907331365934,0.3058067425605454,0.09835825271181471,0.08698532752999985,0.2881072116831922,-0.11845868037968359,-0.23246372835185056
standard,test,spatial,False,center_score,6822,2431,4242,0.10229466521854379,0.09523201859340084,0.10969616224731733,0.1252759674373795,0.11730871906423922,0.1335062559390007,0.2303054767743351,0.21896629185902336,0.24145851017974737,0.11843215349893663,0.11022108364910885,0.12689918999044122,0.8038417896598341,0.7964373235852533,0.8112568826868152,0.093960715332747,0.0854459354344769,0.10289333169644804,0.07036059806508356,0.06260576298346003,0.07849808037268147,0.39533861037818824,0.3818047381831641,0.40855381397257684,0.34462034593960716,0.33097829571861453,0.35829211280601037,0.26004104368220465,0.24269324916538645,0.27791516685601503,-0.12965976536902812,-0.1368241350168137,-0.12207853504274681,0.13852242744063326,0.12835959190703813,0.1488834017046205,0.8491644678979772,0.8382195700945114,0.8601106040227662,0.012313104661389622,-0.15321701960698556,0.34229980825522544,-0.20852964580505742,-0.4818062817964773
standard,test,spatial,True,clip_baseline,2780,1520,2190,0.1813942333242739,0.1757940373906457,0.18754049352652044,0.2877961841280024,0.2801175608355425,0.2961491090471923,0.21443839151633878,0.20729976726277272,0.22219134046290023,0.6168727164881731,0.6032708482429513,0.6305247145433546,0.7630395279699222,0.7592393847265829,0.7669780376353585,0.01762589928057554,0.01225655864949304,0.023383811154083965,0.0007194244604316547,0.0,0.0018215102200130637,0.5341726618705036,0.5145915838887624,0.5539891281379355,0.46438848920863307,0.44489407181070034,0.48380062755541137,0.0014388489208633094,0.00035198564004854024,0.0030581039755351682,0.0,0.0,0.0,0.0,0.0,0.0,0.0,0.0,0.0,1.0,0.0,0.0,0.0,0.0
standard,test,spatial,True,sam_score,2780,1520,2190,0.2707718514385745,0.25918398178395374,0.2822347110469887,0.35582761960636267,0.34212614416117054,0.369327662706803,0.333465803037794,0.3197271149567168,0.34699370921733935,0.48816278171549227,0.46993282878121156,0.5058859353139046,0.8348966798282068,0.8272983822822785,0.841961404793209,0.21618705035971222,0.19951392391880537,0.23312806907131123,0.10287769784172662,0.09103851925625005,0.11502815740795744,0.5248201438848921,0.5044360189932182,0.5432576946174622,0.4305755395683453,0.411328383802065,0.45023236046050463,0.04460431654676259,0.03654551039181157,0.0533048557867835,0.0893776181143006,0.08004210569130145,0.09918034165672145,0.5482014388489208,0.5272057639269022,0.5702693189597252,0.437410071942446,0.4158968385358056,0.4584825736195651,0.014388489208633094,0.02515614051512205,0.24971672235880185,-0.10863364022784407,-0.24763611933195118
standard,test,spatial,True,smart,2780,1520,2190,0.28479971755069305,0.27330009469338745,0.29688415559050024,0.376909080625588,0.36347726829150834,0.39065327169864317,0.332818342788003,0.31984288221203044,0.3461465596703987,0.5470192982020915,0.5291048354331044,0.5649633757230913,0.836312604342174,0.8290678106863446,0.8431146211219797,0.22482014388489208,0.20757016941229797,0.24247143267236798,0.10359712230215827,0.09143272535928329,0.11680224195211521,0.5280575539568345,0.5086704701241852,0.5468047482347074,0.431294964028777,0.41191122720803225,0.45082075482593154,0.04064748201438849,0.03330729160003786,0.049041750178721234,0.10340548422641915,0.09479817580121833,0.11256083187931491,0.6079136690647482,0.5870011527756074,0.6288923739029652,0.37805755395683455,0.3572219289754987,0.39870623933476557,0.014028776978417265,0.05953923776100685,0.22626684070583317,-0.09031752106889891,-0.2021660919285264
standard,test,spatial,True,frozen_final,2780,1520,2190,0.28444023847284694,0.27319985047634726,0.2957329923039722,0.3792834761526014,0.36637076100719906,0.3925164284282744,0.33275241347897727,0.3202364453761412,0.34604258303983587,0.5641604793298811,0.5465851077781545,0.5808580422956433,0.8383357000922982,0.831791016490004,0.8445498824724539,0.2183453237410072,0.20121055908538257,0.23518987005380293,0.1,0.08746919967322288,0.11289911037846379,0.5294964028776978,0.5101159298692494,0.5484734726566511,0.4352517985611511,0.41640092410240875,0.45454545454545453,0.03525179856115108,0.02832853571853,0.04270469073406465,0.10304600514857301,0.09486613459886845,0.1118282224639118,0.5816546762589928,0.5605753281449201,0.6031240542667963,0.32230215827338127,0.30168451620779024,0.3427111324289836,0.0960431654676259,0.04787017384188875,0.22664119269507282,-0.08929789539609345,-0.1866198664400469
standard,test,spatial,True,center_score,2780,1520,2190,0.08153500966219647,0.07228905902210395,0.09141036537646902,0.09880395800245884,0.08811771965407203,0.1098581073345113,0.15284963329794507,0.1392940361215934,0.16780912619924226,0.105318030182562,0.09365024312051541,0.11794547264382736,0.8237185102449307,0.814465991526418,0.8326560327454497,0.0802158273381295,0.06853173100898238,0.09252543141072987,0.05827338129496403,0.04838109145493071,0.06846086353320026,0.3014388489208633,0.2832992651188916,0.31991890785801724,0.3949640287769784,0.37359909436403327,0.41661023829318056,0.3035971223021583,0.27759062229491155,0.3289403467224611,-0.09985922366207742,-0.10897284132080708,-0.09033689261705366,0.1223021582733813,0.10844228442152891,0.13712417474573246,0.8600719424460431,0.8447403517738532,0.8744403391571323,0.01762589928057554,-0.11959287023578735,0.3470916510816707,-0.1654620673978851,-0.39560986860874653
standard,test,attribute,False,clip_baseline,4879,2054,3317,0.21166435250187524,0.20655442038803457,0.21662053463434996,0.3270520541875771,0.32035498439927534,0.3335800191398879,0.2617856801265742,0.254869378967852,0.26869825033383027,0.6286234361615877,0.6181623970597592,0.638735425798994,0.7700793236317982,0.7667829405034233,0.773346675379109,0.04365648698503792,0.036912718201149455,0.05048793637416122,0.001639680262348842,0.0006132335906562134,0.0028920392210934685,0.6187743390038942,0.6045281555116369,0.6329877345546289,0.3802008608321377,0.36597462566212546,0.394173664859434,0.0010248001639680262,0.00020160985648638634,0.002223289451323564,0.0,0.0,0.0,0.0,0.0,0.0,0.0,0.0,0.0,1.0,0.0,0.0,0.0,0.0
standard,test,attribute,False,sam_score,4879,2054,3317,0.2944128201574973,0.28510380034298255,0.303558366732718,0.37947903094344254,0.3684927083723475,0.38987732792414936,0.3877769728944552,0.3766047215345781,0.39960968027502086,0.48239493374704323,0.46843321253384007,0.49621233772566437,0.8285717189484042,0.8221798241190615,0.8350181678394739,0.2564050010248002,0.24279904835230467,0.2697722902058118,0.13445378151260504,0.12311959331799002,0.1453005641129001,0.5915146546423448,0.5772769633265398,0.605880638557305,0.37651158024185283,0.3626044001282804,0.39034928304358557,0.03197376511580242,0.026763953822312996,0.037780257687492436,0.08274846765562206,0.07454988818616368,0.09077387395579023,0.5285919245747079,0.5121948742842425,0.5449427717264294,0.45870055339208854,0.441753074373101,0.4755723527918029,0.012707522033203526,0.0198238002085589,0.2689793753474117,-0.12956569943216922,-0.29859995252515276
standard,test,attribute,False,smart,4879,2054,3317,0.3152910960782005,0.30595176605507235,0.32500405303570534,0.40659242068705786,0.39593402870268485,0.41743758970946565,0.38862975893103674,0.37755431546409424,0.3997311704061631,0.5431515387124606,0.52931993792757,0.5571326077111991,0.8362315374815517,0.8303252029570781,0.8417967910237106,0.2730067636810822,0.25970949471257626,0.2871426997059303,0.14408690305390448,0.13245621505849944,0.15613250175779259,0.5933592949374872,0.5788494753962191,0.60791002821339,0.3797909407665505,0.36611741435923556,0.394635526077572,0.026849764295962288,0.021459998249444074,0.03227775831694872,0.1036267435763252,0.09640355430059021,0.11136138179232186,0.5962287353965977,0.5798225233042252,0.6122126109150152,0.3916786226685796,0.37549632398466004,0.4081644229473968,0.01209264193482271,0.0584565130327588,0.24572186941408058,-0.10947673271411291,-0.2440296067704297
standard,test,attribute,False,frozen_final,4879,2054,3317,0.3181145713646281,0.3089928308301655,0.32727430158220794,0.41390811134302025,0.40360778022691435,0.4243307079214436,0.3923657687323012,0.38157931689908375,0.40315732437248636,0.568473035323667,0.5550262677391457,0.5815585079505494,0.8423208642373244,0.837267623986342,0.8470314800834298,0.26726788276286123,0.2538275132062871,0.28098935117324103,0.13998770239803238,0.12835919496764872,0.1515417322455306,0.6011477761836442,0.5863634068126152,0.615387022741498,0.37651158024185283,0.362717906275042,0.3914338788946788,0.022340643574502973,0.017726758098233493,0.027187458614534872,0.10645021886275285,0.09972780556135391,0.11366736290464491,0.5726583316253331,0.5559846254365644,0.5886343679617893,0.32158229145316664,0.3061681992195814,0.3366614489038915,0.10575937692150031,0.0479586175241456,0.24607413804536218,-0.1071768794565779,-0.22172917450242108
standard,test,attribute,False,center_score,4879,2054,3317,0.10683763871749664,0.09836403358575321,0.11628567156563559,0.13070892147063734,0.12076662350214297,0.1414611136553265,0.2217193644670033,0.2089393358810301,0.2350273301275243,0.129817018290289,0.11930210593097375,0.14154107499475405,0.81108763766767,0.8028651087584473,0.8190193010754946,0.1016601762656282,0.09079676247429015,0.11301302791127221,0.07337569174011067,0.06386833640677736,0.0832131591627663,0.3793810207009633,0.36477317379900737,0.39429625532978846,0.3554006968641115,0.3406766253585813,0.3703853199037564,0.2652182824349252,0.24504568662245882,0.2840663164161161,-0.10482671378437856,-0.11304902118344642,-0.09576903365452644,0.1529001844640295,0.13995422247122025,0.16695746009881712,0.8331625333060053,0.8186678292788371,0.8465107038174332,0.013937282229965157,-0.1322553191489361,0.34252450944174345,-0.1886772006389972,-0.4452666406994693
standard,test,attribute,True,clip_baseline,4723,1967,3187,0.2231545031237027,0.21795795449695968,0.22825438489502978,0.34184238185410426,0.3353047032815785,0.34843912767628554,0.27247169201434296,0.2651606888947789,0.27970508992935467,0.6520158436594767,0.6417418342882469,0.6629999660447073,0.7777014670884461,0.7747522288161697,0.7805600741397819,0.058013974168960404,0.05012739087318477,0.06599763711658874,0.0012703789964005929,0.0004160512645311259,0.0023744256704382564,0.66440821511751,0.6506224066390042,0.6788373694843607,0.33389794622062247,0.31934700491993323,0.3477011031169677,0.0016938386618674571,0.0004319584500151276,0.0032044606127334175,0.0,0.0,0.0,0.0,0.0,0.0,0.0,0.0,0.0,1.0,0.0,0.0,0.0,0.0
standard,test,attribute,True,sam_score,4723,1967,3187,0.34291223164214096,0.3326099965416111,0.35345472585844173,0.4286504030061685,0.4176945328521879,0.4402910460126725,0.45083932304784957,0.4384917981090161,0.46382533000440257,0.5134357953766396,0.5005249430534929,0.5267317809259076,0.8506675297233609,0.8450292433411338,0.856427071602307,0.3167478297692145,0.30173823580409875,0.3319494962506618,0.19415625661655728,0.18104634863056038,0.20719634010716811,0.6584797798009739,0.6440907753822765,0.6723178964178129,0.3078551767944103,0.29329735868153073,0.32188969145710716,0.03366504340461571,0.027836357109225746,0.03971066512874878,0.11975772851843826,0.11091483954413918,0.12867130303112426,0.5723057378784671,0.5565774338192805,0.5883246389403901,0.4145670124920601,0.39912052531501824,0.4300072250928445,0.013127249629472792,0.0610040631040869,0.30752531019411183,-0.13566147173753842,-0.29610838986541305
standard,test,attribute,True,smart,4723,1967,3187,0.3758319171835827,0.36520266493487313,0.38619776239643433,0.46589738714952145,0.4545603688042561,0.47733560051321705,0.45437052282285567,0.4423464672085821,0.4666271218370557,0.5781629096176834,0.5652729345078279,0.5915572559513786,0.8609466604606391,0.8557385500735027,0.8661520616137489,0.3578234173195003,0.34244930650561756,0.3735400492302778,0.22295151386830406,0.20912064738262767,0.23718978397137583,0.6652551344484438,0.650570663545649,0.6797396926338103,0.30467922930340885,0.29050750851453316,0.31877895233909653,0.030065636248147364,0.024643962480578582,0.03560517981574507,0.15267741405988003,0.14459436985066873,0.16117340602913197,0.6508575058225704,0.6350557004824028,0.6663088624478556,0.3355917848824899,0.3204529941048712,0.3509278501078678,0.013550709294939657,0.1108926437052369,0.2936764982048334,-0.11461585418097434,-0.23831939774268973
standard,test,attribute,True,frozen_final,4723,1967,3187,0.3771525232582388,0.36685474347319785,0.3874805032815824,0.471101485216784,0.4602758812452456,0.4821823301720999,0.4568791720768941,0.44510915731646655,0.4686084165294799,0.5981502758747853,0.5859820120789131,0.6107459452208368,0.8655978377428277,0.8611162681403645,0.8700490606418311,0.3499894135083633,0.33471044726814053,0.3658596297211668,0.21850518738090197,0.20472244841342094,0.23257351614649108,0.6686428117721787,0.6539569305929951,0.6830580797492417,0.30594960829980944,0.2919812476736193,0.32038911198088754,0.025407579928011858,0.020424475671816895,0.03041920022500843,0.15399802013453612,0.14595177078657365,0.16214273529357026,0.6303197120474274,0.6150223876395338,0.6458247855126013,0.28033029853906416,0.2662730977462362,0.29463872158750914,0.08934998941350836,0.0993423496092387,0.2941703138129565,-0.112093938916735,-0.21817078191407344
standard,test,attribute,True,center_score,4723,1967,3187,0.08538231922065333,0.07749911028648661,0.09355410507992808,0.10408190244535231,0.0951077273618027,0.11310995460173236,0.1935839855787195,0.1807916631569336,0.20624096360457858,0.09895215812808558,0.08995925558458423,0.10831128721666873,0.8080562276857366,0.7994987047008565,0.8165844593568653,0.07791657844590302,0.06858711394284464,0.08741022046300911,0.06013127249629473,0.051662561953417487,0.06855452179132171,0.3565530383230997,0.34162844176980506,0.37272972155746076,0.36311666313783614,0.3454627089864159,0.38014951030301586,0.28033029853906416,0.2598037449221274,0.30212373590053526,-0.13777218390304932,-0.1458343316883805,-0.1297063974804587,0.11412237984331992,0.10322708287026017,0.12500067596798614,0.872115181029007,0.8607963269039335,0.8845351687190558,0.013762439127673089,-0.154042117391026,0.345011495594463,-0.2031219278221698,-0.47521043282515296
standard,test,color,False,clip_baseline,5516,2159,3605,0.21440997916378077,0.20955788819813484,0.21903923938841352,0.33075660627014636,0.3244483603077671,0.3370323533480392,0.265666845187676,0.25895759624018266,0.2725932918979335,0.6303033605561311,0.6206025611944006,0.6402003822636462,0.770953333520089,0.767788986594419,0.7740208553684503,0.04568527918781726,0.03928630941262542,0.05222884080052679,0.0014503263234227702,0.0005429667981416315,0.0025631754102573884,0.6270848440899203,0.6136109939431524,0.6406744634113711,0.37182741116751267,0.3583190533129798,0.38527785839442036,0.0010877447425670776,0.00018415782705708347,0.0021834856837307593,0.0,0.0,0.0,0.0,0.0,0.0,0.0,0.0,0.0,1.0,0.0,0.0,0.0,0.0
standard,test,color,False,sam_score,5516,2159,3605,0.29762734749919945,0.2885546763124119,0.3066171082634857,0.3827163603209646,0.37238671566125636,0.3927861149216129,0.3937579603301377,0.38266472587062655,0.4052436905034154,0.48278546273881007,0.469603290956741,0.495720370635785,0.828674986545636,0.82244430429985,0.8350006637637548,0.2606961566352429,0.24729601014961908,0.27415483880557184,0.13886874546773023,0.1278012727688686,0.14924859899877357,0.5951776649746193,0.5815432339350474,0.6085215219642504,0.3727338651196519,0.3595276088237046,0.38607912939445405,0.03208846990572879,0.026973202502139172,0.03741033331373048,0.0832173683354187,0.07519753125181249,0.090970951106391,0.5275562001450327,0.5113777555732089,0.5435987906865896,0.45975344452501815,0.44341978380049946,0.475921408912352,0.012690355329949238,0.019687059702815847,0.27330553067114144,-0.13260729121248108,-0.30462214305944835
standard,test,color,False,smart,5516,2159,3605,0.3197773973609082,0.3106091697023608,0.3286556088324283,0.41093167930993907,0.4005893116588209,0.4209020414116442,0.394957632490882,0.3840693182261084,0.4054524834603823,0.5434747828468054,0.5304661908645923,0.5568295374981208,0.8366926624924083,0.8309864901773432,0.8422221244480602,0.2797316896301668,0.2671570336967988,0.2930243842463186,0.15065264684554025,0.13938391069078312,0.16231901336565757,0.5973531544597535,0.5839233503814355,0.6106163726804943,0.37545322697606964,0.3626893567764811,0.389420155762502,0.02719361856417694,0.022194585314872162,0.03217079181476796,0.10536741819712742,0.09848172912576986,0.11250050898711612,0.5960841189267585,0.5807082730169081,0.6112378772727136,0.3917693981145758,0.37634182341251504,0.40771063611408914,0.012146482958665699,0.0601908208470801,0.2502014200750376,-0.11173326720563102,-0.2474105162145481
standard,test,color,False,frozen_final,5516,2159,3605,0.32324948804072684,0.31445607733169106,0.3316052518345517,0.41918951479044403,0.4096524983546613,0.42837692217161094,0.3994146160333964,0.3889832897179329,0.40928607377716947,0.5699210156369003,0.557442348747674,0.5819349090505153,0.8434840404495068,0.8388010562370292,0.8479086352352491,0.2739303843364757,0.2611037646984282,0.28676871395315456,0.14666424945612763,0.1354789094227162,0.1579724117761747,0.6071428571428571,0.5931492110917927,0.6198748686079875,0.37037708484408993,0.3579972051929772,0.38412022896972786,0.022480058013052938,0.01802772012250642,0.02679604435566006,0.10883950887694605,0.10228814701132276,0.11550232727833185,0.5732414793328499,0.5574922643380169,0.5887244052863436,0.3205221174764322,0.30569721077119805,0.33485730058121377,0.1062364031907179,0.0490390825145612,0.2507636988943242,-0.10891181274808757,-0.22437688789522153
standard,test,color,False,center_score,5516,2159,3605,0.10604086001677862,0.09771116474379092,0.11470228022546282,0.12995253058964795,0.12031172531437606,0.13988365033929082,0.22224876685695577,0.21024672791366814,0.23438807051800387,0.12777946512644067,0.1176219114056203,0.13884946834770082,0.8102333142833656,0.8024362358942329,0.8177381455573296,0.10007251631617115,0.09047415880136363,0.11086285148370476,0.07179115300942712,0.06300777670787176,0.08093052055586401,0.37907904278462656,0.36511676139024063,0.39309488515559154,0.35949963741841917,0.3454898478310376,0.37414752189450845,0.2614213197969543,0.24181272217904287,0.2800539740455052,-0.10836911914700216,-0.1161446855400033,-0.10020974396508524,0.15192168237853518,0.13989992848928906,0.16528394727031148,0.8352066715010877,0.8213402054936474,0.8479326954188179,0.012871646120377086,-0.135393530719735,0.33752556663802014,-0.1911461875531853,-0.4496514391346901
standard,test,color,True,clip_baseline,4086,1779,2822,0.22123926799864957,0.21580242746413472,0.2266927995469593,0.3391471125041596,0.33198613101509694,0.3460997168399932,0.268898144069035,0.26133328397748623,0.2765423310651919,0.6533948208048155,0.6422086833035376,0.6654434863383485,0.7777098534903242,0.7745886986059403,0.7808034246415121,0.05751346059716104,0.04932494888318382,0.06603622878838339,0.0014684287812041115,0.0004809946997446998,0.0027370844864571405,0.6603034752814488,0.6452959178189804,0.6754019722670399,0.33798335780714633,0.3230605477246314,0.353234285856732,0.0017131669114047968,0.0004777206385943367,0.0034098525309760094,0.0,0.0,0.0,0.0,0.0,0.0,0.0,0.0,0.0,1.0,0.0,0.0,0.0,0.0
standard,test,color,True,sam_score,4086,1779,2822,0.3461336688175909,0.3349519476782873,0.3577297497569141,0.43194581542847515,0.41947177717573575,0.444502197308654,0.4525964425663241,0.43904847042331385,0.4667308932191871,0.517747804906612,0.50353706993801,0.5320967401406531,0.8539728178773789,0.8480715467412638,0.8600117089549156,0.320362212432697,0.30374829250935537,0.33731113663999573,0.19750367107195302,0.18334436250636135,0.21156871433065205,0.6639745472344591,0.648864002428157,0.6783568240504562,0.3022515907978463,0.2870749296141553,0.3169955030648196,0.033773861967694566,0.02773940177365335,0.04016496506327609,0.12489440081894136,0.11525222850240317,0.13426203547250065,0.5805188448360254,0.5635691399762928,0.5979458260216381,0.40626529613313755,0.38937063095236757,0.42355499164531213,0.013215859030837005,0.06552864949851425,0.30759680785102755,-0.13210910028701386,-0.28748392771808284
standard,test,color,True,smart,4086,1779,2822,0.37921372461596464,0.3676817932816991,0.3902574146271292,0.46928503107335323,0.45681728457029164,0.48125992745882434,0.45607691441438336,0.44342536317316295,0.4691929437442758,0.5831847472636895,0.5688103024254068,0.5974523250690579,0.8641771958932857,0.8587327535279483,0.8695181944496391,0.3619676945668135,0.34524011170652674,0.37901412493652514,0.22638277043563387,0.21118097051057377,0.2414305589083935,0.671071953010279,0.654969040247678,0.6860586883414652,0.2988252569750367,0.2838267129350815,0.31416744125293544,0.03010279001468429,0.02460024198120299,0.03588599260672223,0.15797445661731507,0.14878475267383723,0.16680172316837538,0.6595692608908468,0.642885316853627,0.6757782992895601,0.3267254038179148,0.31056188595819056,0.3431970460147184,0.013705335291238374,0.11843035128273274,0.29495517788515574,-0.11192552409149467,-0.23225926810444153
standard,test,color,True,frozen_final,4086,1779,2822,0.3794244211953092,0.3678875569640346,0.390082886852105,0.4728880632250067,0.4609137298979557,0.4843335155294324,0.45742092347622465,0.4450608843724561,0.47013036956905135,0.6008221659441116,0.5869951947732249,0.6149490760352684,0.8676564163372005,0.8627690203769985,0.8723892304785356,0.35389133627019087,0.3372007202766098,0.3710603996304365,0.22173274596182085,0.20694895935679672,0.2366371203770299,0.671071953010279,0.6548665541361589,0.6862799547975788,0.30323054331864907,0.2881271917859848,0.31888447499419686,0.02569750367107195,0.020577896030493398,0.03106001065207027,0.15818515319665957,0.14948582051228843,0.16675695460417814,0.6385217816935879,0.6217232366588754,0.6551732315013942,0.2753303964757709,0.2600738470376748,0.2910855293757694,0.08614782183064121,0.1059714384855998,0.29527073592029895,-0.11023716804845247,-0.21371817613912522
standard,test,color,True,center_score,4086,1779,2822,0.08311310551376921,0.07465073037735352,0.09185518331810182,0.10095190758006377,0.09147615428130462,0.110704713559907,0.1884830506950155,0.17509174211044992,0.20188965770040684,0.09689102923147855,0.08738573693619327,0.10658601110676737,0.808736952019885,0.7994908473442598,0.8178957545719655,0.0763582966226138,0.06647114526307006,0.08661247871474938,0.06020558002936858,0.05133640267085394,0.06944623556865634,0.3534018600097895,0.3375230890574721,0.3712047488300437,0.3587860988742046,0.3401699395770393,0.3763982476149377,0.2878120411160059,0.26576434576334595,0.3105287551673829,-0.13812616248488035,-0.1466766138773649,-0.1295066349859892,0.10939794419970632,0.09792489276947075,0.12077985290261627,0.8754282917278512,0.8632614216120176,0.8880949572179025,0.015173764072442487,-0.15361738198571265,0.3548949783586024,-0.2021307115570356,-0.4744290902672363
standard,test,clothing,False,clip_baseline,8080,2501,4571,0.21483474384901904,0.2106431134719478,0.21897659039494077,0.3312557338012573,0.3257402212964151,0.33656555851946557,0.2636419458798841,0.25791342003178486,0.2694449574586925,0.6417044307490795,0.6335547123303863,0.6502416035763228,0.7717494371557793,0.769015800216643,0.7743978787775009,0.04777227722772277,0.04177980162910278,0.053774734250263634,0.0012376237623762376,0.0004980637800768445,0.002094647259140345,0.6342821782178217,0.622765234819143,0.6460933007914391,0.36435643564356435,0.35254426012095796,0.3759401263895936,0.0013613861386138613,0.00048789419758281155,0.0024824060822697938,0.0,0.0,0.0,0.0,0.0,0.0,0.0,0.0,0.0,1.0,0.0,0.0,0.0,0.0
standard,test,clothing,False,sam_score,8080,2501,4571,0.3174534980286671,0.30884016100558226,0.32566348491362546,0.40326869568087925,0.39386510677122544,0.4121008273777261,0.4103486098525607,0.4005414630950211,0.4198887440365093,0.5064998670648293,0.4952943957029327,0.5176327362752202,0.8378065455645857,0.8326373664256793,0.8433223887439956,0.28465346534653463,0.27262641785261377,0.2962150832188005,0.16113861386138614,0.15118178551880684,0.1709876868741182,0.6133663366336634,0.601056446127879,0.6250162371093929,0.35358910891089107,0.34199807486812644,0.36564313907065316,0.033044554455445546,0.028652070029579264,0.0375674699048519,0.10261875417964804,0.0955635363382288,0.10921634629601493,0.5556930693069307,0.5421499499283351,0.5688189445618304,0.4319306930693069,0.4183886140987656,0.4452849908343291,0.012376237623762377,0.0413447958458193,0.2850478030262708,-0.12914186298464175,-0.2913625973922029
standard,test,clothing,False,smart,8080,2501,4571,0.3394505672546211,0.3314145703409069,0.3474845461082781,0.43167668965850137,0.4227074756785936,0.4405819220658444,0.41038471340171234,0.40105200641515926,0.4197356791942605,0.568445076106709,0.556867058062743,0.5792987936764474,0.8450357155017051,0.840442667325751,0.8497094604909347,0.30383663366336633,0.29246227974137834,0.31555967791401895,0.17153465346534655,0.16112071059502034,0.18204635439345676,0.6168316831683168,0.6048036152710268,0.6282246699420787,0.35495049504950493,0.3439268394001528,0.3667556011496323,0.02821782178217822,0.024149443779915097,0.03259866374974348,0.12461582340560205,0.11832776185233786,0.13104018904448766,0.6254950495049505,0.6124634615860446,0.6379866429023525,0.36237623762376237,0.34921158272808833,0.375301416654181,0.012128712871287129,0.08062561501478019,0.2625011551313988,-0.10921618337323266,-0.2368243114981827
standard,test,clothing,False,frozen_final,8080,2501,4571,0.34094725393924546,0.3332279200499907,0.3489229820726836,0.4372117502618609,0.42859557334988696,0.4458637810561752,0.41289417610716356,0.4039193647436848,0.4219407402881498,0.59035487174276,0.5793498187414625,0.6012180983491706,0.8499156647181235,0.8456489702442246,0.8539647548061717,0.29678217821782177,0.2851067581706665,0.3082920455232757,0.16695544554455446,0.15678358605279344,0.17729775583303878,0.6222772277227723,0.6100937485459828,0.6335850489551229,0.3537128712871287,0.34281001206012346,0.36525407339360827,0.02400990099009901,0.020232950403721917,0.027966409029939087,0.1261125100902264,0.12010265469995497,0.13215910550871238,0.6021039603960396,0.5885711142542825,0.6151494472252467,0.2991336633663366,0.28703616707977136,0.3109877789060957,0.09876237623762377,0.07092370372204995,0.2627545441720814,-0.1072866263418066,-0.21582667206662498
standard,test,clothing,False,center_score,8080,2501,4571,0.09998797412766317,0.09298752756829191,0.1074160023648778,0.12126337754370925,0.1132978959450545,0.12932733145414604,0.21119858639786152,0.20100017994532382,0.2218007479353589,0.12016013746778148,0.11145443585371019,0.12905724106382258,0.812327742746875,0.8054908404065274,0.8195324133725556,0.09566831683168317,0.08700925525118221,0.10441652849406248,0.07153465346534653,0.06381661400143115,0.07959294445153976,0.3688118811881188,0.3574473646931257,0.3811085556285062,0.34777227722772275,0.3350440808325694,0.3609920842337386,0.2834158415841584,0.2654963793182971,0.3010052217525047,-0.11484676972135589,-0.12165291242379075,-0.10787562698200791,0.138490099009901,0.12801408269069017,0.1487882088193912,0.8483910891089109,0.8376714791201094,0.8593676255563103,0.013118811881188118,-0.13890728756817156,0.35088878841178905,-0.1926486438484825,-0.45464817225769877
standard,test,clothing,True,clip_baseline,1522,750,1107,0.23048906952025167,0.2216161602289425,0.2396388564082408,0.3506322028672565,0.3391417968978999,0.36213257483498174,0.28509146649923395,0.2727487918690915,0.2981011110857271,0.6317692340233461,0.6140716662812551,0.6506558801168312,0.7848657009458472,0.7800697111126749,0.789654288585855,0.06636005256241786,0.053129517387913515,0.08074756856997091,0.002628120893561104,0.0006317019691545907,0.005632128215999491,0.6780551905387647,0.6521989401485804,0.7031352812517231,0.32063074901445465,0.29565631375159285,0.34605827371827624,0.001314060446780552,0.0,0.0033579583613163196,0.0,0.0,0.0,0.0,0.0,0.0,0.0,0.0,0.0,1.0,0.0,0.0,0.0,0.0
standard,test,clothing,True,sam_score,1522,750,1107,0.3225955029715052,0.3044066138991337,0.3399810536181016,0.40577068611674477,0.3855233990471325,0.42524605667169757,0.46364073974924397,0.44217841541799563,0.4850093007747234,0.45075112840464643,0.4279366835665808,0.4727661205892824,0.84811253053275,0.8387245125853502,0.8571208220800788,0.29369250985545337,0.26976281194972374,0.31902354933718496,0.17805519053876478,0.157583132335114,0.19815005407132497,0.683311432325887,0.6580764838759025,0.7062911082741528,0.2851511169513798,0.2618433854763531,0.31021811372678826,0.03153745072273324,0.02169491525423729,0.04273185046732589,0.09210643345125347,0.07637300919346517,0.10733565305218964,0.5203679369250985,0.4926089632297686,0.5495246830877049,0.46386333771353483,0.4354331396860054,0.492055833174831,0.01576872536136662,0.01020739143588435,0.3094369783935644,-0.14856670704659386,-0.3225145755038294
standard,test,clothing,True,smart,1522,750,1107,0.3749006696493185,0.35588948110059376,0.39314731222137106,0.457457376871652,0.4369120690320979,0.477876047897094,0.4771406628324835,0.4553987607322813,0.4984643775542405,0.5175187677793724,0.4955543328124592,0.5396293502274714,0.8661867066191271,0.8579922766160619,0.8742856395135863,0.37253613666228647,0.3461779523721714,0.3985754866785594,0.24310118265440211,0.2179877835164442,0.26711400345249736,0.6918528252299606,0.6668843364769326,0.7152370851571523,0.278580814717477,0.25552147027086847,0.302752440696518,0.02956636005256242,0.02081887900451249,0.03989539852849205,0.1444116001290668,0.12860259094255713,0.15888835222965544,0.6103810775295664,0.582970214223775,0.6384388857374639,0.3731931668856767,0.3459057325760493,0.4004151815615731,0.0164257555847569,0.1041660112649101,0.3131169381842072,-0.12516052848008596,-0.260936783405578
standard,test,clothing,True,frozen_final,1522,750,1107,0.38010417162127413,0.36121478054658224,0.3983274457172576,0.4676734873887195,0.4475630019672059,0.48706320934739705,0.48357948253494587,0.4627073130808101,0.5047676874823885,0.5443996902886215,0.5222315601493817,0.5664884413475338,0.874233583016322,0.8669501801956825,0.8811744806948184,0.36727989487516427,0.34141241401238115,0.39316824489844304,0.240473061760841,0.21535196150760944,0.2638644138343674,0.6984231274638634,0.6729023550452122,0.7221179313718874,0.278580814717477,0.2551666555044063,0.3031560093215052,0.022996057818659658,0.015315646041441465,0.031873955556583525,0.14961510210102247,0.134086946524696,0.16375891203174886,0.59526938239159,0.5685375739595352,0.6239267113060992,0.31274638633377133,0.286184360230953,0.338594404107797,0.09198423127463863,0.09211155154695876,0.31454228313767935,-0.12029647715332191,-0.23944179683257427
standard,test,clothing,True,center_score,1522,750,1107,0.07662201184644776,0.0648500982186677,0.08852018045097425,0.09822573097993947,0.08413046933837161,0.11225228677058839,0.19026370895406064,0.16886075934804864,0.21157572522518467,0.0853051014044637,0.07255565860329759,0.09847112889542287,0.7950972313702667,0.7795644213468906,0.8098190154652036,0.059789750328515114,0.04598426984694181,0.07379176410169473,0.04204993429697766,0.030729059948432353,0.05480466192326159,0.36465177398160314,0.34014357969468156,0.3896191491041124,0.41984231274638634,0.39271165603402447,0.44781943191403295,0.21550591327201052,0.18525580840229156,0.24572927420684149,-0.1538670576738039,-0.16663536415720273,-0.14110920992591375,0.10906701708278581,0.09058063991900998,0.12719028448457093,0.8731931668856767,0.8526629912841792,0.8936882150112534,0.017739816031537452,-0.16255155005243493,0.2942164213021936,-0.21296131506071764,-0.4871044137972689
strict_nonoverlap,test,length_group,long,clip_baseline,5619,2229,3858,0.2095689985269311,0.20481575745592287,0.21409579352293984,0.323990220551697,0.3177153332636676,0.33011593699565667,0.25734268575927843,0.25065230009933126,0.2638519297349548,0.637042108659553,0.6270624471753629,0.6468557319969006,0.7702055854464571,0.7674561764237277,0.772943323754017,0.04680548140238477,0.04054772495798436,0.053361727709899734,0.001601708489054992,0.0007017513086346809,0.0027614965818778085,0.6357003025449368,0.6228059901184508,0.6489736397432324,0.3630539241857982,0.3496723172980758,0.3757924984554804,0.0012457732692649937,0.0003604236783187946,0.002277655275888669,0.0,0.0,0.0,0.0,0.0,0.0,0.0,0.0,0.0,1.0,0.0,0.0,0.0,0.0
strict_nonoverlap,test,length_group,long,sam_score,5619,2229,3858,0.30134378479268936,0.2922238131613075,0.3107059100573566,0.38481076419519167,0.3742132370328778,0.39528592098885657,0.3999424834307227,0.38950140605469447,0.41109415000937066,0.4804365561288122,0.4677805199576951,0.49308976768500357,0.8361390247382063,0.8307172675953102,0.841672620817632,0.2662395444029187,0.2528654772156658,0.27882570694756953,0.14949279231179927,0.13820923308035077,0.1600911625637413,0.6180815091653319,0.6050091220800176,0.6317493971245542,0.3425876490478733,0.3286470224310905,0.3560647399914616,0.0393308417867948,0.03348847713594307,0.04532177863113388,0.09177478626575825,0.0840644557582785,0.0993011080081892,0.5351486029542624,0.5192584930903527,0.5500275892013898,0.45043602064424276,0.4350909364100291,0.46677446892448476,0.014415376401494928,0.0217667665019968,0.28214936672756913,-0.13146606942809358,-0.2988152871263433
strict_nonoverlap,test,length_group,long,smart,5619,2229,3858,0.3289674378807931,0.3195956647711095,0.33818490957349856,0.41759419166967515,0.4072198052331415,0.427682787674265,0.4028761997095837,0.3923257009311486,0.41385988853817396,0.5428960019753934,0.5299741882109755,0.5559430230691191,0.8459713786148347,0.8409157010275424,0.8506513567623585,0.2975618437444385,0.2835835653835768,0.3102922472260536,0.17013703505961916,0.15872409244231792,0.18186626118214722,0.6227086670226019,0.6091453966267915,0.6361812471874814,0.3429435842676633,0.3293459270857081,0.35651113560228276,0.03434774870973483,0.028842456741354192,0.03998632058926692,0.11939843935386193,0.11226193372536003,0.12659737563370257,0.607225484961737,0.5923460777752473,0.6221714206957859,0.3787150738565581,0.3629652292202588,0.39379655097829974,0.01405944118170493,0.0714548911526491,0.2665488050814696,-0.11210746814315038,-0.24544048724000064
strict_nonoverlap,test,length_group,long,frozen_final,5619,2229,3858,0.33159599125957356,0.3224303709460547,0.3408387578175419,0.4244945750279098,0.4143854537921701,0.4344033364250795,0.4062858207302962,0.39593088871917775,0.41678002082528437,0.5669544934783737,0.5541848377360751,0.5799360248310887,0.8513914752214464,0.8470140785383312,0.8556723241446174,0.29133297739811354,0.2776112375437384,0.30407561725753274,0.16639971525182418,0.15542432379566268,0.17814457069926365,0.6280476953194518,0.6142556364254478,0.6417134800392554,0.3427656166577683,0.32896664472990506,0.35654646343796037,0.029186688022779853,0.024305493507267097,0.03444149951788594,0.12202699273264245,0.11510286852356524,0.1287486587542988,0.5837337604555971,0.5686448832786906,0.5991006238451146,0.3142907990745684,0.29925661062222775,0.3286576032352204,0.10197544046983449,0.0607568772694732,0.2679249208404411,-0.1093567770056223,-0.22389102120629645
strict_nonoverlap,test,length_group,long,center_score,5619,2229,3858,0.09161052418166617,0.08436658228741398,0.09942773114952769,0.11189526236321952,0.10360544152280361,0.12085988629110103,0.2000891165973508,0.18823611521584818,0.21126984415899966,0.10864357049044807,0.10017950803350976,0.11785078243684939,0.8104218577741573,0.8027202582347485,0.817961772386058,0.08453461470012458,0.07571715274322914,0.09372263459550878,0.06353443673251469,0.05574309376313347,0.07177075998855667,0.3630539241857982,0.34967491121690597,0.3770478657805813,0.3577148958889482,0.34256643716417806,0.3730237311190816,0.2792311799252536,0.26091375743652806,0.2988920877041323,-0.11795847434526494,-0.12541893100955723,-0.1099004874680581,0.12831464673429435,0.11783524639466289,0.13941657232442178,0.8563801388147357,0.8447123712917464,0.8675354917680851,0.015305214450969924,-0.1383911471050765,0.3520108833832645,-0.19048389739513247,-0.4544268990553261
strict_nonoverlap,test,length_group,medium,clip_baseline,2574,1591,2180,0.22529492951088045,0.2189910814776607,0.23149655125231686,0.3450368639115151,0.33673109594341727,0.3530551036668551,0.2773111372187527,0.26851012674942226,0.2864178095491198,0.6431330261300956,0.6308812125879993,0.6547203518676461,0.7789641365687171,0.7753049453665308,0.7825359178199826,0.05439005439005439,0.045034070606995734,0.06413989237007663,0.0011655011655011655,0.0,0.0026996018185237555,0.6534576534576535,0.6333586513627254,0.6716210778184251,0.34498834498834496,0.32643403460383597,0.3655146999647962,0.001554001554001554,0.00037650602409638556,0.003148521968424462,0.0,0.0,0.0,0.0,0.0,0.0,0.0,0.0,0.0,1.0,0.0,0.0,0.0,0.0
strict_nonoverlap,test,length_group,medium,sam_score,2574,1591,2180,0.3399291796861401,0.3258959708018527,0.35326783205784534,0.4280033932360598,0.41268862328457795,0.4425459493685703,0.4415628517378484,0.42539806425455956,0.45766100984691466,0.5200630020966672,0.502240583441498,0.5377534826652399,0.8430132846326742,0.8352271581529744,0.8499803398953077,0.30924630924630925,0.28976474874857017,0.32959265798958065,0.18337218337218336,0.16583088816716302,0.20037061681453316,0.6402486402486403,0.6206611565437786,0.6607558021082469,0.33139083139083136,0.3111247659404355,0.35017657362038,0.02836052836052836,0.02181382805598177,0.03570236129542796,0.11463425017525965,0.10267573390765647,0.12663245182227006,0.567987567987568,0.5453461708332621,0.5894223115914708,0.42074592074592077,0.39975867260823195,0.44294274479011064,0.011266511266511266,0.053989907979198296,0.3007061831713431,-0.133484653596847,-0.2981736223189966
strict_nonoverlap,test,length_group,medium,smart,2574,1591,2180,0.3648983904168376,0.3512851276711321,0.37791073567621847,0.45858062326401516,0.44405743640828577,0.4728221070835126,0.444339944816766,0.4293327199884857,0.45984754354104695,0.581189919164426,0.564112189596284,0.5983212663988486,0.8508014373425499,0.8443363449775017,0.8572621109262846,0.33022533022533024,0.3099382663990168,0.349883225669326,0.20046620046620048,0.18308157598137356,0.2183770997752838,0.6433566433566433,0.624251303222195,0.6642928537409125,0.33255633255633255,0.31271579919060016,0.3518377349202212,0.024087024087024088,0.017984227151516076,0.030788273614111294,0.1396034609059571,0.1287023080709758,0.15023402094053134,0.6437451437451438,0.6213864616297192,0.6642373262046486,0.34498834498834496,0.3242211959517792,0.36633506104969904,0.011266511266511266,0.0955020446881211,0.2760832157391776,-0.11050741003140065,-0.23644680402738083
strict_nonoverlap,test,length_group,medium,frozen_final,2574,1591,2180,0.36622676854459785,0.3531201568799976,0.3791803845185129,0.4635376664338977,0.4497007832286844,0.4773739911689795,0.44674667868090284,0.43191071583356605,0.461735216724363,0.6001439842250859,0.5837932100729756,0.6157183876964336,0.8569423916705262,0.8514271378499753,0.8628529476681335,0.3236208236208236,0.3043469811926528,0.3429379642481993,0.1958041958041958,0.17859830184914977,0.21300015064122116,0.6476301476301476,0.6281013519325935,0.6677307330503292,0.33255633255633255,0.31276194726638806,0.3516142801578041,0.019813519813519812,0.014424585354170408,0.025958977683898533,0.14093183903371737,0.13064520075294214,0.15136111621336448,0.6239316239316239,0.6021737564505332,0.6443861652253949,0.28826728826728826,0.2689518345042935,0.3078119232505843,0.08780108780108781,0.08520487016705475,0.27600371979890903,-0.10849517563916358,-0.2155196074799586
strict_nonoverlap,test,length_group,medium,center_score,2574,1591,2180,0.09824408879364152,0.08777826124785902,0.10851514008440213,0.12072452979719224,0.10848845401166901,0.13231475454363825,0.21360722639681803,0.1968227916852264,0.23090284946070697,0.11881944987155225,0.10611609865015646,0.1315797181934004,0.8063429341951757,0.7970460423022288,0.8152961431652478,0.09090909090909091,0.07928064080814543,0.10296998055965868,0.06604506604506605,0.05570404261141498,0.07718909527424377,0.36713286713286714,0.3482878701928496,0.3870387458102521,0.35742035742035744,0.33806310495915026,0.3778748396598413,0.2754467754467754,0.25217374173433377,0.2979601451888176,-0.12705084071723896,-0.13758681150826935,-0.11648009427556609,0.13480963480963482,0.11924761640193268,0.1509514409137482,0.8523698523698524,0.8358502462850473,0.868297905855418,0.01282051282051282,-0.14750185212952996,0.3380279972399193,-0.2025180396756723,-0.4669001376082141
strict_nonoverlap,test,length_group,short,clip_baseline,701,586,647,0.24870912930267086,0.23664840272817877,0.26173327670024105,0.37288967520187133,0.3574073083130051,0.3893597952619289,0.3055957365052114,0.28876211770850513,0.32280068967955566,0.6692307048662012,0.6483222107950549,0.6899086608637454,0.7948637858397861,0.7886539620968265,0.8009389295348008,0.07703281027104136,0.05660172272354389,0.09915286958346448,0.0014265335235378032,0.0,0.0044444444444444444,0.6961483594864479,0.6625559008280092,0.7292305921156207,0.30099857346647646,0.26675977653631283,0.33427772113846366,0.0028530670470756064,0.0,0.007278285612435865,0.0,0.0,0.0,0.0,0.0,0.0,0.0,0.0,0.0,1.0,0.0,0.0,0.0,0.0
strict_nonoverlap,test,length_group,short,sam_score,701,586,647,0.3957129385720368,0.3698568256299936,0.4204524178867065,0.4872516432914357,0.4593594902115291,0.5136414738684996,0.506406181434037,0.47741071572371996,0.5343272187156439,0.5836743835595442,0.5530151598978026,0.6133405747814861,0.8538582651447372,0.84076178350577,0.8663946258977785,0.3880171184022825,0.34992887624466573,0.4241582712459349,0.23252496433666192,0.2011242203265456,0.26292466765140327,0.6833095577746077,0.6473086349370542,0.7173920498598437,0.30385164051355207,0.27053579382471893,0.33951631277004074,0.012838801711840228,0.004463135125184094,0.0216809031331992,0.1470038092693659,0.12465037733080502,0.16739129588682355,0.6319543509272468,0.5941176470588235,0.6685716335314614,0.3537803138373752,0.31831792004205794,0.3897077608415629,0.014265335235378032,0.1115900020304397,0.3111828286301681,-0.14034001123120546,-0.3003539809046645
strict_nonoverlap,test,length_group,short,smart,701,586,647,0.429937771908523,0.4060631844030736,0.4546986174829281,0.5277094969698259,0.5018921785020508,0.5534813262272422,0.5099625286064567,0.4833578709139866,0.5365013260483521,0.6553921500845784,0.6260665613714419,0.6842191902117659,0.8732790698963397,0.862465667713572,0.884071194028153,0.43081312410841655,0.3928507925218451,0.4698305304315056,0.2582025677603424,0.22469332582739843,0.29282906811292353,0.6918687589158345,0.6565496139273896,0.7271430491551458,0.29814550641940085,0.2641393888314937,0.3328490956531807,0.009985734664764621,0.002954100817854233,0.018210633663535144,0.18122864260585206,0.16207949825938436,0.20036241661142587,0.7161198288159771,0.6805611510791367,0.7496492805755396,0.26961483594864477,0.23571290143964563,0.3047133639618944,0.014265335235378032,0.1570834114689715,0.29184628872441204,-0.1029923728727648,-0.19830978383127415
strict_nonoverlap,test,length_group,short,frozen_final,701,586,647,0.4281270830501107,0.4055011329469107,0.4524261512972992,0.5289978825609626,0.5046481237688245,0.554441653194369,0.5097862057728645,0.48422718949732546,0.536080334361699,0.6727543774389312,0.6463211939928166,0.7002070544427544,0.8766567278332932,0.8668305495273055,0.8859794457788669,0.42082738944365194,0.3835415291645726,0.45946322366935183,0.2524964336661912,0.21951039908042674,0.2875473178934115,0.7004279600570613,0.6666550279329608,0.7352112676056338,0.29243937232524964,0.2589358344146122,0.32599199448695154,0.007132667617689016,0.001447178002894356,0.013889371812702824,0.17941795374743982,0.16138988535335708,0.19791726287720462,0.6975748930099858,0.6614719749089437,0.7327388469911834,0.2211126961483595,0.18929861448056498,0.2538591559498633,0.08131241084165478,0.1499245059401333,0.2898753418263328,-0.10307778436207367,-0.17871219745961595
strict_nonoverlap,test,length_group,short,center_score,701,586,647,0.10753064297121039,0.08818552490215012,0.12800138659146967,0.13003898512110623,0.10807055358740164,0.15389996960056118,0.230251600607899,0.19882415852796156,0.26286445032410405,0.12499905027988416,0.10349589343705559,0.14801833034232909,0.8087736835319427,0.7935006678824724,0.8241935669538529,0.10413694721825963,0.08123966342208588,0.1285320823244552,0.07560627674750357,0.05633321934642758,0.09714386317907445,0.4037089871611983,0.36805360486891386,0.44241855546945624,0.3152639087018545,0.27975938256658595,0.3506066849816849,0.2810271041369472,0.24242319315033997,0.31955343344541803,-0.14117848633146046,-0.16062426844826266,-0.12130766332087062,0.14122681883024252,0.11574326958764626,0.16983700625437648,0.8459343794579173,0.817398357053751,0.8725793117499324,0.012838801711840228,-0.1615866429953521,0.3240951122939055,-0.22099752957074267,-0.5093798186435721
strict_nonoverlap,test,spatial,False,clip_baseline,6341,2285,3938,0.2315696201154234,0.22657173285551185,0.23656982845117822,0.3526321598978759,0.3462242406276082,0.35888570299458006,0.28804522793259285,0.2808504844161654,0.29520367067200987,0.6504820898031606,0.64161749296445,0.6599364219647526,0.778783070327633,0.7761830347942054,0.7814883199997102,0.06450086737107712,0.05700777138645986,0.07218986739196251,0.0017347421542343478,0.0007898831781996509,0.002849014124144724,0.6879041160700206,0.6756009527518659,0.7005779072794089,0.3106765494401514,0.2977822670770971,0.32275404411749015,0.0014193344898281027,0.00047117397175733684,0.002663355764258215,0.0,0.0,0.0,0.0,0.0,0.0,0.0,0.0,0.0,1.0,0.0,0.0,0.0,0.0
strict_nonoverlap,test,spatial,False,sam_score,6341,2285,3938,0.33887367618176384,0.3285486959185079,0.3485159858299839,0.42452009619936826,0.4133579337191216,0.43483507300932256,0.4542708908190865,0.4422300322106042,0.4655206714295104,0.5040014928102419,0.49138498962471994,0.5168900877915826,0.8413158270687681,0.8357959568402691,0.8470266493859315,0.31666929506387004,0.30220545433109014,0.3309331464215507,0.18987541397255953,0.17807131059653772,0.20187355301855936,0.669295063870052,0.655925284686739,0.6821581089647349,0.30200283866897965,0.2896167411424649,0.3146660381659,0.0287020974609683,0.024076522328836378,0.033821176215016804,0.10730405606634046,0.09851984888014208,0.11545457136432119,0.5527519318719445,0.5375551268242073,0.5670486023921888,0.43447405771960257,0.4198614733320184,0.44982649553149207,0.012774010408452925,0.044281443120796,0.3058874092167754,-0.14218524493217166,-0.31470205849149574
strict_nonoverlap,test,spatial,False,smart,6341,2285,3938,0.37123578716540306,0.3612999251935817,0.38062370710602256,0.4615877977348937,0.45121863978585847,0.47178389498821255,0.4583244679998239,0.44724973261639334,0.4690242291988963,0.5684463888826179,0.5560160938360633,0.580682183985894,0.8542142207359955,0.8494704948549069,0.8589304085708103,0.35357199179940074,0.33942737510706605,0.3670966258782539,0.21700047311149662,0.20396002695644674,0.2300552846954001,0.6741838826683488,0.6614471317082297,0.6874220347663428,0.30184513483677655,0.2893234735791982,0.3141585264823466,0.023970982494874626,0.019680703355063778,0.02863941845900385,0.1396661670499797,0.1318814635025691,0.14740036549612043,0.631919255637912,0.6173226915722279,0.6459045156906374,0.3554644377858382,0.3411492387400319,0.3694693863258101,0.012616306576249802,0.0989450617927375,0.2885373281188807,-0.12002924068697149,-0.25389094376103566
strict_nonoverlap,test,spatial,False,frozen_final,6341,2285,3938,0.37413181474722434,0.36473014700887635,0.38339298780671827,0.4690840882148622,0.45891462471875816,0.4789769535266561,0.4624648552750773,0.4517965707299779,0.47292089852786773,0.5927771853393511,0.5805994758912212,0.6047370554204935,0.8609768500727046,0.8569911944322636,0.8650357096519447,0.3466330231824633,0.3327521766285818,0.36043334364373025,0.2127424696420123,0.19993431562371866,0.2257273129091104,0.6812805551174893,0.6684368750133433,0.6940656995286795,0.2990064658571203,0.2869384434514696,0.31135237778578223,0.019712979025390317,0.016014947322613292,0.0238949126140121,0.14256219463180092,0.1349326725004465,0.14986348119289303,0.6115754612837092,0.5966313051356512,0.6255078551813675,0.29143668191137045,0.2780913677410778,0.3049519241974554,0.09698785680492036,0.0897937044595678,0.28905126455553076,-0.1173993115725642,-0.23090185230099713
strict_nonoverlap,test,spatial,False,center_score,6341,2285,3938,0.10049892051062174,0.09289247650960658,0.10839033273944235,0.1231520332834704,0.1144158257598677,0.13210903501484364,0.22817975241813887,0.21532679815860156,0.24050811697272112,0.11629039371829578,0.10751788345261243,0.12554541001439712,0.8030167748362311,0.7950669988247561,0.8106050430204208,0.0916259265100142,0.08293265004618122,0.10105440567711413,0.06875887084056143,0.060778398015240126,0.0769730533940874,0.3947326920044157,0.38115597783056215,0.4087714786488209,0.34048257372654156,0.32676532240042433,0.35549144358958445,0.26478473426904275,0.2469761981865285,0.28248840697198957,-0.13107069960480164,-0.13883836477502456,-0.12305032467429305,0.13562529569468537,0.12453080022267556,0.14683289253814857,0.8517583977290648,0.8399074335045305,0.8633356245272139,0.012616306576249802,-0.1535786501128339,0.34486340733354737,-0.20879500768392853,-0.48358354373131546
strict_nonoverlap,test,spatial,True,clip_baseline,2553,1411,2012,0.18152741471723652,0.17508503161107775,0.18793653520663522,0.2874974827231909,0.27854215819055433,0.2964362583755276,0.2144673871727524,0.20632256389146741,0.22286901348313481,0.6186399571039014,0.6038895057460225,0.6329178323154798,0.7645025213778647,0.7604533771539403,0.7684884978843519,0.01880141010575793,0.012915016181841673,0.02515980150402132,0.0007833920877399138,0.0,0.001962419848002118,0.5405405405405406,0.5202195320511316,0.5624765882228302,0.45789267528397964,0.4354819882013305,0.47799382762120846,0.0015667841754798276,0.00038343190865973615,0.003212948294989366,0.0,0.0,0.0,0.0,0.0,0.0,0.0,0.0,0.0,1.0,0.0,0.0,0.0,0.0
strict_nonoverlap,test,spatial,True,sam_score,2553,1411,2012,0.27294368371824496,0.26081297706033313,0.28612684384193815,0.35785894639620136,0.3435545480266411,0.3729192796513546,0.33620000363176056,0.3212721507221382,0.35085457153637484,0.4902066013513961,0.4715205097198006,0.5097245403881195,0.83507730476768,0.8272083919883843,0.8426470789032132,0.21778300039169604,0.1998356158646396,0.23578809196105416,0.10614962788875833,0.09333813478940993,0.11955918731128813,0.5311398354876615,0.5110120156082579,0.5512788764465442,0.4214649432040736,0.40167354868347993,0.44158416786950727,0.04739522130826479,0.03881958664364967,0.05646130615063513,0.09141626900100848,0.08148971388315633,0.10193721727308787,0.5511163337250293,0.5293118908062387,0.5743927836041935,0.4336075205640423,0.41105745288891404,0.4553163782477052,0.01527614571092832,0.0259349569895187,0.25143867045108087,-0.10875200954389896,-0.24969658847888027
strict_nonoverlap,test,spatial,True,smart,2553,1411,2012,0.2879344857333215,0.2754753046262687,0.3007628764097016,0.37988422217484,0.3654198475139266,0.3944304704349494,0.3363653212270858,0.32161071727519874,0.35053586324893177,0.5489333459982676,0.5297769529656451,0.5688537843772002,0.837866169395561,0.8306848982664082,0.844662427077427,0.22796709753231492,0.21058316400962668,0.24645871049359824,0.10849980415197806,0.09516212595011972,0.1221074021871695,0.5346650998824912,0.5138715662394766,0.5546928968887183,0.42224833529181355,0.40222846568883097,0.44293810674224987,0.04308656482569526,0.03454961733869852,0.051912250599712786,0.10640707101608494,0.09779331817575729,0.11544656063965753,0.6126126126126126,0.5909077471602108,0.6353593828132915,0.372502937720329,0.3502640337630299,0.39377295520788863,0.014884449667058363,0.0612982417667812,0.22843489423599195,-0.09002620639434973,-0.2019172731269946
strict_nonoverlap,test,spatial,True,frozen_final,2553,1411,2012,0.2873689091372177,0.2749027928764494,0.2997906857089926,0.3818042627447989,0.3673776852530712,0.39600345423943645,0.33596414436180627,0.3213453608399954,0.34941644738081884,0.5653304350169283,0.5465380225923241,0.5852743382500692,0.8401177341673958,0.8336346538817988,0.8464193888637346,0.22209165687426558,0.20439198977137274,0.2404735277413047,0.1045828437132785,0.09135867318511062,0.11819710577302886,0.5354484919702311,0.514770033636611,0.5558171072607089,0.427340383862123,0.4073444628531595,0.4483156014827868,0.03721112416764591,0.029303041971505583,0.04561323482491823,0.10584149441998117,0.09743730743034831,0.11470919460822569,0.5863689776733255,0.5640478165863665,0.6097278515997404,0.31923227575401486,0.29764926952632764,0.3402258358893873,0.09439874657265962,0.0499523048367291,0.22903403644650838,-0.08914186172541248,-0.18602809436972728
strict_nonoverlap,test,spatial,True,center_score,2553,1411,2012,0.08059347657523756,0.07072777201746819,0.09109749344886396,0.09782009574473675,0.08641331237734366,0.10967743213468244,0.15223043824858695,0.13762577481954913,0.16744841847637804,0.10440126683654075,0.09142064420004663,0.11766326716582702,0.8242491634824607,0.814695732672953,0.8337613534063212,0.07873090481786134,0.06677321307501843,0.09091086578396222,0.0564042303172738,0.04660255594998074,0.06701458677613117,0.299647473560517,0.2801108549917712,0.3185742802203221,0.38856247551899725,0.36540567322841033,0.4101688927864724,0.31179005092048573,0.2868227979110506,0.3375563629394623,-0.10093393814199893,-0.1103820666682399,-0.09155294721082448,0.12025068546807677,0.10503547690495556,0.13574302474184208,0.8609479044261653,0.8457353166090481,0.8772089185001493,0.01880141010575793,-0.1190883033844118,0.34722621424049366,-0.16573375425311865,-0.3989682912172744
strict_nonoverlap,test,attribute,False,clip_baseline,4534,1923,3078,0.21141803019255875,0.20593286229556435,0.21654240719793408,0.3263923394244399,0.31913789634497963,0.33313722873248097,0.2615548428199034,0.25397725977425795,0.26871267983560165,0.628879506021817,0.6182960003206746,0.6400820562044447,0.7704587703920652,0.7673222801898861,0.7737732278128885,0.044111160123511246,0.03710008568149118,0.05130011724556664,0.0015438906043228936,0.00044831742243796134,0.0027008777852802163,0.6199823555359506,0.6050816546408806,0.6350594063720401,0.37891486546096165,0.3640067537300221,0.39350755025396295,0.0011027790030877812,0.00021644670492821044,0.0024187254344964436,0.0,0.0,0.0,0.0,0.0,0.0,0.0,0.0,0.0,1.0,0.0,0.0,0.0,0.0
strict_nonoverlap,test,attribute,False,sam_score,4534,1923,3078,0.2959263750239451,0.2856328917541989,0.3057687274432334,0.3809942223603955,0.36935104615531655,0.39230002346065446,0.3893865996202871,0.37710026088742915,0.4015474338314797,0.48410238847885706,0.46907764114799766,0.4991750926098542,0.8282794696231542,0.8214730868466814,0.835029058330115,0.25782973092192324,0.24337193447590189,0.27271170709954023,0.13564181737979708,0.12363223908468308,0.1474249018329077,0.5961623290692545,0.5801973939908961,0.6108451675229501,0.37031318923687695,0.3548294559455853,0.3860395087091849,0.03352448169386855,0.027808621739878452,0.039726441133608174,0.08450834483138635,0.07592453399748524,0.09315972556957758,0.5308778120864579,0.5128687898808283,0.54919787990727,0.45544772827525365,0.4365353930884479,0.47313957529039335,0.013674459638288486,0.02137863977224835,0.2706964588689862,-0.12997847023348383,-0.30013093647013583
strict_nonoverlap,test,attribute,False,smart,4534,1923,3078,0.31774235520109534,0.307790706890037,0.3275851368202492,0.4091257383739883,0.3978690239088541,0.42023100063760016,0.3913602132105399,0.37954961631014233,0.4028828773769313,0.5447648510432359,0.5302193946125009,0.5592176812205165,0.8368387004959167,0.8306249122516979,0.8425247212594973,0.27547419497132775,0.2616396498030387,0.28967870288103814,0.14711071901191,0.1348531203969188,0.15968087081650653,0.5992501102779003,0.5836379162409395,0.6141482277924201,0.37273930304367003,0.35810627640118475,0.38827154344459164,0.028010586678429643,0.022577617138420616,0.03360153151712377,0.10632432500853661,0.09865205943763615,0.11381571813449085,0.6003528892809881,0.5837151911353013,0.617998399337674,0.38663431848257607,0.36936497737878105,0.4034167708068354,0.013012792236435818,0.061568270399209,0.24714603675164518,-0.10876042353067503,-0.24305698850228374
strict_nonoverlap,test,attribute,False,frozen_final,4534,1923,3078,0.32048515950699275,0.3109330774306963,0.3299626151028331,0.416210149238603,0.4055306963067647,0.4264782038979639,0.3950021280534871,0.3834484672862622,0.40599517745987873,0.5697332920980132,0.555697449683052,0.5834463223548725,0.8430961258520381,0.838092607633452,0.847896486196104,0.2701808557565064,0.2560771503241579,0.28414229973329996,0.143140714600794,0.13116581581727796,0.15540700584305234,0.6060873400970446,0.5909690207958334,0.6211417698495112,0.37075430083811206,0.35566588538158467,0.3859256301842559,0.023158359064843405,0.018081077464121766,0.02832590794387201,0.10906712931443394,0.10220777964291487,0.11614122597637586,0.5760917512130569,0.5590514177531087,0.5936520562194705,0.31782090868989854,0.3013116682029358,0.3334086901821563,0.10608734009704456,0.049731808843806555,0.2479451238040348,-0.1062611374493376,-0.21954484424998016
strict_nonoverlap,test,attribute,False,center_score,4534,1923,3078,0.10506734759794904,0.09594025631396168,0.11441745656254688,0.12860756117580602,0.1179038549146071,0.1392535126219251,0.22006627147521074,0.2049789608193543,0.23414875199922855,0.12730073533785535,0.11597938407416432,0.13912600194063998,0.8102756214538785,0.8017487359353244,0.8187396475371989,0.0992501102779003,0.08828768173086489,0.11069787879372543,0.07168063520070578,0.062238993378719625,0.08135769667079579,0.3791354212615792,0.36423826580991897,0.39430469302197596,0.35222761358623733,0.3362670732325707,0.3691569396342277,0.2686369651521835,0.24827353153876588,0.2899318980072474,-0.1063506825946097,-0.11517149630060507,-0.09713422697915412,0.1497573886193207,0.1361631505855922,0.16450746732088625,0.8352448169386855,0.8200392175670492,0.8495450697105476,0.014997794441993825,-0.1314141241928909,0.3461933994204191,-0.18940039954856744,-0.4486791690866067
strict_nonoverlap,test,attribute,True,clip_baseline,4360,1840,2943,0.2232231885394365,0.21783485699277336,0.2288487385897972,0.341779525769341,0.33477282032920275,0.3490427374161844,0.27250925973100143,0.2648138439866313,0.280683584602657,0.6543016196388036,0.644177196310992,0.6650843172749626,0.7790775965751344,0.7761307739627749,0.7822200006799602,0.05894495412844037,0.05093742228567998,0.0675114256723348,0.0013761467889908258,0.0004553682244292391,0.002588296251142944,0.6722477064220184,0.6578523840702127,0.6872132450635889,0.32591743119266053,0.31086238899770335,0.34028055240048666,0.001834862385321101,0.00047158133265031224,0.003403233174522543,0.0,0.0,0.0,0.0,0.0,0.0,0.0,0.0,0.0,1.0,0.0,0.0,0.0,0.0
strict_nonoverlap,test,attribute,True,sam_score,4360,1840,2943,0.34492959193639383,0.33332723420696087,0.3563191491879447,0.43074954494671164,0.41812363557069726,0.4429579739022297,0.45260813882507583,0.4391828122887714,0.46555238244424246,0.516617130687321,0.5021622264804508,0.5311764177313661,0.851219473221001,0.8449668338498532,0.8573341136215714,0.31995412844036697,0.304386523495315,0.3365049991299467,0.19724770642201836,0.18377015274447325,0.2114184077978256,0.6644495412844037,0.6499750544629938,0.6802810597551358,0.30091743119266057,0.2857142857142857,0.3153795192844623,0.03463302752293578,0.028657123906789587,0.040932086165978245,0.12170640339695732,0.11212130753529627,0.13101828704415563,0.5745412844036697,0.5574293177186487,0.5912240184757506,0.4121559633027523,0.3958210877992105,0.4298436214160194,0.013302752293577982,0.061924288220771756,0.3091190427671931,-0.1356167408575876,-0.29776821653820207
strict_nonoverlap,test,attribute,True,smart,4360,1840,2943,0.37808693348881295,0.36687618161862595,0.3895191989165131,0.4683019602893727,0.45590264783991535,0.48051297611382926,0.45654791513372595,0.4435455646156826,0.4692918205024138,0.5816471444055563,0.5676083099943036,0.5957519352100382,0.8627105587397541,0.8574853025802018,0.8681573338284991,0.36123853211009177,0.34536983938031823,0.3778093353068911,0.2261467889908257,0.21160299741173882,0.2415244577816702,0.6704128440366972,0.656223676916363,0.6862552393915824,0.29862385321100915,0.2836744949945607,0.31241382322848216,0.03096330275229358,0.02549873809888455,0.03669801350875312,0.15486374494937644,0.1461656679465384,0.16397816856581793,0.6534403669724771,0.6369309152365886,0.6698268645306654,0.3330275229357798,0.3169269125855093,0.3496735978427307,0.01353211009174312,0.11307637136158614,0.29508941253754595,-0.11398333907726381,-0.23776025506830492
strict_nonoverlap,test,attribute,True,frozen_final,4360,1840,2943,0.37911535530613794,0.3677679243427709,0.3906514691770046,0.47296139208946947,0.460939002990349,0.4850458664276518,0.4585473530413867,0.4458438508904976,0.4709280197580106,0.6006692629501496,0.5868154925284287,0.6145546700468666,0.8673570979420278,0.8627317509735254,0.872205017256162,0.3532110091743119,0.3371386690985305,0.3694719350434946,0.22178899082568806,0.20728999641723875,0.2370272910540831,0.6740825688073394,0.6593733637310092,0.6891571479050784,0.2995412844036697,0.28493615774610126,0.31441809207607785,0.026376146788990827,0.02106444144778133,0.03166264494435532,0.1558921667667014,0.14725888244723911,0.1650589187730392,0.6337155963302752,0.6169251071149171,0.6500353415313361,0.28027522935779814,0.26457161751617214,0.2959762565918299,0.0860091743119266,0.1019896676837104,0.2953934466632763,-0.11168759904076457,-0.21818960114464053
strict_nonoverlap,test,attribute,True,center_score,4360,1840,2943,0.08409253363425069,0.07592449092801881,0.09271571265876384,0.1026456571366271,0.09330411155738061,0.11215486298429952,0.1921448724916182,0.17927724452022448,0.20524087663576618,0.0978789648576986,0.08848413409349105,0.10767094845301857,0.8079008752145364,0.7986737233262271,0.8165350037804397,0.07614678899082569,0.06644946842721344,0.08574787906917507,0.058486238532110095,0.050120887248194,0.06754015866008524,0.35527522935779815,0.33921324148333704,0.3716843928587744,0.35642201834862386,0.3380164911078415,0.37437329340767767,0.288302752293578,0.26733620525171803,0.31059411913786283,-0.13913065490518578,-0.14804181142149767,-0.13032584035711006,0.11192660550458716,0.10011735632573726,0.12374982513651481,0.8743119266055046,0.8618741782818535,0.8867624911151453,0.013761467889908258,-0.15441323367190068,0.34449930301683973,-0.2032332936145928,-0.477240548991823
strict_nonoverlap,test,color,False,clip_baseline,5124,2020,3340,0.2144112535956776,0.209262724472062,0.2193988974053003,0.330441229186018,0.3235941918022446,0.3369962543353583,0.26580256796301266,0.25850570602132683,0.2727602077105368,0.6309998107482873,0.6210168523297206,0.6414296726124314,0.7715513199104891,0.7685393476070626,0.7746412736315101,0.04625292740046839,0.03939902182385035,0.053394448023816404,0.001366120218579235,0.00039705780321473445,0.0023745572828343694,0.6295862607338018,0.6153994992901523,0.644190874947837,0.3692427790788447,0.3546853514581169,0.3832639993518441,0.00117096018735363,0.00019739147338773873,0.002456006943796045,0.0,0.0,0.0,0.0,0.0,0.0,0.0,0.0,0.0,1.0,0.0,0.0,0.0,0.0
strict_nonoverlap,test,color,False,sam_score,5124,2020,3340,0.2997643149725172,0.2900437033221428,0.308831249787775,0.38492019490515517,0.3738188738407993,0.395687549397566,0.396246679971985,0.384679011546264,0.40805295539282327,0.4851751038707194,0.4709574907649981,0.499539388595342,0.8288173895325658,0.8223962815502562,0.8352515002073827,0.26288056206088994,0.2490536624284774,0.27677347904965455,0.1409055425448868,0.12941384218479965,0.15238563833818783,0.600312256049961,0.5849258669333858,0.6145645807508185,0.366120218579235,0.3511348485299619,0.3807651907019232,0.03356752537080406,0.027903718849713443,0.03928187194041367,0.08535306137683969,0.07715560996282797,0.09362557073859178,0.5304449648711944,0.5130964371518252,0.5472356935014548,0.4558938329430133,0.4387913760788951,0.4736433189708495,0.01366120218579235,0.02163605610941445,0.27517474898491784,-0.13295200395808227,-0.3060541139516658
strict_nonoverlap,test,color,False,smart,5124,2020,3340,0.32286857408225833,0.31350059118117934,0.3319272258574549,0.41416778416223105,0.4036427781956862,0.42444396067271384,0.39843365607873943,0.3874778627545409,0.4091956464426308,0.5459546011438984,0.5322877350601375,0.5600526128963105,0.8377174542938975,0.8318176315098326,0.8431811314173953,0.2827868852459016,0.2692895921853099,0.29692401352298614,0.15456674473067916,0.142526417138315,0.16657037206625672,0.6036299765807962,0.5886981407908666,0.6182091051745254,0.36807181889149104,0.35353868167998476,0.3828292067419001,0.028298204527712725,0.023059616799335495,0.03378252959055115,0.10845732048658073,0.10138000594835386,0.11557315772930274,0.6010928961748634,0.5849017333912557,0.6172465021408596,0.38583138173302106,0.3693295371329326,0.4016327487148415,0.013075722092115535,0.06320797001611075,0.25167047045990887,-0.11098115267743026,-0.24621255294860267
strict_nonoverlap,test,color,False,frozen_final,5124,2020,3340,0.32615875373307135,0.3170982786370278,0.33498391521227405,0.4220474624456519,0.4119580753867785,0.4317652274246885,0.40265619665665436,0.3919756549146621,0.41328787008037626,0.571721089370859,0.5585586020774738,0.5847228858231079,0.8446045710733349,0.8397196492287953,0.8492765291147534,0.2773224043715847,0.2638529517533731,0.29107146693436087,0.15066354410616706,0.13897911957150721,0.16263501420602822,0.612607338017174,0.597766585271183,0.6272410033135607,0.36416861826697894,0.34936774170514184,0.37847679716415655,0.023224043715846996,0.018684076756894142,0.02831871195457568,0.11174750013739379,0.10521247606703252,0.11852108152751638,0.5776736924277908,0.5612858399161987,0.5937694255265151,0.3163544106167057,0.3005447283567173,0.33094123363136446,0.10597189695550352,0.05113726473305625,0.2525598291102138,-0.10794750367811665,-0.22198879546588388
strict_nonoverlap,test,color,False,center_score,5124,2020,3340,0.10428286498108182,0.0957895900647199,0.11306138647146821,0.1278240213547431,0.11790327947746526,0.13794043355072802,0.22057491497489085,0.20686294485671697,0.2346183788014514,0.12544849233849725,0.11462799930412844,0.1364779854324225,0.8094035592317264,0.8013581051139483,0.8174369943213488,0.0977751756440281,0.08742707368565801,0.1081140822004006,0.0702576112412178,0.06137027324510691,0.07943941776992863,0.3791959406713505,0.36501192626341955,0.39336645064953313,0.3553864168618267,0.341004524467348,0.3709212093288105,0.2654176424668228,0.24464044046186725,0.2857994659300965,-0.11012838861459574,-0.11830785533472869,-0.10128437657460548,0.1485167837626854,0.1355767347861016,0.16209136794600265,0.8376268540202967,0.8234345664525692,0.8512673880687794,0.013856362217017954,-0.1352012458951094,0.34144724009751065,-0.1920175239924031,-0.45315165002581814
strict_nonoverlap,test,color,True,clip_baseline,3770,1663,2600,0.2210024370028522,0.21525298127479292,0.2270138190553818,0.3386845466725678,0.33119957386831844,0.34622775443381354,0.26845031075069803,0.2602182440039403,0.27701248192672273,0.6553983320036811,0.6442269357645862,0.6673464636622982,0.778941491459911,0.7758266183237719,0.7822254418458764,0.058355437665782495,0.04974737520295572,0.06736478566433741,0.0015915119363395225,0.0005276975273593623,0.002986128852554412,0.6673740053050398,0.6518174462031304,0.6836856938089126,0.33076923076923076,0.3148321569449863,0.3459019031041584,0.001856763925729443,0.0005242429612777544,0.00364358360025991,0.0,0.0,0.0,0.0,0.0,0.0,0.0,0.0,0.0,1.0,0.0,0.0,0.0,0.0
strict_nonoverlap,test,color,True,sam_score,3770,1663,2600,0.34738218972999085,0.33510901953383937,0.3596524910601119,0.4332001966725944,0.42012640936596074,0.44633305323138206,0.453178339463995,0.43903968663716586,0.46721061238520883,0.5202476623146662,0.5047088339214331,0.5357824299715831,0.8540784388727,0.8476873100442726,0.8603503734245006,0.32281167108753317,0.30625855273301983,0.3409570379121549,0.19973474801061009,0.1852728458832942,0.21503413296681748,0.6694960212201592,0.6542369291384518,0.6860025312035142,0.2957559681697613,0.27970545111791933,0.31099236259426283,0.03474801061007957,0.028379224242308147,0.04143072596218114,0.1263797527271387,0.11618612550013234,0.13675319863798896,0.5819628647214854,0.5637944783589067,0.5997396970130207,0.40477453580901857,0.3869660141262644,0.4235645140708455,0.013262599469496022,0.0660830693874372,0.30901759839948123,-0.13206614882513032,-0.289163664250494
strict_nonoverlap,test,color,True,smart,3770,1663,2600,0.380563473447082,0.36822594087251603,0.3929218929761811,0.4707100579846302,0.45746230917775654,0.48374752336702087,0.4571358257114515,0.44325260044543807,0.4706535353961043,0.5858021241318094,0.5704184607968154,0.6007357699675203,0.8655651109686693,0.8601889162807319,0.8713594433316831,0.3647214854111406,0.3472066465974177,0.38191370746368053,0.22838196286472148,0.21284573624439507,0.24516235961408522,0.6755968169761273,0.6594677552582191,0.691862670139406,0.29336870026525197,0.27763002930237796,0.3083142217552195,0.03103448275862069,0.02521231422505308,0.03692958903382733,0.15956103644422978,0.15007181483533857,0.1693063265371803,0.6607427055702918,0.642834739352767,0.6779756651834612,0.3257294429708223,0.3084465225167977,0.3435699519791946,0.013527851458885942,0.1209457971918663,0.29638546741907956,-0.11136082406040776,-0.2320794677795421
strict_nonoverlap,test,color,True,frozen_final,3770,1663,2600,0.3805796308252543,0.3683512608339967,0.3927979773155597,0.47390909511575413,0.46069896604446803,0.4867413332606152,0.45808905999635524,0.44433080563103505,0.47151876183110336,0.602808984323279,0.5872784347303293,0.6178091767334255,0.8691037027746984,0.8643304066640959,0.8741818116431156,0.35649867374005306,0.33916988044652996,0.3734654868783503,0.22387267904509284,0.20865968869873433,0.24062787492135948,0.6758620689655173,0.6595348464266848,0.6924645614818211,0.2973474801061008,0.281201170805003,0.3131441578328935,0.026790450928381962,0.02143741940793986,0.032225048421689724,0.15957719382240207,0.15032999655730658,0.16911768969503482,0.6405835543766578,0.6218227639628225,0.657935305378523,0.2763925729442971,0.2598275976317305,0.293507748085865,0.0830238726790451,0.10867528673277849,0.29657460138324576,-0.11000157546073194,-0.2144514736323613
strict_nonoverlap,test,color,True,center_score,3770,1663,2600,0.08187623355208774,0.07304831253873662,0.09105090740785536,0.09964760266978649,0.08978628109046481,0.10995868557283947,0.18708388716199473,0.1733567038142587,0.2008740683775024,0.0957919750819475,0.08587910743794745,0.10624344441815249,0.8087144949877715,0.7986334717821675,0.8181030057805265,0.07453580901856764,0.0644450168826388,0.08492811565345969,0.058355437665782495,0.04974791594827177,0.06808650713248042,0.35145888594164454,0.3341291232218062,0.3684507064606712,0.35278514588859416,0.33288293111028433,0.3716272647263901,0.2957559681697613,0.27267440273692495,0.3199795555806516,-0.13912620345076443,-0.14788642568994706,-0.13003398383499304,0.1076923076923077,0.09522401855047834,0.12038961288103858,0.8771883289124669,0.8634921923105202,0.8899732461258629,0.015119363395225464,-0.15361738198571265,0.35305327183368646,-0.2019490218850495,-0.4761492985830984
strict_nonoverlap,test,clothing,False,clip_baseline,7494,2350,4238,0.21462022183219265,0.21014501539914124,0.21901342159826975,0.3306852629932335,0.3247746224249926,0.33641157718555753,0.2635249864008274,0.2571891416834082,0.2696618086752643,0.6420040019994151,0.6330066420478451,0.6510692097745557,0.7725186702059059,0.7699229678746881,0.7752388539322537,0.04843875100080064,0.042478301503869303,0.05484684856638682,0.0012009607686148918,0.0005274939752533287,0.0020099492707871033,0.6381104883907126,0.6266082532257823,0.6496572195260966,0.36042167066986924,0.34893897475466007,0.37179568106312294,0.0014678409394182012,0.0005350436898945959,0.0026395073738093985,0.0,0.0,0.0,0.0,0.0,0.0,0.0,0.0,0.0,1.0,0.0,0.0,0.0,0.0
strict_nonoverlap,test,clothing,False,sam_score,7494,2350,4238,0.31913413771529897,0.31016659700737037,0.3277649774867758,0.4050004090527503,0.39489319408189155,0.41456377414010437,0.4123149464032054,0.4019666662718608,0.42214518897252784,0.5086046724737391,0.4964989231921772,0.5208924895604472,0.8378459936390742,0.8323453315121152,0.8430391634811787,0.28649586335735255,0.27351933199287937,0.2987133998188885,0.1633306645316253,0.1527963562844347,0.17389363288979823,0.6188951160928743,0.606638533402123,0.6311071383244801,0.3466773418734988,0.3343440296045568,0.35889657704122896,0.0344275420336269,0.029590277056445975,0.039530361333245466,0.1045139158831063,0.09702078497047417,0.11164873693428061,0.5580464371497198,0.5431975213292121,0.572580808675405,0.42887643448091806,0.41430552112952485,0.4438100731566062,0.013077128369362156,0.04328443729705815,0.28660286285368897,-0.12923020747546007,-0.2924741766231317
strict_nonoverlap,test,clothing,False,smart,7494,2350,4238,0.34163916350833284,0.33291569138769955,0.3502281424139262,0.4339384297830502,0.4241893809384571,0.4432920775176095,0.4130989344661042,0.4029053311255406,0.42276680702203717,0.5701837303908635,0.5577935687079715,0.5824907636099217,0.8462641588967934,0.8412949574333464,0.850795842767663,0.3063784360821991,0.293412822246801,0.3192041722173794,0.1748065118761676,0.1639987868030365,0.1862553344896245,0.622898318654924,0.610926999204897,0.6350670267648518,0.34774486255671205,0.3357702784748666,0.3595570907871014,0.029356818788364023,0.024905850133861655,0.03390299029653628,0.12701894167614014,0.12023625678609333,0.13354576792546397,0.6286362423271951,0.6145682869451027,0.6425161479284528,0.3585535094742461,0.34440296517877544,0.37209626563981785,0.012810248198558846,0.0826668121448242,0.26396102472531463,-0.10853756552287432,-0.23574075181070456
strict_nonoverlap,test,clothing,False,frozen_final,7494,2350,4238,0.3429265705312084,0.33463049983809606,0.3513240194091641,0.439086780507438,0.4298288468885552,0.4481858351344029,0.4153058738266663,0.4055961966254537,0.42461832087153456,0.5916326766298009,0.5796501663837504,0.603218643339452,0.8511941111111683,0.8469495676929992,0.85517970296947,0.29943955164131303,0.2868281929586576,0.31193673415138956,0.17026954897251134,0.1596510190697205,0.18127896751464923,0.6279690419001868,0.6157326849914949,0.6405592341206715,0.34707766212970376,0.3350256967455256,0.3587802074178401,0.02495329597010942,0.020939310273559292,0.02939614443854219,0.12830634869901572,0.12180227328137927,0.1346351334076209,0.6051507872965038,0.5908850583625054,0.6188449233581308,0.2971710701894849,0.28347551982309277,0.3101890080643261,0.0976781425140112,0.07290283017682375,0.2643644556084596,-0.10658510508933125,-0.21432575692981348
strict_nonoverlap,test,clothing,False,center_score,7494,2350,4238,0.09835439919701955,0.09104544627442172,0.105929853483428,0.11939589740665763,0.11097029012248992,0.12782811519303117,0.2091466604916806,0.1975247072754515,0.22025456086522976,0.11821799715115451,0.10930594093061491,0.12754176291766295,0.8116999472104953,0.8042112215839375,0.8187454557752512,0.09340805978115826,0.08466816951499463,0.10228588580614684,0.06965572457966374,0.06203096182052252,0.07782995815867158,0.36802775553776357,0.35596972899698975,0.3801315024599545,0.3429410194822525,0.32962518980469346,0.356443721164572,0.289031224979984,0.27097278091389637,0.308129015789415,-0.11626582263517309,-0.12354894264246058,-0.10879913356944333,0.1359754470242861,0.125251888847192,0.14715292973009314,0.8501467840939418,0.8386426155848644,0.8613424091848542,0.013877768881772085,-0.138616889136186,0.3528863124484281,-0.19320157388368162,-0.45779353887046514
strict_nonoverlap,test,clothing,True,clip_baseline,1400,696,1019,0.23104179179610912,0.22137176882017084,0.24065192413197128,0.35133302745246114,0.3388679942930452,0.36371751606138525,0.28512412977486273,0.27220624259087345,0.298672996605102,0.6377976792460609,0.6193400070454814,0.656752374669863,0.7862739082158223,0.781289240212653,0.7915360364155327,0.06714285714285714,0.05389920728261368,0.0815032460236519,0.002857142857142857,0.0006896432900021388,0.006053004546799965,0.6857142857142857,0.6594232501905943,0.712931523791556,0.31285714285714283,0.28614888078773043,0.33892407195568847,0.0014285714285714286,0.0,0.003706655747419528,0.0,0.0,0.0,0.0,0.0,0.0,0.0,0.0,0.0,1.0,0.0,0.0,0.0,0.0
strict_nonoverlap,test,clothing,True,sam_score,1400,696,1019,0.32430855511628126,0.3061295209122697,0.34299361684810115,0.4074448247917035,0.38700516035261295,0.42814413316456107,0.4635443711500652,0.4411988628012225,0.4862781535489054,0.4542053597440407,0.43145008899795534,0.4775885718976479,0.8485129587026605,0.838573265466622,0.8581377665096713,0.2978571428571429,0.2714582267891449,0.3239308753932792,0.1792857142857143,0.158811895754284,0.20099583598330592,0.6871428571428572,0.6619561795587461,0.7120076107099008,0.2807142857142857,0.2561872868387767,0.3053483133118576,0.03214285714285714,0.02237384500889198,0.04317132344538472,0.09326676332017213,0.07720875933828827,0.10977367652413703,0.5214285714285715,0.49159909240990324,0.5506424883689168,0.46285714285714286,0.43414721334473205,0.49248395517717514,0.015714285714285715,0.0111952128432659,0.31141973448676896,-0.14932552087515485,-0.3259757577978819
strict_nonoverlap,test,clothing,True,smart,1400,696,1019,0.37775641225824624,0.35752501781694607,0.39850173390357196,0.460598608467964,0.438633626683529,0.48250489452900724,0.47800907270760606,0.45578121387475357,0.5005041860026684,0.5235632204922328,0.49978260131183866,0.5470584275312326,0.8669579267008888,0.8582210758291827,0.8758540885153571,0.37714285714285717,0.3496700723559859,0.4063452514272498,0.245,0.21957918146173458,0.2691777645823704,0.6942857142857143,0.6690523373128476,0.7189047608365199,0.2757142857142857,0.2514370446167105,0.29964801444043315,0.03,0.0210968311375183,0.040788719423378715,0.14671462046213715,0.13126657448727452,0.16254630243624751,0.6142857142857143,0.5857082590923384,0.6433052389068049,0.37,0.3416971227798838,0.3984986233188605,0.015714285714285715,0.10899279658421765,0.3138614661354524,-0.12455674175578586,-0.2614058902307369
strict_nonoverlap,test,clothing,True,frozen_final,1400,696,1019,0.38295067341327904,0.36332304892876427,0.40320042712375304,0.4704943950251233,0.4494845917812778,0.4919985021207054,0.48421706385565677,0.4622224709197493,0.5066987756992362,0.5488524672652254,0.5256390546148022,0.5717026300596547,0.8753043664094907,0.868185669514192,0.8829696099934243,0.37214285714285716,0.34466892284552014,0.40058014147236043,0.24285714285714285,0.21754524464910474,0.26724185926675786,0.7007142857142857,0.6755165615380928,0.726797056100114,0.2757142857142857,0.25054505658765747,0.3003071375204859,0.023571428571428573,0.015238850178762494,0.0328114428367638,0.15190888161716998,0.13696178284907728,0.16710971307840547,0.6,0.5709191673840855,0.6292910449642102,0.31142857142857144,0.2830846419942895,0.33882735126398805,0.08857142857142856,0.09624264783533179,0.31537136943143695,-0.1198154038035988,-0.24034330790449826
strict_nonoverlap,test,clothing,True,center_score,1400,696,1019,0.07567923790854965,0.06369826156677819,0.08864288676678547,0.0970634945152189,0.0830730922271339,0.11204771024526947,0.19156217514814755,0.1698819149200119,0.21469768238016917,0.0842915358218929,0.07095789336360743,0.09844851427091135,0.7952557708655792,0.7788424014435859,0.8103253979870476,0.05857142857142857,0.04436052714935899,0.07379342781575926,0.041428571428571426,0.02923869893712383,0.05426356589147287,0.36428571428571427,0.3370824613208719,0.391852616437291,0.415,0.3864616072835832,0.4428804449857271,0.22071428571428572,0.18950864276568502,0.2532288212662496,-0.15536255388755946,-0.16902255541045677,-0.14157193861567008,0.10571428571428572,0.08724284409890967,0.1261881382880144,0.8771428571428571,0.8561787896708062,0.8967229320058594,0.017142857142857144,-0.16321259498858695,0.29452584928198694,-0.21262003349862973,-0.4879823553835605
