dataset,source,comparison,metric,difference,ci_low,ci_high
refcoco,CS,SMART minus NAIVE,iou,0.02762006039643386,0.023081821910800743,0.03188821223613987
refcoco,CS,SMART minus NAIVE,dice,0.03390029929844439,0.029446152483702623,0.038047824431510585
refcoco,CS,SMART minus NAIVE,p_at_05,0.03218005952380952,0.02380884970069568,0.04014905322459573
refcoco,CS,SMART minus NAIVE,correct_instance,0.0017671130952380952,-0.003491748493115383,0.007523206242708739
refcoco,CS,SMART minus NAIVE,wrong_instance,-0.0005580357142857143,-0.006210412646103899,0.004722539935130349
refcoco,CS,SMART minus NAIVE,harm_rate,-0.07626488095238096,-0.0840039002996543,-0.06858982641243558
refcoco,CS,FINAL minus SMART,iou,-0.016996949751045615,-0.02063556547353781,-0.013397662099016352
refcoco,CS,FINAL minus SMART,dice,-0.0062552326112518585,-0.01054876455823701,-0.0019082534518913062
refcoco,CS,FINAL minus SMART,p_at_05,-0.052920386904761904,-0.059058415170555344,-0.04706289851057182
refcoco,CS,FINAL minus SMART,correct_instance,-0.014508928571428572,-0.021170857911987778,-0.0075142373725778444
refcoco,CS,FINAL minus SMART,wrong_instance,0.01906622023809524,0.012050143119208021,0.025767726050068322
refcoco,CS,FINAL minus SMART,harm_rate,-0.19308035714285715,-0.20511626685083445,-0.18190949553431535
refcoco,CS,FINAL minus NAIVE,iou,0.010623110645388241,0.005055918861072301,0.01627421603813119
refcoco,CS,FINAL minus NAIVE,dice,0.027645066687192535,0.021802585683274044,0.03376144635077395
refcoco,CS,FINAL minus NAIVE,p_at_05,-0.02074032738095238,-0.030404757000139677,-0.011105250595022553
refcoco,CS,FINAL minus NAIVE,correct_instance,-0.012741815476190476,-0.020742706661823335,-0.0039006871063401987
refcoco,CS,FINAL minus NAIVE,wrong_instance,0.018508184523809524,0.009894314572024705,0.02657471478174603
refcoco,CS,FINAL minus NAIVE,harm_rate,-0.2693452380952381,-0.28257966077235974,-0.25662636847509773
refcoco,CS,NAIVE minus MAP,iou,0.07481280563343387,0.06735493948869843,0.0824239489341732
refcoco,CS,NAIVE minus MAP,dice,0.04139433261420073,0.03297087382419672,0.049647607437253466
refcoco,CS,NAIVE minus MAP,p_at_05,0.18238467261904762,0.17084575801939467,0.19422833600186057
refcoco,CS,NAIVE minus MAP,correct_instance,0.049107142857142856,0.03835257135030018,0.059328552853026136
refcoco,CS,NAIVE minus MAP,wrong_instance,-0.05970982142857143,-0.06988296480584208,-0.04910982787354963
refcoco,CS,NAIVE minus MAP,harm_rate,0.478515625,0.46517124701417645,0.49216939372415236
refcoco,GE,SMART minus NAIVE,iou,0.020370183551458244,0.01624292922707398,0.024544835237774613
refcoco,GE,SMART minus NAIVE,dice,0.02622591916164512,0.02209665849854795,0.030605063607628494
refcoco,GE,SMART minus NAIVE,p_at_05,0.015531994047619048,0.007538607742055103,0.022902742172987572
refcoco,GE,SMART minus NAIVE,correct_instance,0.005301339285714286,0.0,0.010783480687765806
refcoco,GE,SMART minus NAIVE,wrong_instance,-0.002232142857142857,-0.007846420466153033,0.003061298959302762
refcoco,GE,SMART minus NAIVE,harm_rate,-0.07114955357142858,-0.08008785439958907,-0.0617132887080606
refcoco,GE,FINAL minus SMART,iou,-0.0016206531796981343,-0.003012890808373674,-0.00026229149841303296
refcoco,GE,FINAL minus SMART,dice,0.0002718233587849333,-0.0014184798956155878,0.0018864157316973015
refcoco,GE,FINAL minus SMART,p_at_05,-0.006510416666666667,-0.00844215485398159,-0.004721283245996488
refcoco,GE,FINAL minus SMART,correct_instance,0.001209077380952381,-0.0019459897399951168,0.0042971145301259435
refcoco,GE,FINAL minus SMART,wrong_instance,-9.300595238095238e-05,-0.0033325286670955394,0.003092493674444757
refcoco,GE,FINAL minus SMART,harm_rate,-0.03915550595238095,-0.04368091879518014,-0.03465295869266458
refcoco,GE,FINAL minus NAIVE,iou,0.01874953037176011,0.014530070689582055,0.0231322997019142
refcoco,GE,FINAL minus NAIVE,dice,0.026497742520430054,0.022108398721632082,0.031116170419614918
refcoco,GE,FINAL minus NAIVE,p_at_05,0.00902157738095238,0.0008289721482998795,0.01695752079961245
refcoco,GE,FINAL minus NAIVE,correct_instance,0.006510416666666667,0.0007249356858530319,0.012409828680995175
refcoco,GE,FINAL minus NAIVE,wrong_instance,-0.0023251488095238095,-0.008267636374631857,0.0032343393205811256
refcoco,GE,FINAL minus NAIVE,harm_rate,-0.11030505952380952,-0.12012826790585715,-0.10040241915282737
refcoco,GE,NAIVE minus MAP,iou,0.0691335736415772,0.06273682728722063,0.07532065896925275
refcoco,GE,NAIVE minus MAP,dice,0.03823779145465793,0.03119465584839016,0.04508261313416978
refcoco,GE,NAIVE minus MAP,p_at_05,0.18536086309523808,0.17455068325068854,0.1962209136023926
refcoco,GE,NAIVE minus MAP,correct_instance,-0.006510416666666667,-0.016441089550574328,0.0033076459930551695
refcoco,GE,NAIVE minus MAP,wrong_instance,-0.010230654761904762,-0.020149610157479205,0.0002781301843416816
refcoco,GE,NAIVE minus MAP,harm_rate,0.48986235119047616,0.4764681095417592,0.5033178852237655
refcocoplus,CS,SMART minus NAIVE,iou,0.027194273926150647,0.022561393588832034,0.03174744832602631
refcocoplus,CS,SMART minus NAIVE,dice,0.032247699757104946,0.027904986685733137,0.036701731839010265
refcocoplus,CS,SMART minus NAIVE,p_at_05,0.031088082901554404,0.022446271145356515,0.03945495423133949
refcocoplus,CS,SMART minus NAIVE,correct_instance,9.420631182289213e-05,-0.005212352940918698,0.005534858408654268
refcocoplus,CS,SMART minus NAIVE,wrong_instance,0.002072538860103627,-0.0033772403292258667,0.0074803464779361305
refcocoplus,CS,SMART minus NAIVE,harm_rate,-0.07687235044747998,-0.08474981034789976,-0.06904947242905579
refcocoplus,CS,FINAL minus SMART,iou,-0.023043619850649892,-0.0269742361209018,-0.01907178541015286
refcocoplus,CS,FINAL minus SMART,dice,-0.01514051958094003,-0.019660707981830932,-0.010702890030027478
refcocoplus,CS,FINAL minus SMART,p_at_05,-0.05454545454545454,-0.06117291025801668,-0.048197222719918324
refcocoplus,CS,FINAL minus SMART,correct_instance,-0.018935468676401317,-0.026396345305990575,-0.01171304123575
refcocoplus,CS,FINAL minus SMART,wrong_instance,0.024776260009420632,0.017400928016008333,0.032129524326932946
refcocoplus,CS,FINAL minus SMART,harm_rate,-0.1687235044747998,-0.1796539768052841,-0.15808749109105508
refcocoplus,CS,FINAL minus NAIVE,iou,0.004150654075500756,-0.001895829678783725,0.010242119261501485
refcocoplus,CS,FINAL minus NAIVE,dice,0.017107180176164916,0.011013343379455174,0.023291531488593423
refcocoplus,CS,FINAL minus NAIVE,p_at_05,-0.023457371643900143,-0.0335772299340456,-0.01275030117391673
refcocoplus,CS,FINAL minus NAIVE,correct_instance,-0.018841262364578427,-0.027361462780356692,-0.010320595535418921
refcocoplus,CS,FINAL minus NAIVE,wrong_instance,0.026848798869524258,0.01821005951945249,0.03534094658893601
refcocoplus,CS,FINAL minus NAIVE,harm_rate,-0.24559585492227978,-0.2577873009605901,-0.2335128528037482
refcocoplus,CS,NAIVE minus MAP,iou,0.09101883986069188,0.08302687209554487,0.09863764758919813
refcocoplus,CS,NAIVE minus MAP,dice,0.06166585959722879,0.05307494912783072,0.06973556627382704
refcocoplus,CS,NAIVE minus MAP,p_at_05,0.20037682524729156,0.18752104884718312,0.21325778207811988
refcocoplus,CS,NAIVE minus MAP,correct_instance,0.06848798869524259,0.05685172024799037,0.07964696066339924
refcocoplus,CS,NAIVE minus MAP,wrong_instance,-0.08243052284503062,-0.09331047657080282,-0.07072740738595441
refcocoplus,CS,NAIVE minus MAP,harm_rate,0.45190767781441354,0.43913159430275633,0.46543401073947993
refcocoplus,GE,SMART minus NAIVE,iou,0.020083812686751818,0.0156699663937956,0.024232150905490843
refcocoplus,GE,SMART minus NAIVE,dice,0.02528882697293296,0.021062357256125836,0.0294080609514719
refcocoplus,GE,SMART minus NAIVE,p_at_05,0.022609514837494113,0.01421384147334191,0.03002033091739407
refcocoplus,GE,SMART minus NAIVE,correct_instance,0.0060292039566650964,0.00018987610724925487,0.011937838414225617
refcocoplus,GE,SMART minus NAIVE,wrong_instance,-0.002166745171926519,-0.008128302554630559,0.0035298089828494994
refcocoplus,GE,SMART minus NAIVE,harm_rate,-0.0670748940178992,-0.0752452666240836,-0.058507980821612335
refcocoplus,GE,FINAL minus SMART,iou,-0.0021817469798181776,-0.003384962437233445,-0.0010494952634770454
refcocoplus,GE,FINAL minus SMART,dice,-0.0008874049966475293,-0.002254887044153518,0.00048523357054277514
refcocoplus,GE,FINAL minus SMART,p_at_05,-0.005934997644842205,-0.007771793603714928,-0.004164343503683604
refcocoplus,GE,FINAL minus SMART,correct_instance,0.0015073009891662741,-0.0010379493241133581,0.003974526074122522
refcocoplus,GE,FINAL minus SMART,wrong_instance,9.420631182289213e-05,-0.0024340581417772672,0.0026538984038385945
refcocoplus,GE,FINAL minus SMART,harm_rate,-0.028167687235044748,-0.03233504037650228,-0.024422968826778028
refcocoplus,GE,FINAL minus NAIVE,iou,0.017902065706933645,0.013375404867633792,0.0222629399437661
refcocoplus,GE,FINAL minus NAIVE,dice,0.02440142197628543,0.019812865882524778,0.028747976455097093
refcocoplus,GE,FINAL minus NAIVE,p_at_05,0.016674517192651908,0.00817835145870956,0.024699530106097305
refcocoplus,GE,FINAL minus NAIVE,correct_instance,0.007536504945831371,0.0012451304583135038,0.013882724471075867
refcocoplus,GE,FINAL minus NAIVE,wrong_instance,-0.002072538860103627,-0.00838113677630083,0.004290121584884655
refcocoplus,GE,FINAL minus NAIVE,harm_rate,-0.09524258125294395,-0.10415141593564504,-0.08617737880658785
refcocoplus,GE,NAIVE minus MAP,iou,0.078769546886756,0.07161072527150059,0.08527303951716193
refcocoplus,GE,NAIVE minus MAP,dice,0.04924055783133961,0.041406272884721824,0.05626923047725353
refcocoplus,GE,NAIVE minus MAP,p_at_05,0.19463024022609515,0.183194806678985,0.20565144071557134
refcocoplus,GE,NAIVE minus MAP,correct_instance,-0.006500235515779557,-0.01753412345534341,0.004072011505818778
refcocoplus,GE,NAIVE minus MAP,wrong_instance,-0.013094677343382006,-0.023546102119899704,-0.0026773570277859415
refcocoplus,GE,NAIVE minus MAP,harm_rate,0.4685821950070655,0.455616127843573,0.4827047401470259
