source,cohort,method,expressions,images,iou,iou_ci_low,iou_ci_high,correct_instance,correct_instance_ci_low,correct_instance_ci_high,harm,harm_ci_low,harm_ci_high
CDA,standard,MAP,9602,2600,0.21731608978440917,0.21335150629485075,0.2212246517473763,0.641220579046032,0.6305549367878932,0.6519128765922096,0.0,0.0,0.0
CDA,standard,NAIVE,9602,2600,0.31826855025976475,0.31035500996285437,0.3253561983546805,0.6244532389085607,0.6133506473592408,0.6344164972570153,0.43699229327223493,0.4247213938584025,0.4491970461219021
CDA,standard,SMART,9602,2600,0.3450697149160176,0.3375642952888961,0.35250447990691547,0.628723182670277,0.6178529821571923,0.6389653953561312,0.3640908144136638,0.3523008482894111,0.37584124671226204
CDA,standard,FINAL,9602,2600,0.3471539638655158,0.33961667370847726,0.3543666451310659,0.6343470110393667,0.6229181949440098,0.644798937575461,0.3012913976254947,0.29004781954639247,0.3123965096345571
CDA,strict_nonoverlap,MAP,8894,2443,0.2172051327777158,0.21279961642324366,0.22147763364403525,0.645603777827749,0.6346022265073974,0.6564089847400922,0.0,0.0,0.0
CDA,strict_nonoverlap,NAIVE,8894,2443,0.3199486401170726,0.3114668900615068,0.3281151618101213,0.6296379581740499,0.6182080443261919,0.6409623008104797,0.4342253204407466,0.421277938004456,0.44839413089332364
CDA,strict_nonoverlap,SMART,8894,2443,0.3473243611977727,0.3392610189619414,0.3555493435883249,0.6341353721610075,0.6226979545842416,0.6454871395705244,0.36035529570496966,0.3471082367010206,0.3733470568330948
CDA,strict_nonoverlap,FINAL,8894,2443,0.3492267441353122,0.34138193394712046,0.3572534381904148,0.6394198335956824,0.6280375458549572,0.6506704113739504,0.2994153361816955,0.28705110829905023,0.31166374579340894
CS,standard,MAP,9602,2600,0.21315644702955627,0.20868729321878096,0.2176166001247088,0.6259112684857321,0.6154555318843098,0.6361062574590322,0.0,0.0,0.0
CS,standard,NAIVE,9602,2600,0.3225648317575638,0.31488709843314666,0.3303637769514283,0.6451780878983545,0.6339605686116158,0.6565529435528461,0.439387627577588,0.42751877819815703,0.4512293362857012
CS,standard,SMART,9602,2600,0.3490357825441407,0.34129462114779463,0.35690049665899937,0.6458029577171422,0.6348766807646503,0.6567980710991008,0.3634659445948761,0.35185940110214037,0.3751180156151039
CS,standard,FINAL,9602,2600,0.3304314804227151,0.32315210336299366,0.3378365200674442,0.6469485523849198,0.63597643067703,0.6574101519644584,0.1850656113309727,0.17521397392526902,0.19452177455885386
CS,strict_nonoverlap,MAP,8894,2443,0.21276868029499382,0.20800044984490407,0.21745416431368456,0.6310996177198112,0.6203118216665745,0.6418731011418737,0.0,0.0,0.0
CS,strict_nonoverlap,NAIVE,8894,2443,0.32488429309530603,0.31639306701659975,0.33323974435291787,0.6498763211153586,0.6381254382471234,0.6615121210745823,0.43568697998650774,0.42377547932661186,0.44779879542507034
CS,strict_nonoverlap,SMART,8894,2443,0.35114505435942556,0.3427727842980127,0.3594225585029572,0.6510006746120981,0.6396917606097106,0.6624019021487724,0.3587812008095345,0.3464652817385557,0.3709878097768443
CS,strict_nonoverlap,FINAL,8894,2443,0.3314638951177801,0.3236977861476345,0.3392027747621897,0.6513379806611198,0.64059815985144,0.6623850036577894,0.18270744322014842,0.17289065021799072,0.19246897089656004
GE,standard,MAP,9602,2600,0.22559384020686146,0.2214061768087651,0.2297713167125932,0.6384086648614872,0.6282274287665458,0.6484929840666005,0.0,0.0,0.0
GE,standard,NAIVE,9602,2600,0.3220973512796003,0.3145601980948363,0.3300229418211279,0.6117475525932098,0.6005908343754569,0.6224220602357211,0.4352218287856697,0.42246026447711654,0.4470433704380214
GE,standard,SMART,9602,2600,0.3506625131322556,0.34283577485258937,0.35879839176013545,0.6165382212039159,0.6057130984954866,0.62748323073548,0.35794626119558426,0.3457164914997031,0.36948966096810837
GE,standard,FINAL,9602,2600,0.3495828189246298,0.34166615412450313,0.35754632740336695,0.6195584253280566,0.6085190873754797,0.6301791328984542,0.33149343886690275,0.31989026444761326,0.3425552796162859
GE,strict_nonoverlap,MAP,8894,2443,0.22564762043580228,0.22103078931746514,0.2302087062255669,0.6441421182819879,0.6330526813352371,0.6551268535711079,0.0,0.0,0.0
GE,strict_nonoverlap,NAIVE,8894,2443,0.3250764015355738,0.31698687508076295,0.33329085749974197,0.6170451990105689,0.6053428231256786,0.62815255824805,0.4302900832021588,0.41752459915820883,0.4432673640058927
GE,strict_nonoverlap,SMART,8894,2443,0.3540756277491548,0.34564627064490605,0.36245770380922726,0.6228918371936136,0.6115579796559529,0.6336859701422898,0.3512480323813807,0.33810252945248725,0.36418432040625043
GE,strict_nonoverlap,FINAL,8894,2443,0.35279850097574095,0.34463213427332895,0.3609650077070468,0.6254778502361142,0.6141840183136907,0.6364976813666365,0.32651225545311446,0.3141082250869769,0.33931682936416707
