source,cohort,comparison,metric,difference,ci_low,ci_high
CDA,standard,SMART minus NAIVE,iou,0.026801164656252895,0.02313366724467542,0.030559493301035946
CDA,standard,SMART minus NAIVE,dice,0.032097868638633134,0.028368993338832534,0.03579038327455576
CDA,standard,SMART minus NAIVE,p_at_05,0.02863986669443866,0.021745866974379326,0.03557739316304108
CDA,standard,SMART minus NAIVE,correct_instance,0.004269943761716309,-0.0006323050288942599,0.009273383927577043
CDA,standard,SMART minus NAIVE,wrong_instance,0.00010414496979795876,-0.004973849012789338,0.004962082657481629
CDA,standard,SMART minus NAIVE,harm_rate,-0.07290147885857114,-0.08006285514511094,-0.06544398956373235
CDA,standard,FINAL minus SMART,iou,0.00208424894949815,0.0005557586518702169,0.003600599341914744
CDA,standard,FINAL minus SMART,dice,0.006277047477829759,0.004446550109017027,0.008082579575007607
CDA,standard,FINAL minus SMART,p_at_05,-0.006769423036867319,-0.00890308998410039,-0.004683450944379338
CDA,standard,FINAL minus SMART,correct_instance,0.005623828369089773,0.0020893077152186546,0.009282281525314467
CDA,standard,FINAL minus SMART,wrong_instance,-0.0010414496979795876,-0.004277193568296673,0.0023149356700334083
CDA,standard,FINAL minus SMART,harm_rate,-0.06279941678816914,-0.06946469868008,-0.056323072755102205
CDA,standard,FINAL minus NAIVE,iou,0.02888541360575105,0.02467587151716378,0.032987427128689836
CDA,standard,FINAL minus NAIVE,dice,0.03837491611646289,0.03398103996882308,0.042810369620130725
CDA,standard,FINAL minus NAIVE,p_at_05,0.02187044365757134,0.014416988516794226,0.02923750111385251
CDA,standard,FINAL minus NAIVE,correct_instance,0.009893772130806082,0.004016799052366983,0.015745732556189104
CDA,standard,FINAL minus NAIVE,wrong_instance,-0.0009373047281816288,-0.006563737995458402,0.004801732831126639
CDA,standard,FINAL minus NAIVE,harm_rate,-0.13570089564674026,-0.14534927617444618,-0.1260961123063291
CDA,standard,NAIVE minus MAP,iou,0.10095246047535555,0.09436399842971957,0.10709685586363898
CDA,standard,NAIVE minus MAP,dice,0.0693382111532042,0.062138543488652234,0.0760586609977671
CDA,standard,NAIVE minus MAP,p_at_05,0.2353676317433868,0.22443760636086843,0.2461411302463941
CDA,standard,NAIVE minus MAP,correct_instance,-0.01676734013747136,-0.026621772009663414,-0.00747016854236682
CDA,standard,NAIVE minus MAP,wrong_instance,-0.014684440741512185,-0.02354464481292629,-0.005172575843152096
CDA,standard,NAIVE minus MAP,harm_rate,0.43699229327223493,0.4247213938584025,0.4491970461219021
CDA,strict_nonoverlap,SMART minus NAIVE,iou,0.0273757210807001,0.023386142298443338,0.0312798933955427
CDA,strict_nonoverlap,SMART minus NAIVE,dice,0.03274981161453023,0.028692322020609506,0.03683920935430429
CDA,strict_nonoverlap,SMART minus NAIVE,p_at_05,0.029233190915223747,0.021652646124415448,0.0368811898515737
CDA,strict_nonoverlap,SMART minus NAIVE,correct_instance,0.0044974139869575,-0.0003381064522885616,0.009508824009777933
CDA,strict_nonoverlap,SMART minus NAIVE,wrong_instance,0.00011243534967393749,-0.004828105256200404,0.004947072679806115
CDA,strict_nonoverlap,SMART minus NAIVE,harm_rate,-0.07387002473577693,-0.08155217959028967,-0.06622993323212595
CDA,strict_nonoverlap,FINAL minus SMART,iou,0.0019023829375394126,0.0003816092404262236,0.003441478321355281
CDA,strict_nonoverlap,FINAL minus SMART,dice,0.005895642175464927,0.004025149099667667,0.007802977127454811
CDA,strict_nonoverlap,FINAL minus SMART,p_at_05,-0.006633685630762312,-0.008731802492011297,-0.004502907201335065
CDA,strict_nonoverlap,FINAL minus SMART,correct_instance,0.005284461434675061,0.0015569681746738912,0.008882616013903968
CDA,strict_nonoverlap,FINAL minus SMART,wrong_instance,-0.0005621767483696875,-0.004069682019862552,0.0029452175136163413
CDA,strict_nonoverlap,FINAL minus SMART,harm_rate,-0.06093995952327412,-0.0678214854115085,-0.054482040311860484
CDA,strict_nonoverlap,FINAL minus NAIVE,iou,0.029278104018239517,0.02492811514345978,0.03370236280761377
CDA,strict_nonoverlap,FINAL minus NAIVE,dice,0.03864545378999516,0.0340465221369503,0.04336037963180523
CDA,strict_nonoverlap,FINAL minus NAIVE,p_at_05,0.022599505284461436,0.014894566738827908,0.03046006411829672
CDA,strict_nonoverlap,FINAL minus NAIVE,correct_instance,0.009781875421632561,0.0038684893065029195,0.015689381464128925
CDA,strict_nonoverlap,FINAL minus NAIVE,wrong_instance,-0.00044974139869574995,-0.0060922711833929066,0.0052041417859713885
CDA,strict_nonoverlap,FINAL minus NAIVE,harm_rate,-0.13480998425905105,-0.14511743175127775,-0.12474667296668102
CDA,strict_nonoverlap,NAIVE minus MAP,iou,0.10274350733935682,0.09571676674509266,0.10936595930010942
CDA,strict_nonoverlap,NAIVE minus MAP,dice,0.07144976622947591,0.06388834121105721,0.0786450855789103
CDA,strict_nonoverlap,NAIVE minus MAP,p_at_05,0.23690128176298628,0.22509821006479952,0.2486120989287133
CDA,strict_nonoverlap,NAIVE minus MAP,correct_instance,-0.015965819653699122,-0.026011304700685453,-0.005910511526283851
CDA,strict_nonoverlap,NAIVE minus MAP,wrong_instance,-0.01664043175174275,-0.026141685656650034,-0.006586343590416502
CDA,strict_nonoverlap,NAIVE minus MAP,harm_rate,0.4342253204407466,0.421277938004456,0.44839413089332364
CS,standard,SMART minus NAIVE,iou,0.026470950786576908,0.022283455764265134,0.030486076955102238
CS,standard,SMART minus NAIVE,dice,0.031352660571513515,0.027266113343730487,0.03539343693821038
CS,standard,SMART minus NAIVE,p_at_05,0.033951260154134556,0.026081467710837896,0.041460374522470374
CS,standard,SMART minus NAIVE,correct_instance,0.0006248698187877526,-0.004424860399046469,0.005785093255332922
CS,standard,SMART minus NAIVE,wrong_instance,0.004686523640908144,-0.00010356267158750716,0.009557753570946752
CS,standard,SMART minus NAIVE,harm_rate,-0.07592168298271193,-0.08303227773059471,-0.0687505309003549
CS,standard,FINAL minus SMART,iou,-0.0186043021214256,-0.0219852130952901,-0.015051548975247827
CS,standard,FINAL minus SMART,dice,-0.009154899205775264,-0.01309294702225308,-0.005099858582842872
CS,standard,FINAL minus SMART,p_at_05,-0.05269735471776713,-0.058355321894132554,-0.04684554246344479
CS,standard,FINAL minus SMART,correct_instance,0.0011455946677775464,-0.005510861519652992,0.007883334677656876
CS,standard,FINAL minus SMART,wrong_instance,0.0083315975838367,0.0019648244759798462,0.014332781600091474
CS,standard,FINAL minus SMART,harm_rate,-0.17840033326390337,-0.18878097923894896,-0.1684735689279901
CS,standard,FINAL minus NAIVE,iou,0.00786664866515131,0.0023880106380427843,0.013252739765908246
CS,standard,FINAL minus NAIVE,dice,0.02219776136573824,0.016357862061603636,0.02805642661683526
CS,standard,FINAL minus NAIVE,p_at_05,-0.018746094563632576,-0.028075544653657095,-0.009634955688310003
CS,standard,FINAL minus NAIVE,correct_instance,0.001770464486565299,-0.006402679845256567,0.009782302602836104
CS,standard,FINAL minus NAIVE,wrong_instance,0.013018121224744845,0.00527027904177358,0.021072481043179457
CS,standard,FINAL minus NAIVE,harm_rate,-0.25432201624661527,-0.26592997916884475,-0.24359601471515588
CS,standard,NAIVE minus MAP,iou,0.10940838472800747,0.10213126935017498,0.1168093063002507
CS,standard,NAIVE minus MAP,dice,0.0817871351350592,0.07378768321380683,0.08991777361369369
CS,standard,NAIVE minus MAP,p_at_05,0.21755884190793584,0.20546636318402844,0.22967226594083312
CS,standard,NAIVE minus MAP,correct_instance,0.01926681941262237,0.0093102944404494,0.02986628260362547
CS,standard,NAIVE minus MAP,wrong_instance,-0.045927931680899814,-0.056312959653066534,-0.03625549448717026
CS,standard,NAIVE minus MAP,harm_rate,0.439387627577588,0.42751877819815703,0.4512293362857012
CS,strict_nonoverlap,SMART minus NAIVE,iou,0.026260761264119484,0.022096394691524933,0.030465934105289996
CS,strict_nonoverlap,SMART minus NAIVE,dice,0.031216857445276015,0.026934545003536505,0.035440988795728136
CS,strict_nonoverlap,SMART minus NAIVE,p_at_05,0.034292781650550934,0.026703176093956112,0.04214149854014506
CS,strict_nonoverlap,SMART minus NAIVE,correct_instance,0.001124353496739375,-0.0039218595181145805,0.006063145841203736
CS,strict_nonoverlap,SMART minus NAIVE,wrong_instance,0.0044974139869575,-0.00023156092841681455,0.00940936866773722
CS,strict_nonoverlap,SMART minus NAIVE,harm_rate,-0.07690577917697324,-0.08417364442044674,-0.06997594458593431
CS,strict_nonoverlap,FINAL minus SMART,iou,-0.019681159241645364,-0.023690601290158226,-0.01589777335098483
CS,strict_nonoverlap,FINAL minus SMART,dice,-0.010649750458493612,-0.01511780705439907,-0.006358339669890392
CS,strict_nonoverlap,FINAL minus SMART,p_at_05,-0.05273217899707668,-0.05887746598917073,-0.046949887538825175
CS,strict_nonoverlap,FINAL minus SMART,correct_instance,0.00033730604902181243,-0.006205700540451679,0.0071328069510792095
CS,strict_nonoverlap,FINAL minus SMART,wrong_instance,0.009781875421632561,0.0031517789876452495,0.016014702681154784
CS,strict_nonoverlap,FINAL minus SMART,harm_rate,-0.1760737575893861,-0.18652993995598546,-0.1663976182924137
CS,strict_nonoverlap,FINAL minus NAIVE,iou,0.006579602022474116,0.0008307476656023219,0.011792967337088093
CS,strict_nonoverlap,FINAL minus NAIVE,dice,0.020567106986782407,0.014463032927648037,0.026156816055270902
CS,strict_nonoverlap,FINAL minus NAIVE,p_at_05,-0.01843939734652575,-0.028199622945254955,-0.009914005811138648
CS,strict_nonoverlap,FINAL minus NAIVE,correct_instance,0.0014616595457611872,-0.006540291321398273,0.009913715180526554
CS,strict_nonoverlap,FINAL minus NAIVE,wrong_instance,0.01427928940859006,0.006480229367900573,0.02200774095233919
CS,strict_nonoverlap,FINAL minus NAIVE,harm_rate,-0.25297953676635937,-0.2641996779548127,-0.24192779369073183
CS,strict_nonoverlap,NAIVE minus MAP,iou,0.1121156128003122,0.10463350633709921,0.11940003250869803
CS,strict_nonoverlap,NAIVE minus MAP,dice,0.08514795096300416,0.07688289132647669,0.09324838350870099
CS,strict_nonoverlap,NAIVE minus MAP,p_at_05,0.21812457836743873,0.20578888855980548,0.23043150229928921
CS,strict_nonoverlap,NAIVE minus MAP,correct_instance,0.01877670339554756,0.007900276738553261,0.0292718794835007
CS,strict_nonoverlap,NAIVE minus MAP,wrong_instance,-0.04688554081403193,-0.05689454441274978,-0.037334962974192185
CS,strict_nonoverlap,NAIVE minus MAP,harm_rate,0.43568697998650774,0.42377547932661186,0.44779879542507034
GE,standard,SMART minus NAIVE,iou,0.028565161852655303,0.024684976775950707,0.032682736189615647
GE,standard,SMART minus NAIVE,dice,0.03401173511005669,0.030103566498816473,0.038071300457593056
GE,standard,SMART minus NAIVE,p_at_05,0.03436784003332639,0.027162512366863612,0.04193469087632846
GE,standard,SMART minus NAIVE,correct_instance,0.0047906686107061025,-0.00010481963429655491,0.00968633405727862
GE,standard,SMART minus NAIVE,wrong_instance,0.00010414496979795876,-0.004752618021292627,0.004776938097154525
GE,standard,SMART minus NAIVE,harm_rate,-0.0772755675900854,-0.08448747557889312,-0.0696715482219203
GE,standard,FINAL minus SMART,iou,-0.0010796942076258366,-0.002233946613446646,-5.057754495062179e-05
GE,standard,FINAL minus SMART,dice,0.0004167750053077201,-0.0009452620305084182,0.0016323965173662336
GE,standard,FINAL minus SMART,p_at_05,-0.0047906686107061025,-0.0064281751410876446,-0.003337975802032703
GE,standard,FINAL minus SMART,correct_instance,0.003020204124140804,0.0005199048341427779,0.0054976407417731965
GE,standard,FINAL minus SMART,wrong_instance,-0.0003124349093938763,-0.002672608583141159,0.0021420085767573267
GE,standard,FINAL minus SMART,harm_rate,-0.026452822328681524,-0.03054352464510169,-0.022512245092295064
GE,standard,FINAL minus NAIVE,iou,0.027485467645029467,0.02346129227152253,0.03165036920769719
GE,standard,FINAL minus NAIVE,dice,0.03442851011536441,0.030322296396903165,0.03877400257416613
GE,standard,FINAL minus NAIVE,p_at_05,0.02957717142262029,0.02211996450069455,0.03737812086871281
GE,standard,FINAL minus NAIVE,correct_instance,0.007810872734846907,0.0021641030043696727,0.01313595841564835
GE,standard,FINAL minus NAIVE,wrong_instance,-0.00020828993959591752,-0.005594956671524938,0.005088583100764413
GE,standard,FINAL minus NAIVE,harm_rate,-0.10372838991876693,-0.11184583004087505,-0.09535494509135473
GE,standard,NAIVE minus MAP,iou,0.09650351107273887,0.09017326571263357,0.10317506212930315
GE,standard,NAIVE minus MAP,dice,0.06547914249954305,0.058647122180951285,0.07283146969912752
GE,standard,NAIVE minus MAP,p_at_05,0.2257862945219746,0.2149863430233423,0.23649831405428492
GE,standard,NAIVE minus MAP,correct_instance,-0.026661112268277443,-0.03650390950006404,-0.017253927849457583
GE,standard,NAIVE minus MAP,wrong_instance,-0.010310352009997917,-0.019401602349543832,-0.0010226970756241625
GE,standard,NAIVE minus MAP,harm_rate,0.4352218287856697,0.42246026447711654,0.4470433704380214
GE,strict_nonoverlap,SMART minus NAIVE,iou,0.02899922621358096,0.024933281629353186,0.03311459606746195
GE,strict_nonoverlap,SMART minus NAIVE,dice,0.03445845080739534,0.030263193362652336,0.038623056437708476
GE,strict_nonoverlap,SMART minus NAIVE,p_at_05,0.03586687654598606,0.027632633015686713,0.04383390225822136
GE,strict_nonoverlap,SMART minus NAIVE,correct_instance,0.005846638183044749,0.0007976055593322759,0.01067886327793414
GE,strict_nonoverlap,SMART minus NAIVE,wrong_instance,-0.0006746120980436249,-0.005497481697584574,0.004278653939635834
GE,strict_nonoverlap,SMART minus NAIVE,harm_rate,-0.07904205082077806,-0.08686914375088697,-0.0708638425902957
GE,strict_nonoverlap,FINAL minus SMART,iou,-0.001277126773413797,-0.0024809006275141087,-0.00018960537477704344
GE,strict_nonoverlap,FINAL minus SMART,dice,4.638881431672029e-05,-0.0013712027652773562,0.001361417975675616
GE,strict_nonoverlap,FINAL minus SMART,p_at_05,-0.004609849336631437,-0.006216300010783996,-0.0031798935324676737
GE,strict_nonoverlap,FINAL minus SMART,correct_instance,0.0025860130425005624,0.0,0.005292555334120179
GE,strict_nonoverlap,FINAL minus SMART,wrong_instance,0.0,-0.002604535370120184,0.002469530925756864
GE,strict_nonoverlap,FINAL minus SMART,harm_rate,-0.024735776928266246,-0.028798952564842887,-0.020734854760596243
GE,strict_nonoverlap,FINAL minus NAIVE,iou,0.027722099440167156,0.023436008300640326,0.03192439083633644
GE,strict_nonoverlap,FINAL minus NAIVE,dice,0.03450483962171206,0.03005827340926262,0.03883588515927514
GE,strict_nonoverlap,FINAL minus NAIVE,p_at_05,0.031257027209354624,0.023148209046235626,0.039160822293781476
GE,strict_nonoverlap,FINAL minus NAIVE,correct_instance,0.008432651225545311,0.0028085629151929402,0.014059477490104205
GE,strict_nonoverlap,FINAL minus NAIVE,wrong_instance,-0.0006746120980436249,-0.006074351670601331,0.004776826302646421
GE,strict_nonoverlap,FINAL minus NAIVE,harm_rate,-0.1037778277490443,-0.11230206851978215,-0.09519393889119133
GE,strict_nonoverlap,NAIVE minus MAP,iou,0.09942878109977157,0.09251368926617043,0.1061737177506293
GE,strict_nonoverlap,NAIVE minus MAP,dice,0.06911233055629724,0.06159849613244654,0.0765229876356196
GE,strict_nonoverlap,NAIVE minus MAP,p_at_05,0.22768158308972342,0.21573992133726647,0.23926424319713516
GE,strict_nonoverlap,NAIVE minus MAP,correct_instance,-0.027096919271418933,-0.037595856059320046,-0.016585617239852985
GE,strict_nonoverlap,NAIVE minus MAP,wrong_instance,-0.010456487519676186,-0.01997072469696807,-0.00045002393397684706
GE,strict_nonoverlap,NAIVE minus MAP,harm_rate,0.4302900832021588,0.41752459915820883,0.4432673640058927
