group,feature,n,mean,median,std
C_good_localization,clip_max,147,0.06947125245810665,0.0710491687059402,0.03856457623019766
C_good_localization,clip_mean,147,0.008525195215357457,0.0080066408484611,0.005070183620123607
C_good_localization,clip_std,147,0.01191072685087315,0.011806773401807,0.006967786380253241
C_good_localization,clip_entropy,147,0.9227017352672392,0.926909871447423,0.029771163856242167
C_good_localization,clip_top1_pixel_mass,147,0.00017724406147642406,0.0001573200566097,7.676755326129572e-05
C_good_localization,clip_top3_pixel_mass,147,0.0005294803184137741,0.0004703476236812,0.0002294783468409913
C_good_localization,clip_top5pct_mass,147,0.27542088055604763,0.2606496027322045,0.09139619267155619
C_good_localization,clip_top10pct_mass,147,0.45522255718796,0.4399135265053304,0.12454392123120814
C_good_localization,clip_top1_patch_mass,147,0.046491255390041515,0.0414547367437044,0.020223675566605547
C_good_localization,clip_top3_patch_mass,147,0.12433592990264133,0.1097717906498378,0.050775562129732825
C_good_localization,spatial_distance_12,147,151.31603786173912,108.44522800691414,102.68579814868687
C_good_localization,spatial_distance_12_norm,147,0.19698847781581333,0.1411042280927985,0.13081302273545764
C_good_localization,spatial_distance_13,147,159.63544747248778,134.23862732786142,94.61584637881155
C_good_localization,spatial_distance_13_norm,147,0.20652025973264543,0.1767278049450403,0.11578907842755279
C_good_localization,spatial_distance_23,147,160.65656080420635,141.66128778135578,93.22724353026433
C_good_localization,spatial_distance_23_norm,147,0.20902227363898235,0.177611240569973,0.11838647866460453
C_good_localization,spatial_distance_mean,147,157.20268204614442,144.30453812944884,71.88180785580124
C_good_localization,spatial_distance_max,147,214.9256546785311,195.773819756299,104.43069699924786
C_good_localization,spatial_spread_mean_norm,147,0.20417700372914704,0.188663633552841,0.08868052601816577
C_good_localization,spatial_spread_max_norm,147,0.2789726052186838,0.2577181208053691,0.12930616964896396
C_good_localization,spatial_box_area,147,20286.056081690655,11781.399808245444,22646.683022242087
C_good_localization,spatial_box_area_fraction,147,0.07156289620542493,0.0388302972195589,0.08365682610980613
C_good_localization,spatial_crop_spread_mean_norm,147,0.24619883699547881,0.2279858748239794,0.10603976398611883
C_good_localization,spatial_crop_spread_max_norm,147,0.3362441047691369,0.3072259023943795,0.15391997376331532
C_good_localization,connected_count,147,4.619047619047619,4.0,2.6414331242285294
C_good_localization,connected_largest_pixels,147,13294.469387755102,13725.0,3955.8886144861126
C_good_localization,connected_largest_positive_fraction,147,0.8686902749871583,0.91810244920034,0.15183386354537434
C_good_localization,connected_positive_fraction,147,0.3054338524312786,0.3144132653061224,0.07453828489960515
C_good_localization,connected_all_points_same,147,0.8163265306122449,1.0,0.3885414976385353
C_good_localization,sam_score_candidate_0,147,0.9020499757358006,0.9176425337791444,0.07792694120251524
C_good_localization,sam_score_candidate_1,147,0.9197741118418116,0.9343203902244568,0.05801903436602115
C_good_localization,sam_score_candidate_2,147,0.8559063372968816,0.8702942132949829,0.10201532539591751
C_good_localization,sam_score_max,147,0.9450745387953154,0.9538428783416748,0.04347171307891406
C_good_localization,sam_score_second,147,0.9085739648261038,0.913792610168457,0.05618243769539438
C_good_localization,sam_score_third,147,0.8240819212530746,0.8366446495056152,0.09608591140815982
C_good_localization,sam_score_margin,147,0.03650057396921166,0.0267481207847595,0.0334140931951222
C_good_localization,sam_score_std,147,0.05259096146000514,0.0446887327856881,0.038245391582648204
C_good_localization,sam_score_variance,147,0.004218568796588893,0.0019970828379906,0.005662526932846014
C_good_localization,agreement_iou_12,147,0.6535056414805528,0.663680380389087,0.24435645795478358
C_good_localization,agreement_iou_13,147,0.4003719733236488,0.3563882759563375,0.2261278911616304
C_good_localization,agreement_iou_23,147,0.589267708456034,0.5970607193502643,0.24879386882557772
C_good_localization,agreement_mean,147,0.5477151077534118,0.5162372649359064,0.18836004254726127
C_good_localization,agreement_min,147,0.39707499421479003,0.3548164544226291,0.22475251519942913
C_good_localization,agreement_max,147,0.7633159077738778,0.8015894518197417,0.1912733709703884
C_good_localization,area_candidate_0,147,73939.42857142857,64632.0,44245.64915937212
C_good_localization,area_candidate_0_fraction,147,0.26699942967674234,0.2365888466042154,0.15189149447790573
C_good_localization,area_candidate_1,147,46461.71428571428,38239.0,28658.67076327526
C_good_localization,area_candidate_1_fraction,147,0.16648067431880173,0.1439388020833333,0.09783139161580948
C_good_localization,area_candidate_2,147,28318.537414965987,21287.0,21765.638763531602
C_good_localization,area_candidate_2_fraction,147,0.10097574789520955,0.0792447916666666,0.0725402376373554
C_good_localization,area_selected,147,54632.90476190476,39111.0,43550.26607098838
C_good_localization,area_selected_fraction,147,0.1960614070048877,0.1473209635416666,0.15419912619545634
C_good_localization,area_variance,147,631494796.3552531,216910837.55555555,1129469598.3768332
C_good_localization,area_std,147,19733.657246681374,14727.89318115648,15612.034894919236
C_good_localization,area_fraction_variance,147,0.00822914289491887,0.0035228339452839,0.015106820209450499
C_good_localization,consistency_coverage_candidate_0,147,0.6784761964844557,0.6987166521873099,0.14307932162700077
C_good_localization,consistency_coverage_candidate_1,147,0.544823399461709,0.5759162539067907,0.17288092864217003
C_good_localization,consistency_coverage_candidate_2,147,0.37874252982047385,0.3644251176856015,0.17143157141217136
C_good_localization,consistency_selected_coverage,147,0.572758595790673,0.5963930039809069,0.1981421508736884
C_good_localization,consistency_density_inside,147,0.02374989750256846,0.0221636457358104,0.017071128418170954
C_good_localization,consistency_density_outside,147,0.0030789571134187455,0.0025746562545622,0.002188569979263482
C_good_localization,consistency_density_ratio,147,8.67787580302652,7.151671233382223,5.354254472243381
C_good_localization,consistency_log_density_ratio,147,1.9919152942495395,1.9673460684227664,0.5915101925574403
C_good_localization,consistency_points_inside,147,2.836734693877551,3.0,0.42265981538527553
C_good_localization,consistency_points_fraction,147,0.9455782312925171,1.0,0.14088660512842519
C_good_localization,consistency_top1_inside,147,0.9863945578231292,1.0,0.11624222217746524
C_good_localization,switch_pearson,147,0.031492624840361874,-0.0624830572466163,0.34428584576216165
C_good_localization,switch_cosine,147,0.3568029278738461,0.2896807684286197,0.22379978395195158
C_good_localization,switch_l1,147,1.30147996364734,1.3682462149025802,0.327143464333754
B_wrong_or_unconfirmed_target,clip_max,455,0.04496663524871585,0.0357283502817153,0.03557357337833883
B_wrong_or_unconfirmed_target,clip_mean,455,0.004211518339704272,0.0035273200329177,0.003306472510677474
B_wrong_or_unconfirmed_target,clip_std,455,0.00593140901759956,0.0046466192389939,0.004551745366173372
B_wrong_or_unconfirmed_target,clip_entropy,455,0.9234630118525188,0.929527636429124,0.033196326319884464
B_wrong_or_unconfirmed_target,clip_top1_pixel_mass,455,0.00024939631757647644,0.0002208458260366,0.00013928330614229983
B_wrong_or_unconfirmed_target,clip_top3_pixel_mass,455,0.0007455869050936315,0.0006605881825081,0.00041634714438684804
B_wrong_or_unconfirmed_target,clip_top5pct_mass,455,0.3028352509252287,0.2847806135889416,0.1104794014029052
B_wrong_or_unconfirmed_target,clip_top10pct_mass,455,0.46286608534931734,0.4480869777485527,0.1266969005961697
B_wrong_or_unconfirmed_target,clip_top1_patch_mass,455,0.0659070443702353,0.0581937439944447,0.037084752021074224
B_wrong_or_unconfirmed_target,clip_top3_patch_mass,455,0.16465403625405395,0.1478978404274686,0.08148543321696396
B_wrong_or_unconfirmed_target,spatial_distance_12,455,171.1167236997128,139.5784547856519,109.24180085007032
B_wrong_or_unconfirmed_target,spatial_distance_12_norm,455,0.22602710526896208,0.1799891281645456,0.1398025423765179
B_wrong_or_unconfirmed_target,spatial_distance_13,455,186.49095425963824,155.31485983811382,115.279917449977
B_wrong_or_unconfirmed_target,spatial_distance_13_norm,455,0.24552883068800985,0.2125928554744435,0.14639351933104813
B_wrong_or_unconfirmed_target,spatial_distance_23,455,182.04424959857428,152.10249728022237,110.74045750427874
B_wrong_or_unconfirmed_target,spatial_distance_23_norm,455,0.24093860232452033,0.2022192798421599,0.14211993742161683
B_wrong_or_unconfirmed_target,spatial_distance_mean,455,179.88397585264175,165.39961217699062,82.43365951237317
B_wrong_or_unconfirmed_target,spatial_distance_max,455,246.76419712134506,230.9162394109136,117.03769807785926
B_wrong_or_unconfirmed_target,spatial_spread_mean_norm,455,0.23749817942716409,0.222757107044553,0.10348632772325916
B_wrong_or_unconfirmed_target,spatial_spread_max_norm,455,0.32560726816576513,0.3152326479734011,0.1463878881427292
B_wrong_or_unconfirmed_target,spatial_box_area,455,29335.383383641245,17451.198465963567,30419.75116250898
B_wrong_or_unconfirmed_target,spatial_box_area_fraction,455,0.10647145496597009,0.069502508361204,0.10225282043713252
B_wrong_or_unconfirmed_target,spatial_crop_spread_mean_norm,455,0.2878867499473999,0.2727004603503267,0.12230240039109459
B_wrong_or_unconfirmed_target,spatial_crop_spread_max_norm,455,0.3944402176491691,0.3790307397272195,0.17226268361151917
B_wrong_or_unconfirmed_target,connected_count,455,9.248351648351647,9.0,3.940900482904785
B_wrong_or_unconfirmed_target,connected_largest_pixels,455,9370.934065934065,8555.0,4288.555609001958
B_wrong_or_unconfirmed_target,connected_largest_positive_fraction,455,0.597791906149713,0.5736956400690462,0.2270457540965423
B_wrong_or_unconfirmed_target,connected_positive_fraction,455,0.3109419677898631,0.315070950255102,0.06749853873404135
B_wrong_or_unconfirmed_target,connected_all_points_same,455,0.45494505494505494,0.0,0.4985140333709607
B_wrong_or_unconfirmed_target,sam_score_candidate_0,455,0.8604328764663948,0.8676609992980957,0.09502409137026366
B_wrong_or_unconfirmed_target,sam_score_candidate_1,455,0.8916493339852972,0.8985721468925476,0.06378383201810571
B_wrong_or_unconfirmed_target,sam_score_candidate_2,455,0.8206410310425601,0.8364245891571045,0.10808551029719031
B_wrong_or_unconfirmed_target,sam_score_max,455,0.9132569497758216,0.9227845072746276,0.06005864972645664
B_wrong_or_unconfirmed_target,sam_score_second,455,0.876598211304172,0.8808866739273071,0.07031243083670848
B_wrong_or_unconfirmed_target,sam_score_third,455,0.7828680804142585,0.7882028818130493,0.09851433233373488
B_wrong_or_unconfirmed_target,sam_score_margin,455,0.03665873847164946,0.0266622900962829,0.03333807376322327
B_wrong_or_unconfirmed_target,sam_score_std,455,0.05658994956167756,0.0484581718349506,0.03652870720240522
B_wrong_or_unconfirmed_target,sam_score_variance,455,0.004533836211712043,0.0023481944175856,0.005700494963272511
B_wrong_or_unconfirmed_target,agreement_iou_12,455,0.5472089192115142,0.5597211155378486,0.26815163941977993
B_wrong_or_unconfirmed_target,agreement_iou_13,455,0.3255396935494212,0.2853490895936332,0.21578454715175643
B_wrong_or_unconfirmed_target,agreement_iou_23,455,0.5269678513857754,0.5297889946214315,0.2506688924892712
B_wrong_or_unconfirmed_target,agreement_mean,455,0.4665721547155703,0.4454597134892464,0.19052525108728846
B_wrong_or_unconfirmed_target,agreement_min,455,0.31713179265146135,0.2762014314928425,0.2165543829206506
B_wrong_or_unconfirmed_target,agreement_max,455,0.6847160452980641,0.7106532894232979,0.2010945654172013
B_wrong_or_unconfirmed_target,area_candidate_0,455,68071.65274725275,49797.0,58596.746274577876
B_wrong_or_unconfirmed_target,area_candidate_0_fraction,455,0.2506548495849637,0.184230939716312,0.20928440645845883
B_wrong_or_unconfirmed_target,area_candidate_1,455,41019.268131868135,23127.0,43763.67704677955
B_wrong_or_unconfirmed_target,area_candidate_1_fraction,455,0.15117074416750326,0.0849178403755868,0.15706217992293597
B_wrong_or_unconfirmed_target,area_candidate_2,455,24818.54065934066,13690.0,30588.312029479013
B_wrong_or_unconfirmed_target,area_candidate_2_fraction,455,0.09104842227078876,0.0494595125786163,0.10775949010353729
B_wrong_or_unconfirmed_target,area_selected,455,51298.95384615385,25039.0,58608.52086022113
B_wrong_or_unconfirmed_target,area_selected_fraction,455,0.1890787389468897,0.09296875,0.2096880856979201
B_wrong_or_unconfirmed_target,area_variance,455,726332527.3777778,153646444.66666666,1520804963.2499726
B_wrong_or_unconfirmed_target,area_std,455,18987.464670186604,12395.42031020597,19147.178874173
B_wrong_or_unconfirmed_target,area_fraction_variance,455,0.009722363396163197,0.0024735005155021,0.020343811812705264
B_wrong_or_unconfirmed_target,consistency_coverage_candidate_0,455,0.4243734153368055,0.3988993955042013,0.19537265531378217
B_wrong_or_unconfirmed_target,consistency_coverage_candidate_1,455,0.3210450415744129,0.2982883335542715,0.16089336899834222
B_wrong_or_unconfirmed_target,consistency_coverage_candidate_2,455,0.24014102148478486,0.211376231226807,0.13822415364961987
B_wrong_or_unconfirmed_target,consistency_selected_coverage,455,0.35142088326802395,0.3015916988435603,0.19740632280744136
B_wrong_or_unconfirmed_target,consistency_density_inside,455,0.01185093218028143,0.0075483387655976,0.01326595778737741
B_wrong_or_unconfirmed_target,consistency_density_outside,455,0.0024878866655678633,0.002004580376075,0.0023470517312288706
B_wrong_or_unconfirmed_target,consistency_density_ratio,455,5.368840814832794,3.886982245130179,5.267951291777031
B_wrong_or_unconfirmed_target,consistency_log_density_ratio,455,1.2961978096243931,1.3576330841633273,0.9194397374972558
B_wrong_or_unconfirmed_target,consistency_points_inside,455,2.4461538461538463,3.0,0.6476503945401021
B_wrong_or_unconfirmed_target,consistency_points_fraction,455,0.8153846153846154,1.0,0.21588346484670068
B_wrong_or_unconfirmed_target,consistency_top1_inside,455,0.8219780219780219,1.0,0.3829523031348095
B_wrong_or_unconfirmed_target,switch_pearson,455,0.2023010888469374,0.1475472713773598,0.3155122518517517
B_wrong_or_unconfirmed_target,switch_cosine,455,0.45827753266401783,0.4293577695820217,0.22706194630262688
B_wrong_or_unconfirmed_target,switch_l1,455,1.1292694356640944,1.1630671494689448,0.33545074054763435
A_correct_target_coarse_mask,clip_max,398,0.05295659289063516,0.04200254566967485,0.04125001811718454
A_correct_target_coarse_mask,clip_mean,398,0.005132966631613496,0.00417626067382425,0.00413206121741837
A_correct_target_coarse_mask,clip_std,398,0.00764680822306279,0.0058869302282389,0.005987018554695219
A_correct_target_coarse_mask,clip_entropy,398,0.9190366428851773,0.9211211903163695,0.034804466385854264
A_correct_target_coarse_mask,clip_top1_pixel_mass,398,0.0002392776355129469,0.00020954496301595,0.0001237698391482923
A_correct_target_coarse_mask,clip_top3_pixel_mass,398,0.0007149840933364134,0.00062512484401455,0.00036994825241659396
A_correct_target_coarse_mask,clip_top5pct_mass,398,0.3199343412601614,0.3067290103303312,0.11849065187005706
A_correct_target_coarse_mask,clip_top10pct_mass,398,0.488694665037493,0.47872858056576834,0.14003351244243295
A_correct_target_coarse_mask,clip_top1_patch_mass,398,0.06295139942394531,0.05478602650802975,0.03274723991743857
A_correct_target_coarse_mask,clip_top3_patch_mass,398,0.1634621408955565,0.14811252669586267,0.0778888107313496
A_correct_target_coarse_mask,spatial_distance_12,398,143.1920459141994,112.1660615418387,90.45526374393116
A_correct_target_coarse_mask,spatial_distance_12_norm,398,0.1868599759552067,0.15352042342345695,0.11261156181890891
A_correct_target_coarse_mask,spatial_distance_13,398,159.62921610682352,122.05922518193037,100.0002244310947
A_correct_target_coarse_mask,spatial_distance_13_norm,398,0.20794650501400813,0.16417040247911152,0.12494649100361407
A_correct_target_coarse_mask,spatial_distance_23,398,165.68138089992408,143.94417268875992,95.9533513553137
A_correct_target_coarse_mask,spatial_distance_23_norm,398,0.21665716643265284,0.19222330998865064,0.12096154765459446
A_correct_target_coarse_mask,spatial_distance_mean,398,156.16754764031566,138.93404241772564,73.90374769634333
A_correct_target_coarse_mask,spatial_distance_max,398,212.72577552614592,193.21924950990643,102.17286206001872
A_correct_target_coarse_mask,spatial_spread_mean_norm,398,0.20382121580062257,0.18489584400792144,0.09020736504149551
A_correct_target_coarse_mask,spatial_spread_max_norm,398,0.2778472416986826,0.25409875332059617,0.12625353355795843
A_correct_target_coarse_mask,spatial_box_area,398,21252.76946304933,11956.794741418697,24330.169288680943
A_correct_target_coarse_mask,spatial_box_area_fraction,398,0.07431458446348435,0.04518216682646205,0.07847081206198582
A_correct_target_coarse_mask,spatial_crop_spread_mean_norm,398,0.24573302838605512,0.2267402975705608,0.10690710391878569
A_correct_target_coarse_mask,spatial_crop_spread_max_norm,398,0.3351794985776541,0.3079547677237455,0.15051191774411998
A_correct_target_coarse_mask,connected_count,398,8.608040201005025,9.0,3.7379038399573252
A_correct_target_coarse_mask,connected_largest_pixels,398,9637.085427135678,9071.0,4038.365595492828
A_correct_target_coarse_mask,connected_largest_positive_fraction,398,0.6558171876343085,0.6697082281898188,0.20851858333893328
A_correct_target_coarse_mask,connected_positive_fraction,398,0.2934639415989385,0.2944036989795918,0.07380105829065232
A_correct_target_coarse_mask,connected_all_points_same,398,0.6532663316582915,1.0,0.4765291012145989
A_correct_target_coarse_mask,sam_score_candidate_0,398,0.878464205780221,0.8889293968677521,0.07470237376918688
A_correct_target_coarse_mask,sam_score_candidate_1,398,0.913612372162354,0.9183856546878815,0.04993503638371524
A_correct_target_coarse_mask,sam_score_candidate_2,398,0.8579981984505102,0.8750192523002625,0.09325596347142988
A_correct_target_coarse_mask,sam_score_max,398,0.9328455704839984,0.9395164549350739,0.042726822829685644
A_correct_target_coarse_mask,sam_score_second,398,0.8959211367159033,0.903843104839325,0.05487826151986187
A_correct_target_coarse_mask,sam_score_third,398,0.8213080691931834,0.8299752473831177,0.08394339389019687
A_correct_target_coarse_mask,sam_score_margin,398,0.03692443376809504,0.0255948603153228,0.03467965906873405
A_correct_target_coarse_mask,sam_score_std,398,0.048316738319198894,0.04228658701960805,0.033035347723579876
A_correct_target_coarse_mask,sam_score_variance,398,0.0034230993552970606,0.0017881774967412499,0.004884241083982432
A_correct_target_coarse_mask,agreement_iou_12,398,0.5689532193458317,0.5866468243844549,0.2707854750273112
A_correct_target_coarse_mask,agreement_iou_13,398,0.37773516885730296,0.3281555216343359,0.23133588245038703
A_correct_target_coarse_mask,agreement_iou_23,398,0.6086890695865238,0.6416493449898102,0.2467069788608294
A_correct_target_coarse_mask,agreement_mean,398,0.5184591525965528,0.493706564039481,0.1970297022727137
A_correct_target_coarse_mask,agreement_min,398,0.37017453247962473,0.32461806218099365,0.2327870436028812
A_correct_target_coarse_mask,agreement_max,398,0.7342418135261988,0.7661755289648627,0.1893616735678589
A_correct_target_coarse_mask,area_candidate_0,398,62799.218592964826,40112.5,60213.87252367335
A_correct_target_coarse_mask,area_candidate_0_fraction,398,0.22290718232178022,0.145804855721393,0.1983234104886754
A_correct_target_coarse_mask,area_candidate_1,398,34606.81658291457,21138.5,41157.99387760834
A_correct_target_coarse_mask,area_candidate_1_fraction,398,0.12198475536377765,0.07600097656249995,0.13197276286266163
A_correct_target_coarse_mask,area_candidate_2,398,22585.123115577888,13254.5,29554.987689259156
A_correct_target_coarse_mask,area_candidate_2_fraction,398,0.07887733551818837,0.050089220217136105,0.09484127162868991
A_correct_target_coarse_mask,area_selected,398,43714.64572864322,23235.5,54991.97909452903
A_correct_target_coarse_mask,area_selected_fraction,398,0.1543896683735683,0.08033723499853285,0.18185625514226197
A_correct_target_coarse_mask,area_variance,398,706456103.4706869,88644324.55555555,1592595415.6190026
A_correct_target_coarse_mask,area_std,398,17693.31858199239,9415.075692079554,19859.34338083868
A_correct_target_coarse_mask,area_fraction_variance,398,0.008774236812691344,0.0013002322942398,0.019931740982451925
A_correct_target_coarse_mask,consistency_coverage_candidate_0,398,0.4839332922451276,0.4664676730637516,0.17805422297892742
A_correct_target_coarse_mask,consistency_coverage_candidate_1,398,0.37043602500538797,0.35629533805593006,0.14732489366403956
A_correct_target_coarse_mask,consistency_coverage_candidate_2,398,0.2819905158890299,0.26279622674419045,0.1313818336047537
A_correct_target_coarse_mask,consistency_selected_coverage,398,0.39938498231982766,0.3843962678232947,0.17812410577762344
A_correct_target_coarse_mask,consistency_density_inside,398,0.01829868519578014,0.0113557560611302,0.018755403686140294
A_correct_target_coarse_mask,consistency_density_outside,398,0.002614426724810217,0.00206536364391805,0.002248764514203473
A_correct_target_coarse_mask,consistency_density_ratio,398,7.73298054111463,6.1091839130784376,6.279548400797064
A_correct_target_coarse_mask,consistency_log_density_ratio,398,1.7225526257762107,1.809792921456198,0.8668494689278292
A_correct_target_coarse_mask,consistency_points_inside,398,2.608040201005025,3.0,0.5697104115599064
A_correct_target_coarse_mask,consistency_points_fraction,398,0.8693467336683417,1.0,0.18990347051996884
A_correct_target_coarse_mask,consistency_top1_inside,398,0.9095477386934674,1.0,0.28718962478963816
A_correct_target_coarse_mask,switch_pearson,398,0.1100855855199514,0.03261530626942785,0.2874112178440672
A_correct_target_coarse_mask,switch_cosine,398,0.3837762584320551,0.3452438324242057,0.2158523944666434
A_correct_target_coarse_mask,switch_l1,398,1.2335205494501935,1.281843467456236,0.3193270831349139
precise_wrong_object,clip_max,71,0.045722267600301035,0.0370756536722183,0.041761223107492945
precise_wrong_object,clip_mean,71,0.003947138249286171,0.0031829236659327,0.0031828417600816505
precise_wrong_object,clip_std,71,0.005751083363299291,0.00420941150145,0.004854786345598177
precise_wrong_object,clip_entropy,71,0.9196970572691746,0.9263584749348384,0.03815178042394408
precise_wrong_object,clip_top1_pixel_mass,71,0.00027101799625103,0.0002218123672541,0.00016703835628100133
precise_wrong_object,clip_top3_pixel_mass,71,0.0008101932724909901,0.0006608093620722,0.0004986932178021631
precise_wrong_object,clip_top5pct_mass,71,0.31421523444771615,0.3008335756065217,0.12163515946319503
precise_wrong_object,clip_top10pct_mass,71,0.4774877173934434,0.4577027309779435,0.14283295258030868
precise_wrong_object,clip_top1_patch_mass,71,0.07175691892200844,0.0579473927920211,0.04480456678511236
precise_wrong_object,clip_top3_patch_mass,71,0.17373804185547204,0.1489516312024954,0.0943188076103439
precise_wrong_object,spatial_distance_12,71,181.579288384852,144.11243576783065,111.58719961285126
precise_wrong_object,spatial_distance_12_norm,71,0.24144347455197906,0.1821078397711708,0.14650350783687974
precise_wrong_object,spatial_distance_13,71,181.31125846716768,153.38017622251542,100.6907348606401
precise_wrong_object,spatial_distance_13_norm,71,0.24130984299541489,0.2044330918188448,0.1355741899995119
precise_wrong_object,spatial_distance_23,71,182.5464845717351,173.58471482585426,108.34454206529803
precise_wrong_object,spatial_distance_23_norm,71,0.2442532778017342,0.21882873127501,0.1468008937974539
precise_wrong_object,spatial_distance_mean,71,181.81234380791827,175.7058923965388,79.3970639258214
precise_wrong_object,spatial_distance_max,71,247.44052121798336,233.83669370295212,108.51102667720089
precise_wrong_object,spatial_spread_mean_norm,71,0.24233553178304273,0.2335572541604278,0.10529813513320105
precise_wrong_object,spatial_spread_max_norm,71,0.3304981998938525,0.3246435378244618,0.1465099848729347
precise_wrong_object,spatial_box_area,71,30500.057170291962,22709.67741935484,27664.307614523354
precise_wrong_object,spatial_box_area_fraction,71,0.11422866042128332,0.0862895493767976,0.10334488522709813
precise_wrong_object,spatial_crop_spread_mean_norm,71,0.2917593391906796,0.2756371706802761,0.12762065087861088
precise_wrong_object,spatial_crop_spread_max_norm,71,0.398397904972523,0.3817551646537293,0.17940134142518338
precise_wrong_object,connected_count,71,8.309859154929578,8.0,3.5680789120668863
precise_wrong_object,connected_largest_pixels,71,9198.577464788732,8030.0,4039.27090897062
precise_wrong_object,connected_largest_positive_fraction,71,0.6058104476452325,0.5736956400690462,0.21720431945156532
precise_wrong_object,connected_positive_fraction,71,0.30382265692368493,0.3020169005102041,0.07497664577118125
precise_wrong_object,connected_all_points_same,71,0.4788732394366197,0.0,0.5031090461059528
precise_wrong_object,sam_score_candidate_0,71,0.8917076822737573,0.9187310338020324,0.07568530252745624
precise_wrong_object,sam_score_candidate_1,71,0.8973581001792156,0.903976023197174,0.0590472466884153
precise_wrong_object,sam_score_candidate_2,71,0.8172702906836926,0.8428038358688354,0.114258149365522
precise_wrong_object,sam_score_max,71,0.9268239602236681,0.9377209544181824,0.04558838740553513
precise_wrong_object,sam_score_second,71,0.8882345851038543,0.8989688158035278,0.059717344360874024
precise_wrong_object,sam_score_third,71,0.7912775278091431,0.828900933265686,0.10384825729689967
precise_wrong_object,sam_score_margin,71,0.03858937511981369,0.027775228023529,0.039248266986747354
precise_wrong_object,sam_score_std,71,0.058745824288951184,0.0473897297543926,0.03951748980955888
precise_wrong_object,sam_score_variance,71,0.004990709055323507,0.0022457864861943,0.006380977129801848
precise_wrong_object,agreement_iou_12,71,0.6280638631305875,0.641573377038251,0.24025831805001993
precise_wrong_object,agreement_iou_13,71,0.3623317743176854,0.3526262964202074,0.20082825722661704
precise_wrong_object,agreement_iou_23,71,0.541945062473123,0.5398384632176381,0.2447219811751072
precise_wrong_object,agreement_mean,71,0.5107802333071321,0.5126287476869998,0.17526367673500653
precise_wrong_object,agreement_min,71,0.3590252623117507,0.3526262964202074,0.2033306803649791
precise_wrong_object,agreement_max,71,0.7260532956700944,0.7435951881222079,0.18471143266429502
precise_wrong_object,area_candidate_0,71,74966.07042253521,60449.0,62347.25011814851
precise_wrong_object,area_candidate_0_fraction,71,0.27588673046125656,0.2261036468330134,0.20709285340690242
precise_wrong_object,area_candidate_1,71,45473.16901408451,33549.0,39751.96892948858
precise_wrong_object,area_candidate_1_fraction,71,0.16849409541926127,0.1242735105140186,0.14101993669527968
precise_wrong_object,area_candidate_2,71,27093.338028169015,18869.0,26926.867293755753
precise_wrong_object,area_candidate_2_fraction,71,0.09997102023320872,0.0649809718969555,0.0961291647721646
precise_wrong_object,area_selected,71,63387.49295774648,45013.0,61942.30718311845
precise_wrong_object,area_selected_fraction,71,0.23149272986718827,0.1872169117647059,0.20106547482458298
precise_wrong_object,area_variance,71,848143291.2050077,234452082.88888893,1818067695.0445197
precise_wrong_object,area_std,71,20587.807514308974,15311.828202043313,20744.799203680886
precise_wrong_object,area_fraction_variance,71,0.010297861836884952,0.0029226677346337,0.01740537516458629
precise_wrong_object,consistency_coverage_candidate_0,71,0.5198232414768952,0.5055922445746986,0.20214756781180485
precise_wrong_object,consistency_coverage_candidate_1,71,0.4058704885406649,0.3964292426638461,0.17267543344764694
precise_wrong_object,consistency_coverage_candidate_2,71,0.29077406706206027,0.2572543680189195,0.15574273561492885
precise_wrong_object,consistency_selected_coverage,71,0.47530775123154434,0.4564701988687128,0.21778331025336037
precise_wrong_object,consistency_density_inside,71,0.00998432336239232,0.0070838518146773,0.010219762446802592
precise_wrong_object,consistency_density_outside,71,0.0018213167073687696,0.0013377856220699,0.0013994755347624822
precise_wrong_object,consistency_density_ratio,71,6.212009540244683,4.45522032304547,5.5009504257941195
precise_wrong_object,consistency_log_density_ratio,71,1.5187583899304418,1.494076515464,0.8052949957930762
precise_wrong_object,consistency_points_inside,71,2.5774647887323945,3.0,0.5772340904442722
precise_wrong_object,consistency_points_fraction,71,0.8591549295774646,1.0,0.192411363481424
precise_wrong_object,consistency_top1_inside,71,0.8873239436619719,1.0,0.3184469354605651
precise_wrong_object,switch_pearson,71,0.278461334509881,0.2377612053170925,0.36668513922417956
precise_wrong_object,switch_cosine,71,0.5191945678536442,0.5062760389775592,0.2490370807167501
precise_wrong_object,switch_l1,71,1.0424039144561397,1.0478040597362537,0.3478618980344245
recovered_target,clip_max,87,0.05725036850520245,0.0490110032260417,0.03328360911410626
recovered_target,clip_mean,87,0.00513466750057777,0.0045476425960212,0.0029056004977451515
recovered_target,clip_std,87,0.007811981382059865,0.0071189492450753,0.004302344015524128
recovered_target,clip_entropy,87,0.9205183027701562,0.9249625468678196,0.030814642558290355
recovered_target,clip_top1_pixel_mass,87,0.00024353620248127565,0.0002155718377693,0.00012719857579821103
recovered_target,clip_top3_pixel_mass,87,0.0007283648360468646,0.0006463220208747,0.0003811660256861608
recovered_target,clip_top5pct_mass,87,0.32062859669944654,0.3042168652167482,0.11149261349846251
recovered_target,clip_top10pct_mass,87,0.4846720951667869,0.467958505216734,0.1213478846608533
recovered_target,clip_top1_patch_mass,87,0.06409070864827204,0.058105326739167,0.03327501180024567
recovered_target,clip_top3_patch_mass,87,0.1676407348403372,0.152486588019363,0.08058705020422097
recovered_target,spatial_distance_12,87,146.08628433747117,121.92813420161234,94.03580351463317
recovered_target,spatial_distance_12_norm,87,0.19535295203663405,0.1588476517965955,0.12102902588269816
recovered_target,spatial_distance_13,87,140.4150350592942,97.20652685059709,100.40691580033291
recovered_target,spatial_distance_13_norm,87,0.18992302236532574,0.1304864826054141,0.13338852761608802
recovered_target,spatial_distance_23,87,149.83468201742278,122.63660085257156,88.40361389535056
recovered_target,spatial_distance_23_norm,87,0.20089130992596574,0.1691275167785234,0.11537680605597461
recovered_target,spatial_distance_mean,87,145.4453338047294,129.71605551072045,68.82720579037671
recovered_target,spatial_distance_max,87,204.51667661345618,184.65999733827093,101.04009563545613
recovered_target,spatial_spread_mean_norm,87,0.19538909477597521,0.1695320153225611,0.08838694219158862
recovered_target,spatial_spread_max_norm,87,0.2747057806439711,0.2479136879425753,0.1301363375897261
recovered_target,spatial_box_area,87,17074.673085217775,10455.992329817833,23138.239570318445
recovered_target,spatial_box_area_fraction,87,0.0634121588092545,0.036673058485139,0.07600261074193605
recovered_target,spatial_crop_spread_mean_norm,87,0.2379870040874525,0.207371172589102,0.10429771134067352
recovered_target,spatial_crop_spread_max_norm,87,0.3346587427644573,0.3072259023943795,0.1546289963037457
recovered_target,connected_count,87,8.67816091954023,8.0,4.141380100473088
recovered_target,connected_largest_pixels,87,9567.735632183909,8378.0,4105.00303787036
recovered_target,connected_largest_positive_fraction,87,0.6479670289520807,0.642843079346328,0.21563908911915494
recovered_target,connected_positive_fraction,87,0.29380465817792634,0.2979910714285714,0.06890771460520438
recovered_target,connected_all_points_same,87,0.6666666666666666,1.0,0.4741373235154427
recovered_target,sam_score_candidate_0,87,0.8299395544775601,0.818513035774231,0.08756048107782628
recovered_target,sam_score_candidate_1,87,0.9079618960961529,0.9102651476860046,0.045535409498849405
recovered_target,sam_score_candidate_2,87,0.8747505853916037,0.8927019834518433,0.09049737584123636
recovered_target,sam_score_max,87,0.9298024074784641,0.93773090839386,0.04142443832501233
recovered_target,sam_score_second,87,0.8870935193423567,0.8848475217819214,0.048614594067876334
recovered_target,sam_score_third,87,0.7957561091444958,0.8026447296142578,0.08640120135900907
recovered_target,sam_score_margin,87,0.042708888136107306,0.039235770702362,0.0346611475701869
recovered_target,sam_score_std,87,0.05770870740223723,0.0501299035198323,0.035563067463430055
recovered_target,sam_score_variance,87,0.004580489530693639,0.0025130072269077,0.005622604417596324
recovered_target,agreement_iou_12,87,0.4907287732100841,0.4935497742420984,0.2964467179602888
recovered_target,agreement_iou_13,87,0.3032442149715479,0.243906086436369,0.2286050223560252
recovered_target,agreement_iou_23,87,0.6062924469829862,0.6134831460674157,0.25597526799116854
recovered_target,agreement_mean,87,0.46675514505487276,0.4234121536052444,0.18877280345685538
recovered_target,agreement_min,87,0.2982639252353451,0.243906086436369,0.22759985455578702
recovered_target,agreement_max,87,0.7306719520762118,0.732887653079335,0.19704431601365546
recovered_target,area_candidate_0,87,49676.96551724138,32508.0,45126.07536319599
recovered_target,area_candidate_0_fraction,87,0.1879363121294516,0.1392275528169014,0.16735082811811597
recovered_target,area_candidate_1,87,20161.22988505747,15340.0,20944.5688701353
recovered_target,area_candidate_1_fraction,87,0.07732844815208541,0.0551822916666666,0.07173088879377941
recovered_target,area_candidate_2,87,12472.356321839081,9141.0,15366.579559170044
recovered_target,area_candidate_2_fraction,87,0.04849243725200464,0.0351306666666666,0.05604669555621527
recovered_target,area_selected,87,20138.275862068964,12758.0,26899.405741118906
recovered_target,area_selected_fraction,87,0.07604360299385597,0.0466700072886297,0.09516824559359145
recovered_target,area_variance,87,617921509.7828861,100292166.8888889,1340741741.6532848
recovered_target,area_std,87,16730.731077264998,10014.597689817045,18491.46906513603
recovered_target,area_fraction_variance,87,0.00867083813867397,0.0015766782193703,0.021377575764133898
recovered_target,consistency_coverage_candidate_0,87,0.44114321129172296,0.401532455807032,0.18921740262648673
recovered_target,consistency_coverage_candidate_1,87,0.3162609965570577,0.2958489820714575,0.12784213504048378
recovered_target,consistency_coverage_candidate_2,87,0.23653226435448665,0.2275221869333892,0.11126957668908258
recovered_target,consistency_selected_coverage,87,0.3124032631279236,0.2929810524959932,0.14636657310016396
recovered_target,consistency_density_inside,87,0.023767318425438368,0.0191704065704659,0.018096481825579547
recovered_target,consistency_density_outside,87,0.0027349068675877795,0.0023335398409325,0.0018168553550060452
recovered_target,consistency_density_ratio,87,9.538479928213192,7.375276928627106,7.943665455852458
recovered_target,consistency_log_density_ratio,87,2.040517758023497,1.9981334511838449,0.6203317019721594
recovered_target,consistency_points_inside,87,2.3563218390804597,2.0,0.6283424391178575
recovered_target,consistency_points_fraction,87,0.7854406130268199,0.6666666666666666,0.2094474797059525
recovered_target,consistency_top1_inside,87,0.735632183908046,1.0,0.44355252212380036
recovered_target,switch_pearson,87,0.18393199221518247,0.1251827661066119,0.3139366980841414
recovered_target,switch_cosine,87,0.4480473777397246,0.4342575148107041,0.22183525387415373
recovered_target,switch_l1,87,1.1299925912871749,1.145675237315097,0.3222806563916565
improved,clip_max,560,0.05852181007378796,0.052015708759427,0.038098947388731055
improved,clip_mean,560,0.005730587112788226,0.00480956503487475,0.004193608534526158
improved,clip_std,560,0.008501114130330802,0.007542194310307,0.005768515026636565
improved,clip_entropy,560,0.9188892655555131,0.9222731056655911,0.032951399655106725
improved,clip_top1_pixel_mass,560,0.00023978352971157555,0.00020967686073805,0.00012438593445774919
improved,clip_top3_pixel_mass,560,0.0007165207059655786,0.0006270859152766499,0.0003717370485701026
improved,clip_top5pct_mass,560,0.3169387153510979,0.30067583399343667,0.11159120465894547
improved,clip_top10pct_mass,560,0.4870813693570393,0.4746990601449109,0.13260396262188417
improved,clip_top1_patch_mass,560,0.06311605357226105,0.0547270061679485,0.033017077446408416
improved,clip_top3_patch_mass,560,0.16261421237312887,0.1479704358459841,0.07646024218550412
improved,spatial_distance_12,560,148.8005363159773,114.9460899444406,99.44001941158425
improved,spatial_distance_12_norm,560,0.19540507281222672,0.15449859671656468,0.12487487457613866
improved,spatial_distance_13,560,159.70186586057244,122.63660085257155,103.48001601856652
improved,spatial_distance_13_norm,560,0.20912213335816762,0.15857596897830764,0.1300214512391074
improved,spatial_distance_23,560,162.68021306126397,135.85312268256706,100.87077589902297
improved,spatial_distance_23_norm,560,0.21370684770666512,0.1764529172297738,0.12779840732406933
improved,spatial_distance_mean,560,157.06087174593793,138.14442401269065,75.80635260733455
improved,spatial_distance_max,560,215.99000371960602,192.5696227740903,109.03841885046944
improved,spatial_spread_mean_norm,560,0.2060780179590198,0.18457227419384764,0.0933449088617425
improved,spatial_spread_max_norm,560,0.2833345901990218,0.2570707788737256,0.1349884753905414
improved,spatial_box_area,560,20997.427385595598,11539.04599451721,25005.14637826318
improved,spatial_box_area_fraction,560,0.07476796301209583,0.041507227891156406,0.08325718421884117
improved,spatial_crop_spread_mean_norm,560,0.2499017610698416,0.22841995956902283,0.11088592310659807
improved,spatial_crop_spread_max_norm,560,0.3435975335399978,0.3164451231159639,0.16071763071066655
improved,connected_count,560,7.919642857142857,8.0,3.966177200979958
improved,connected_largest_pixels,560,10025.0125,9470.0,4229.705494112745
improved,connected_largest_positive_fraction,560,0.6822595594306273,0.6949665513287995,0.22288639738175592
improved,connected_positive_fraction,560,0.29334307523232506,0.29564931441326525,0.07149613357817708
improved,connected_all_points_same,560,0.6553571428571429,1.0,0.4756765797636566
improved,sam_score_candidate_0,560,0.8690097965300083,0.8863788545131683,0.08588820720855019
improved,sam_score_candidate_1,560,0.9086429635328906,0.9154320955276488,0.05697803562253012
improved,sam_score_candidate_2,560,0.8455469025032861,0.8609780669212341,0.09677559056398218
improved,sam_score_max,560,0.9277216383389064,0.9373136162757874,0.05036962034056698
improved,sam_score_second,560,0.8891581897224698,0.8971654772758484,0.059974949344921064
improved,sam_score_third,560,0.8063198345048087,0.8156103789806366,0.09045882973812013
improved,sam_score_margin,560,0.038563448616436506,0.02812144160270685,0.03447109001526952
improved,sam_score_std,560,0.052544043112044844,0.044767360617657154,0.03374758923013473
improved,sam_score_variance,560,0.0038977424958012105,0.0020041170944063,0.004911432178921185
improved,agreement_iou_12,560,0.603571815807005,0.6397251536960056,0.2650345442072487
improved,agreement_iou_13,560,0.38292978333342864,0.34310684236639033,0.22792035490604354
improved,agreement_iou_23,560,0.5864724755993844,0.6003602194002302,0.24718196425821887
improved,agreement_mean,560,0.5243246915799393,0.5033024964282511,0.1926056923285041
improved,agreement_min,560,0.3751815800610487,0.3375903141171067,0.22848308514725216
improved,agreement_max,560,0.7414287692647159,0.7731619664570051,0.18646192616270432
improved,area_candidate_0,560,53843.51964285714,37548.0,50184.74717500619
improved,area_candidate_0_fraction,560,0.194790573720526,0.13378601360768774,0.16900608966059585
improved,area_candidate_1,560,31373.8125,20962.5,33990.24766820884
improved,area_candidate_1_fraction,560,0.11238468207737891,0.07531901041666661,0.10887102318703828
improved,area_candidate_2,560,19748.739285714284,12384.5,22992.37661332652
improved,area_candidate_2_fraction,560,0.0707316613717299,0.0453179888758782,0.07503035679250265
improved,area_selected,560,37244.90714285714,21908.0,43264.35393668148
improved,area_selected_fraction,560,0.1340920774873197,0.0801321339495305,0.14499522280999672
improved,area_variance,560,483982479.56904763,80263120.55555555,1073338250.8116398
improved,area_std,560,14951.975661139406,8958.96268421106,16151.989742276026
improved,area_fraction_variance,560,0.006299087145949321,0.0011343921442959499,0.015423010596968068
improved,consistency_coverage_candidate_0,560,0.4921091102309668,0.4773551703389014,0.19427026652511273
improved,consistency_coverage_candidate_1,560,0.39238407337555853,0.36744785126585267,0.1747534342746114
improved,consistency_coverage_candidate_2,560,0.2897608050358424,0.2593896006106907,0.15164101723411594
improved,consistency_selected_coverage,560,0.4232615948089369,0.3981326034915494,0.19781870694245623
improved,consistency_density_inside,560,0.02107540227932592,0.0166637044089696,0.017847544121664474
improved,consistency_density_outside,560,0.0025777511621451503,0.002214714209648,0.0018928351222971876
improved,consistency_density_ratio,560,8.85077104603098,7.064205658489821,6.464866045342218
improved,consistency_log_density_ratio,560,1.9524479253299523,1.955036295018929,0.6895213826919505
improved,consistency_points_inside,560,2.619642857142857,3.0,0.5736989302418954
improved,consistency_points_fraction,560,0.8732142857142857,1.0,0.19123297674729847
improved,consistency_top1_inside,560,0.9267857142857143,1.0,0.26072080587262975
improved,switch_pearson,560,0.14033908619382252,0.053710958019964145,0.3236734059944362
improved,switch_cosine,560,0.41078399035054947,0.3615646057885602,0.23139779994543724
improved,switch_l1,560,1.196128928524551,1.239283850424315,0.34171974966647595
worsened,clip_max,440,0.04312864426967937,0.0266643557697534,0.03892268163891786
worsened,clip_mean,440,0.004552810176008531,0.0033105420894125,0.004104008161020742
worsened,clip_std,440,0.006210167522454307,0.004017024426128,0.005809851518502092
worsened,clip_entropy,440,0.9250259559872579,0.9311488416968636,0.03370614841546875
worsened,clip_top1_pixel_mass,440,0.00022837255415909474,0.00019782372319755,0.00013209890436561468
worsened,clip_top3_pixel_mass,440,0.0006826993691627173,0.0005920081146629,0.0003950100883544871
worsened,clip_top5pct_mass,440,0.2911933996310169,0.2653603972833179,0.11121279175062812
worsened,clip_top10pct_mass,440,0.4528561240580676,0.4363344774090989,0.12991590176885812
worsened,clip_top1_patch_mass,440,0.060299060684220925,0.05242476722615405,0.035109214396297946
worsened,clip_top3_patch_mass,440,0.15270213940627758,0.1336063939710238,0.07850701383579517
worsened,spatial_distance_12,440,167.64477451352056,137.63202578763128,104.15026668342489
worsened,spatial_distance_12_norm,440,0.21987061089006277,0.1777678426908243,0.13399418371066257
worsened,spatial_distance_13,440,187.3163138526961,156.69348081441245,110.03853556346935
worsened,spatial_distance_13_norm,440,0.2448372964971471,0.21419177053052313,0.13896878387882128
worsened,spatial_distance_23,440,184.74299611234454,164.97868366184593,104.17894564836494
worsened,spatial_distance_23_norm,440,0.2429705813796603,0.2204840325206662,0.13382769724865873
worsened,spatial_distance_mean,440,179.9013614928537,167.80973365728374,79.90890197361205
worsened,spatial_distance_max,440,244.50508523723354,231.61285449046855,110.77321085128997
worsened,spatial_spread_mean_norm,440,0.23589282958895674,0.2227393482113166,0.10046238998721779
worsened,spatial_spread_max_norm,440,0.320627526516348,0.3078699991770682,0.13937816393194105
worsened,spatial_box_area,440,29612.937713466807,20218.54026845638,29403.880956830402
worsened,spatial_box_area_fraction,440,0.10607137063956128,0.0759312259412429,0.09972784550754515
worsened,spatial_crop_spread_mean_norm,440,0.2841737712794113,0.2704917173290823,0.11927323518986917
worsened,spatial_crop_spread_max_norm,440,0.386102282006688,0.3650959106610794,0.16466322530715807
worsened,connected_count,440,8.813636363636364,9.0,4.011577261201967
worsened,connected_largest_pixels,440,10090.03409090909,9572.5,4510.761238274674
worsened,connected_largest_positive_fraction,440,0.6332788070875798,0.6535673045351859,0.23302979481521185
worsened,connected_positive_fraction,440,0.3156906779046846,0.31870814732142855,0.06960927575840273
worsened,connected_all_points_same,440,0.5,0.5,0.5005691521478371
worsened,sam_score_candidate_0,440,0.8797308478843082,0.8945258259773254,0.08613161247862257
worsened,sam_score_candidate_1,440,0.8992838771505789,0.9064375758171082,0.06101903772086519
worsened,sam_score_candidate_2,440,0.8345157233828848,0.8557807803153992,0.1103599127580525
worsened,sam_score_max,440,0.9231961112130772,0.9347782731056213,0.05567816024234845
worsened,sam_score_second,440,0.8887740571390499,0.8953081369400024,0.06809433804347806
worsened,sam_score_third,440,0.8015602800656448,0.8059057593345642,0.0995820878823936
worsened,sam_score_margin,440,0.03442205407402727,0.0239014625549316,0.032950035641189465
worsened,sam_score_std,440,0.052919763848818385,0.0446050238228384,0.0378963403498327
worsened,sam_score_variance,440,0.004233370079970679,0.0019896151574264,0.005972639414058702
worsened,agreement_iou_12,440,0.5306557999695417,0.5296421951444124,0.2664034418445089
worsened,agreement_iou_13,440,0.3247117254137491,0.28012651853151865,0.21806294468753765
worsened,agreement_iou_23,440,0.5459690656439681,0.5508261552927529,0.2555082189247073
worsened,agreement_mean,440,0.46711219700908624,0.4429097347901343,0.19390624697424608
worsened,agreement_min,440,0.31793811113339193,0.2723809174405135,0.21959067510641742
worsened,agreement_max,440,0.6835940228376488,0.6974189238876431,0.20574712945091983
worsened,area_candidate_0,440,83371.4,68306.5,61787.88230329054
worsened,area_candidate_0_fraction,440,0.3021163863732127,0.25890922395833327,0.21522079221493076
worsened,area_candidate_1,440,49313.22045454545,31529.5,46628.22761228827
worsened,area_candidate_1_fraction,440,0.17924967816483903,0.119351304721701,0.1658120788745149
worsened,area_candidate_2,440,30420.104545454546,18945.5,34443.14475260908
worsened,area_candidate_2_fraction,440,0.10921344600426121,0.0686458743653711,0.11846887702920873
worsened,area_selected,440,63439.413636363635,35726.0,64734.98288279181
worsened,area_selected_fraction,440,0.23001676743257835,0.1347524904376876,0.22822598470167363
worsened,area_variance,440,985114490.099495,267119421.7777778,1871951081.1928895
worsened,area_std,440,23202.223785436297,16343.446090728892,21161.025584582923
worsened,area_fraction_variance,440,0.012722765455742873,0.0038267013884627,0.023192163231059364
worsened,consistency_coverage_candidate_0,440,0.4769323941947293,0.4670863636288106,0.2076325564398121
worsened,consistency_coverage_candidate_1,440,0.3496886147705925,0.3312928239396826,0.17064093935120492
worsened,consistency_coverage_candidate_2,440,0.2611488435521567,0.23282355815421213,0.14247516698327178
worsened,consistency_selected_coverage,440,0.37731987576924214,0.3405827887424646,0.2084604811569804
worsened,consistency_density_inside,440,0.009918319332735442,0.0059867915550169005,0.012815506926247677
worsened,consistency_density_outside,440,0.0026854461685888995,0.0020085073026928,0.0027171459467302387
worsened,consistency_density_ratio,440,4.18128359859112,3.19395529460908,3.539724055545195
worsened,consistency_log_density_ratio,440,1.079060587518045,1.1612600499006809,0.8916325421197184
worsened,consistency_points_inside,440,2.5022727272727274,3.0,0.633171370701421
worsened,consistency_points_fraction,440,0.8340909090909091,1.0,0.21105712356714035
worsened,consistency_top1_inside,440,0.8227272727272728,1.0,0.38233405968508544
worsened,switch_pearson,440,0.1406831501029313,0.10527078078021375,0.3040508022944012
worsened,switch_cosine,440,0.41743232731644037,0.3900653776410111,0.2187694477435893
worsened,switch_l1,440,1.1960093786153418,1.2285791013145313,0.3241981248222574
