feature,family,n_improved,n_worsened,improved_mean,worsened_mean,improved_median,worsened_median,improved_std,worsened_std,cohen_d,mean_difference,difference_ci_low,difference_ci_high,missing,constant
clip_max,clip,560,440,0.05852181007378796,0.04312864426967937,0.052015708759427,0.0266643557697534,0.038098947388731055,0.03892268163891786,0.4002022675737049,0.015393165804108593,0.010409644406514476,0.020421082429760373,0,False
clip_mean,clip,560,440,0.005730587112788226,0.004552810176008531,0.00480956503487475,0.0033105420894125,0.004193608534526158,0.004104008161020742,0.28349882548057265,0.0011777769367796957,0.0006539935428125197,0.001693022910930559,0,False
clip_std,clip,560,440,0.008501114130330802,0.006210167522454307,0.007542194310307,0.004017024426128,0.005768515026636565,0.005809851518502092,0.39589627140449896,0.002290946607876495,0.0015382010597113343,0.0030443404983385076,0,False
clip_entropy,clip,560,440,0.9188892655555131,0.9250259559872579,0.9222731056655911,0.9311488416968636,0.032951399655106725,0.03370614841546875,-0.18436523980858224,-0.006136690431744807,-0.010183690424504756,-0.0022755906261874275,0,False
clip_top1_pixel_mass,clip,560,440,0.00023978352971157555,0.00022837255415909474,0.00020967686073805,0.00019782372319755,0.00012438593445774919,0.00013209890436561468,0.0892625752852777,1.1410975552480812e-05,-4.9122312402273e-06,2.7478456145386464e-05,0,False
clip_top3_pixel_mass,clip,560,440,0.0007165207059655786,0.0006826993691627173,0.0006270859152766499,0.0005920081146629,0.0003717370485701026,0.0003950100883544871,0.08850300234590226,3.3821336802861385e-05,-1.5023657007014648e-05,8.17999026560667e-05,0,False
clip_top5pct_mass,clip,560,440,0.3169387153510979,0.2911933996310169,0.30067583399343667,0.2653603972833179,0.11159120465894547,0.11121279175062812,0.23105530405676664,0.025745315720080986,0.012504612103129307,0.039149840503813885,0,False
clip_top10pct_mass,clip,560,440,0.4870813693570393,0.4528561240580676,0.4746990601449109,0.4363344774090989,0.13260396262188417,0.12991590176885812,0.26040998886513206,0.034225245298971696,0.018746940240169145,0.049732334943599424,0,False
clip_top1_patch_mass,clip,560,440,0.06311605357226105,0.060299060684220925,0.0547270061679485,0.05242476722615405,0.033017077446408416,0.035109214396297946,0.08296680870447425,0.002816992888040125,-0.0015570857636525272,0.007109924889088621,0,False
clip_top3_patch_mass,clip,560,440,0.16261421237312887,0.15270213940627758,0.1479704358459841,0.1336063939710238,0.07646024218550412,0.07850701383579517,0.12811717376601128,0.009912072966851287,0.0001732630692284571,0.019446349545637846,0,False
spatial_distance_12,spatial,560,440,148.8005363159773,167.64477451352056,114.9460899444406,137.63202578763128,99.44001941158425,104.15026668342489,-0.18558642356620147,-18.844238197543262,-31.524822176132183,-5.132269393498157,0,False
spatial_distance_12_norm,spatial,560,440,0.19540507281222672,0.21987061089006277,0.15449859671656468,0.1777678426908243,0.12487487457613866,0.13399418371066257,-0.18970571955335316,-0.024465538077836052,-0.041464108107910735,-0.006757344367759937,0,False
spatial_distance_13,spatial,560,440,159.70186586057244,187.3163138526961,122.63660085257155,156.69348081441245,103.48001601856652,110.03853556346935,-0.2594982297081608,-27.614447992123672,-40.95824194772666,-13.63048738739365,0,False
spatial_distance_13_norm,spatial,560,440,0.20912213335816762,0.2448372964971471,0.15857596897830764,0.21419177053052313,0.1300214512391074,0.13896878387882128,-0.2664698132832406,-0.03571516313897949,-0.05300417900969948,-0.018061958130465655,0,False
spatial_distance_23,spatial,560,440,162.68021306126397,184.74299611234454,135.85312268256706,164.97868366184593,100.87077589902297,104.17894564836494,-0.21558497941817076,-22.062783051080572,-35.67559500288875,-9.015139988489599,0,False
spatial_distance_23_norm,spatial,560,440,0.21370684770666512,0.2429705813796603,0.1764529172297738,0.2204840325206662,0.12779840732406933,0.13382769724865873,-0.22426912800889476,-0.029263733672995174,-0.046965515686172965,-0.012063031938287415,0,False
spatial_distance_mean,spatial,560,440,157.06087174593793,179.9013614928537,138.14442401269065,167.80973365728374,75.80635260733455,79.90890197361205,-0.2941933107555632,-22.84048974691578,-32.786133545930795,-12.976742732810775,0,False
spatial_distance_max,spatial,560,440,215.99000371960602,244.50508523723354,192.5696227740903,231.61285449046855,109.03841885046944,110.77321085128997,-0.25968861824521067,-28.51508151762752,-42.706062237913436,-14.308709064836934,0,False
spatial_spread_mean_norm,spatial,560,440,0.2060780179590198,0.23589282958895674,0.18457227419384764,0.2227393482113166,0.0933449088617425,0.10046238998721779,-0.30883245140763754,-0.029814811629936933,-0.042206864860567794,-0.017320953695677946,0,False
spatial_spread_max_norm,spatial,560,440,0.2833345901990218,0.320627526516348,0.2570707788737256,0.3078699991770682,0.1349884753905414,0.13937816393194105,-0.2723369522052043,-0.03729293631732622,-0.05479929335339578,-0.01940994276607935,0,False
spatial_box_area,spatial,560,440,20997.427385595598,29612.937713466807,11539.04599451721,20218.54026845638,25005.14637826318,29403.880956830402,-0.31875774501591436,-8615.510327871209,-12085.824311565135,-4966.673917837842,0,False
spatial_box_area_fraction,spatial,560,440,0.07476796301209583,0.10607137063956128,0.041507227891156406,0.0759312259412429,0.08325718421884117,0.09972784550754515,-0.34448251328922863,-0.031303407627465446,-0.043335212671984646,-0.01919693429158774,0,False
spatial_crop_spread_mean_norm,spatial,560,440,0.2499017610698416,0.2841737712794113,0.22841995956902283,0.2704917173290823,0.11088592310659807,0.11927323518986917,-0.29892479500985786,-0.03427201020956969,-0.049265516663867366,-0.019199447838374198,0,False
spatial_crop_spread_max_norm,spatial,560,440,0.3435975335399978,0.386102282006688,0.3164451231159639,0.3650959106610794,0.16071763071066655,0.16466322530715807,-0.2616239957624109,-0.04250474846669022,-0.06380874326695248,-0.021526462601107577,0,False
connected_count,connected,560,440,7.919642857142857,8.813636363636364,8.0,9.0,3.966177200979958,4.011577261201967,-0.22427147016325952,-0.8939935064935076,-1.3694237310013904,-0.43111478933013664,0,False
connected_largest_pixels,connected,560,440,10025.0125,10090.03409090909,9470.0,9572.5,4229.705494112745,4510.761238274674,-0.014928373493913906,-65.02159090908935,-597.529370031966,480.8656033802004,0,False
connected_largest_positive_fraction,connected,560,440,0.6822595594306273,0.6332788070875798,0.6949665513287995,0.6535673045351859,0.22288639738175592,0.23302979481521185,0.2153908836899595,0.04898075234304755,0.022146586232840777,0.07672184522634311,0,False
connected_positive_fraction,connected,560,440,0.29334307523232506,0.3156906779046846,0.29564931441326525,0.31870814732142855,0.07149613357817708,0.06960927575840273,-0.3162142321221583,-0.022347602672359523,-0.03100721943404816,-0.013970326495564086,0,False
connected_all_points_same,connected,560,440,0.6553571428571429,0.5,1.0,0.5,0.4756765797636566,0.5005691521478371,0.31915061123666133,0.15535714285714286,0.0943249385244118,0.2159731384320784,0,False
sam_score_candidate_0,sam,560,440,0.8690097965300083,0.8797308478843082,0.8863788545131683,0.8945258259773254,0.08588820720855019,0.08613161247862257,-0.12467011258515986,-0.010721051354299904,-0.02141476225605086,-0.00046251112017879197,0,False
sam_score_candidate_1,sam,560,440,0.9086429635328906,0.8992838771505789,0.9154320955276488,0.9064375758171082,0.05697803562253012,0.06101903772086519,0.15919569950784346,0.009359086382311754,0.001952062933770446,0.01678066992057215,0,False
sam_score_candidate_2,sam,560,440,0.8455469025032861,0.8345157233828848,0.8609780669212341,0.8557807803153992,0.09677559056398218,0.1103599127580525,0.10712787888239843,0.011031179120401302,-0.0027623550383678416,0.02442910821108021,0,False
sam_score_max,sam,560,440,0.9277216383389064,0.9231961112130772,0.9373136162757874,0.9347782731056213,0.05036962034056698,0.05567816024234845,0.08575854459359028,0.00452552712582921,-0.002244545463074857,0.011335564471394333,0,False
sam_score_second,sam,560,440,0.8891581897224698,0.8887740571390499,0.8971654772758484,0.8953081369400024,0.059974949344921064,0.06809433804347806,0.00603278427559689,0.0003841325834199605,-0.007955462656319403,0.008633013941444537,0,False
sam_score_third,sam,560,440,0.8063198345048087,0.8015602800656448,0.8156103789806366,0.8059057593345642,0.09045882973812013,0.0995820878823936,0.05032281865501774,0.004759554439163871,-0.0077135600099604825,0.016928569552355083,0,False
sam_score_margin,sam,560,440,0.038563448616436506,0.03442205407402727,0.02812144160270685,0.0239014625549316,0.03447109001526952,0.032950035641189465,0.12248863211914932,0.004141394542409235,-0.00015248807768839992,0.008444802455604918,0,False
sam_score_std,sam,560,440,0.052544043112044844,0.052919763848818385,0.044767360617657154,0.0446050238228384,0.03374758923013473,0.0378963403498327,-0.010544445775226603,-0.000375720736773541,-0.004836994402378256,0.0042735441494206475,0,False
sam_score_variance,sam,560,440,0.0038977424958012105,0.004233370079970679,0.0020041170944063,0.0019896151574264,0.004911432178921185,0.005972639414058702,-0.062107597967204976,-0.00033562758416946824,-0.001023758147074365,0.00034900860419095436,0,False
agreement_iou_12,agreement,560,440,0.603571815807005,0.5306557999695417,0.6397251536960056,0.5296421951444124,0.2650345442072487,0.2664034418445089,0.27449437062694443,0.07291601583746332,0.04310400059723794,0.10687374203576686,0,False
agreement_iou_13,agreement,560,440,0.38292978333342864,0.3247117254137491,0.34310684236639033,0.28012651853151865,0.22792035490604354,0.21806294468753765,0.26032296305641406,0.058218057919679544,0.03097935248444007,0.08746994023686383,0,False
agreement_iou_23,agreement,560,440,0.5864724755993844,0.5459690656439681,0.6003602194002302,0.5508261552927529,0.24718196425821887,0.2555082189247073,0.16144627888926721,0.04050340995541635,0.009259655391391364,0.07502762050020399,0,False
agreement_mean,agreement,560,440,0.5243246915799393,0.46711219700908624,0.5033024964282511,0.4429097347901343,0.1926056923285041,0.19390624697424608,0.2961633326237573,0.05721249457085309,0.034176104700176506,0.08264544230538978,0,False
agreement_min,agreement,560,440,0.3751815800610487,0.31793811113339193,0.3375903141171067,0.2723809174405135,0.22848308514725216,0.21959067510641742,0.2548516467094234,0.05724346892765675,0.030278939115472633,0.0864089208111997,0,False
agreement_max,agreement,560,440,0.7414287692647159,0.6835940228376488,0.7731619664570051,0.6974189238876431,0.18646192616270432,0.20574712945091983,0.29631494573791783,0.057834746427067096,0.035140979573031125,0.08185188661785418,0,False
area_candidate_0,area,560,440,53843.51964285714,83371.4,37548.0,68306.5,50184.74717500619,61787.88230329054,-0.5311925204054282,-29527.88035714285,-37177.0245428312,-22083.7457701855,0,False
area_candidate_0_fraction,area,560,440,0.194790573720526,0.3021163863732127,0.13378601360768774,0.25890922395833327,0.16900608966059585,0.21522079221493076,-0.5627413344198716,-0.1073258126526867,-0.1338005139193477,-0.08126078931965054,0,False
area_candidate_1,area,560,440,31373.8125,49313.22045454545,20962.5,31529.5,33990.24766820884,46628.22761228827,-0.44799400675938006,-17939.40795454545,-23752.667496284015,-12388.483772352754,0,False
area_candidate_1_fraction,area,560,440,0.11238468207737891,0.17924967816483903,0.07531901041666661,0.119351304721701,0.10887102318703828,0.1658120788745149,-0.48853509655236455,-0.06686499608746012,-0.08704058429779529,-0.04793096628602249,0,False
area_candidate_2,area,560,440,19748.739285714284,30420.104545454546,12384.5,18945.5,22992.37661332652,34443.14475260908,-0.3731269696450726,-10671.365259740262,-14562.80894116951,-6597.4803045348335,0,False
area_candidate_2_fraction,area,560,440,0.0707316613717299,0.10921344600426121,0.0453179888758782,0.0686458743653711,0.07503035679250265,0.11846887702920873,-0.3984619899539507,-0.03848178463253131,-0.052199115953089514,-0.024892977514871243,0,False
area_selected,area,560,440,37244.90714285714,63439.413636363635,21908.0,35726.0,43264.35393668148,64734.98288279181,-0.4871086357336841,-26194.506493506495,-34090.28617901139,-18310.61722004598,0,False
area_selected_fraction,area,560,440,0.1340920774873197,0.23001676743257835,0.0801321339495305,0.1347524904376876,0.14499522280999672,0.22822598470167363,-0.5150411671874056,-0.09592468994525866,-0.12313765148645996,-0.06907779844505947,0,False
area_variance,area,560,440,483982479.56904763,985114490.099495,80263120.55555555,267119421.7777778,1073338250.8116398,1871951081.1928895,-0.33888778761494676,-501132010.5304474,-732412140.5407063,-290398620.3846308,0,False
area_std,area,560,440,14951.975661139406,23202.223785436297,8958.96268421106,16343.446090728892,16151.989742276026,21161.025584582923,-0.44540577144399013,-8250.248124296892,-10893.28649052397,-5809.800150363727,0,False
area_fraction_variance,area,560,440,0.006299087145949321,0.012722765455742873,0.0011343921442959499,0.0038267013884627,0.015423010596968068,0.023192163231059364,-0.334025014491819,-0.006423678309793551,-0.00939782755272736,-0.003600978776276021,0,False
consistency_coverage_candidate_0,consistency,560,440,0.4921091102309668,0.4769323941947293,0.4773551703389014,0.4670863636288106,0.19427026652511273,0.2076325564398121,0.07578584042511667,0.015176716036237492,-0.01096643643108516,0.04126123746190252,0,False
consistency_coverage_candidate_1,consistency,560,440,0.39238407337555853,0.3496886147705925,0.36744785126585267,0.3312928239396826,0.1747534342746114,0.17064093935120492,0.24685666088441757,0.04269545860496604,0.021079569125636705,0.06620111151594835,0,False
consistency_coverage_candidate_2,consistency,560,440,0.2897608050358424,0.2611488435521567,0.2593896006106907,0.23282355815421213,0.15164101723411594,0.14247516698327178,0.19374395875746875,0.02861196148368572,0.009927334828637524,0.049024199491795976,0,False
consistency_selected_coverage,consistency,560,440,0.4232615948089369,0.37731987576924214,0.3981326034915494,0.3405827887424646,0.19781870694245623,0.2084604811569804,0.2267957536107585,0.04594171903969474,0.018899099963585676,0.07267145653296542,0,False
consistency_density_inside,consistency,560,440,0.02107540227932592,0.009918319332735442,0.0166637044089696,0.0059867915550169005,0.017847544121664474,0.012815506926247677,0.7047028623376961,0.011157082946590478,0.00923362525256512,0.013161768614057545,0,False
consistency_density_outside,consistency,560,440,0.0025777511621451503,0.0026854461685888995,0.002214714209648,0.0020085073026928,0.0018928351222971876,0.0027171459467302387,-0.04698230139986158,-0.00010769500644374928,-0.0004003248896749431,0.00018061680449755663,0,False
consistency_density_ratio,consistency,560,440,8.85077104603098,4.18128359859112,7.064205658489821,3.19395529460908,6.464866045342218,3.539724055545195,0.8682783270944866,4.6694874474398596,4.048714901911873,5.283607506776313,0,False
consistency_log_density_ratio,consistency,560,440,1.9524479253299523,1.079060587518045,1.955036295018929,1.1612600499006809,0.6895213826919505,0.8916325421197184,1.1127880252102227,0.8733873378119072,0.7683861423495261,0.9801910505574388,0,False
consistency_points_inside,consistency,560,440,2.619642857142857,2.5022727272727274,3.0,3.0,0.5736989302418954,0.633171370701421,0.19542614745708006,0.11737012987012951,0.037070255775286096,0.20456481873504492,0,False
consistency_points_fraction,consistency,560,440,0.8732142857142857,0.8340909090909091,1.0,1.0,0.19123297674729847,0.21105712356714035,0.1954261474570806,0.039123376623376616,0.012356751925095433,0.06818827291168186,0,False
consistency_top1_inside,consistency,560,440,0.9267857142857143,0.8227272727272728,1.0,1.0,0.26072080587262975,0.38233405968508544,0.3252212316267584,0.10405844155844157,0.06006793264218975,0.1491089902603875,0,False
switch_pearson,switch,560,440,0.14033908619382252,0.1406831501029313,0.053710958019964145,0.10527078078021375,0.3236734059944362,0.3040508022944012,-0.0010915998056556942,-0.0003440639091087938,-0.04209655206124152,0.03878479402073542,0,False
switch_cosine,switch,560,440,0.41078399035054947,0.41743232731644037,0.3615646057885602,0.3900653776410111,0.23139779994543724,0.2187694477435893,-0.029426558417520402,-0.0066483369658909,-0.03540383888521705,0.02123965422885702,0,False
switch_l1,switch,560,440,1.196128928524551,1.1960093786153418,1.239283850424315,1.2285791013145313,0.34171974966647595,0.3241981248222574,0.0003577993584587651,0.00011954990920926001,-0.042381698338932454,0.04319920907781759,0,False
