image_id,category_id,improved,logistic_regression_probability,shallow_tree_probability,fold
8532,1,0,0.5992686003739927,0.7741935483870965,3
8532,32,1,0.3963866714531787,0.8974895397489538,3
61471,70,1,0.6737252268553643,0.6590645535369162,3
61471,18,1,0.8909247545901489,0.8974895397489538,3
52591,1,1,0.2598309230474201,0.35065134099616807,1
52591,35,1,0.4967025760470497,0.6667648853997854,1
386912,76,0,0.8105257131576719,0.4132947976878615,0
386912,1,1,0.7561111352164855,0.7439613526570056,0
400082,58,1,0.5557353951059648,0.6062992125984258,2
400082,67,0,0.4615365472978026,0.16666666666666663,2
562207,1,0,0.2838782834151336,0.3532394366197188,2
562207,22,1,0.9633295173476046,0.8508078377449297,2
130613,57,1,0.9373453818138244,0.7439613526570056,0
130613,67,1,0.14608063094248389,0.16417910447761191,0
45550,54,1,0.6754874954944754,0.9366993217784476,0
45550,1,0,0.09637926684386522,0.21633888048411504,0
244833,62,1,0.3354462205482324,0.2508398656215002,1
244833,4,0,0.200739002524916,0.2508398656215002,1
464476,7,1,0.8888327644754013,0.6062992125984258,2
464476,72,0,0.21591335312145632,0.3532394366197188,2
322574,51,0,0.08875477889163219,0.0,0
322574,58,0,0.8230367634990253,0.7439613526570056,0
481413,34,0,0.058770405203536234,0.33679953783939975,3
481413,1,1,0.11061457633072885,0.7741935483870965,3
420840,62,0,0.39879584874457763,0.33679953783939975,3
420840,1,1,0.8246979170926636,0.7741935483870965,3
346232,28,1,0.9836084842244354,0.8314800944863748,4
346232,8,1,0.9900117255431605,0.8314800944863748,4
122046,62,0,0.21485567194352628,0.7439613526570056,0
122046,28,0,0.4981682428549944,0.7439613526570056,0
322610,15,0,0.4505879122004233,0.35065134099616807,1
322610,1,0,0.8557244068047669,0.6510172143974962,1
525155,20,1,0.5882979603675,0.8508078377449297,2
525155,1,1,0.7812959444157936,0.6966666666666662,2
496571,77,1,0.7798887734892717,0.7439613526570056,0
496571,47,0,0.1500229185374587,0.4132947976878615,0
497599,1,1,0.7251632153561044,0.7432093129422511,4
497599,62,1,0.6978212909272392,0.7432093129422511,4
105264,1,0,0.7574030078243847,0.6510172143974962,1
105264,21,1,0.9222406166277162,0.9141977683724507,1
566282,3,1,0.949069097210075,0.8508078377449297,2
566282,1,1,0.5369884800314854,0.6966666666666662,2
309391,1,0,0.1573552271837912,0.01762114537444931,1
309391,10,0,0.16509886398374554,0.2508398656215002,1
181303,1,1,0.9299033928897823,0.16666666666666663,2
181303,38,1,0.39355320525725723,0.6062992125984258,2
366141,63,0,0.7185555229908119,0.9141977683724507,1
366141,72,1,0.660907213855422,0.6667648853997854,1
373382,1,0,0.7319487217968046,0.4132947976878615,0
373382,43,1,0.5754933272460214,0.7439613526570056,0
80671,35,0,0.006116749609441866,0.02291666666666668,2
80671,1,0,0.003761765462636982,0.02291666666666668,2
8844,52,1,0.8649584840231661,0.6062992125984258,2
8844,1,1,0.6547086212048921,0.16666666666666663,2
104424,43,1,0.30689849006098485,0.6062992125984258,2
104424,1,1,0.7801107282318355,0.8508078377449297,2
536947,82,1,0.951641186572524,0.8974895397489538,3
536947,62,1,0.7113882727092868,0.6590645535369162,3
38678,1,0,0.28619165809986097,0.35065134099616807,1
38678,60,1,0.8261261876345074,0.6667648853997854,1
416330,65,0,0.2745553557788434,0.01762114537444931,1
416330,17,1,0.5191905695484769,0.6667648853997854,1
231747,1,1,0.4186297660000793,0.35065134099616807,1
231747,39,1,0.10168113213464867,0.6667648853997854,1
358923,28,1,0.8475593005332861,0.9366993217784476,0
358923,1,1,0.3814919794803021,0.4132947976878615,0
209757,1,0,0.28620762697996194,0.2622950819672131,4
209757,41,1,0.7670957013238175,0.8314800944863748,4
79651,44,1,0.6118322514628193,0.8974895397489538,3
79651,52,0,0.24949159728447476,0.8974895397489538,3
458768,63,1,0.7323911343804612,0.8508078377449297,2
458768,81,1,0.21268136108386448,0.6062992125984258,2
567197,8,1,0.9775320193570315,0.8314800944863748,4
567197,3,0,0.8669569225769572,0.5891661594643932,4
40036,1,1,0.09649850599223894,0.0,0
40036,19,1,0.5743007612381209,0.7439613526570056,0
404922,1,0,0.005037820853730695,0.04278594870548191,4
404922,43,1,0.9423908702635843,0.8314800944863748,4
2685,44,1,0.9341189464747727,0.6667648853997854,1
2685,1,0,0.16943257354557317,0.28295819935691324,1
300276,67,1,0.5508886734043561,0.35065134099616807,1
300276,61,1,0.9394011894209694,0.6667648853997854,1
99428,75,1,0.6571188207630797,0.22183964584358132,0
99428,73,1,0.21345757409982985,0.22183964584358132,0
64462,1,1,0.5581255973512266,0.6510172143974962,1
64462,35,0,0.021424096073840528,0.2508398656215002,1
157365,1,1,0.36391883368543687,0.6966666666666662,2
157365,3,1,0.8286107348525464,0.8508078377449297,2
25096,41,0,0.4448754050801934,0.3532394366197188,2
25096,67,0,0.5295176891486046,0.3532394366197188,2
190648,62,1,0.18654194580368932,0.01762114537444931,1
190648,65,0,0.2076119875791735,0.6667648853997854,1
334417,54,0,0.6024521538870846,0.6062992125984258,2
334417,59,1,0.6593022237642598,0.8508078377449297,2
223959,43,0,0.018884135555925965,0.0,0
223959,1,1,0.7127995035015646,0.4132947976878615,0
292330,39,0,0.18650092573169696,0.33679953783939975,3
292330,18,1,0.9065186250124083,0.8974895397489538,3
367195,63,1,0.44618658740385514,0.25882352941176473,3
367195,18,1,0.7282079817686528,0.8974895397489538,3
321790,1,1,0.7249394911887977,0.7432093129422511,4
321790,43,1,0.931528106529479,0.8314800944863748,4
3156,1,0,0.235216559051288,0.21582548083128955,4
3156,81,0,0.7194513607706552,0.8314800944863748,4
549930,1,1,0.5214574641595034,0.16666666666666663,2
549930,28,1,0.7066948160753175,0.8508078377449297,2
339442,54,0,0.28385156602723005,0.7439613526570056,0
339442,67,1,0.5565970935268536,0.9366993217784476,0
150638,44,1,0.6074471847097606,0.9141977683724507,1
150638,1,1,0.2816735669316644,0.28295819935691324,1
521405,90,0,0.9507484711231744,0.7439613526570056,0
521405,81,0,0.039336619893754365,0.0,0
82765,73,1,0.8954469593847413,0.8508078377449297,2
82765,65,0,0.08751401622208162,0.30650154798761614,2
47121,17,1,0.8683413789051818,0.8974895397489538,3
47121,44,1,0.4372278535177818,0.6590645535369162,3
465180,22,1,0.8854899090868895,0.8314800944863748,4
465180,1,0,0.01165541954208457,0.04278594870548191,4
241319,44,0,0.03431726404457181,0.02291666666666668,2
241319,90,0,0.04916713594411141,0.02291666666666668,2
535523,1,0,0.2709485530349863,0.5461598138091545,4
535523,62,1,0.45395107385305034,0.5891661594643932,4
566923,1,0,0.12048350991630324,0.35065134099616807,1
566923,11,1,0.912198417343662,0.6667648853997854,1
292446,72,1,0.5905103087412399,0.8508078377449297,2
292446,1,1,0.2308786386164615,0.3532394366197188,2
376112,27,1,0.7676168321285124,0.7439613526570056,0
376112,1,1,0.8964429339796864,0.7857142857142857,0
156643,47,0,0.3091829534542756,0.3532394366197188,2
156643,61,0,0.5381152962502213,0.8508078377449297,2
202445,17,1,0.8792938672089204,0.6667648853997854,1
202445,65,1,0.12008434548216174,0.5838689612274519,1
468332,61,1,0.995112208641991,0.9366993217784476,0
468332,1,0,0.827014333257607,0.7857142857142857,0
548339,15,0,0.251880814251401,0.3532394366197188,2
548339,1,0,0.295169505397995,0.16666666666666663,2
329219,18,1,0.7882674031719922,0.9366993217784476,0
329219,1,0,0.5590410839060854,0.9366993217784476,0
493334,77,1,0.9668178209528009,0.6667648853997854,1
493334,61,0,0.7522812035062496,0.2508398656215002,1
439623,3,1,0.5605504851995009,0.7741935483870965,3
439623,11,1,0.6791052969412762,0.8974895397489538,3
71711,5,1,0.5064424488960949,0.7439613526570056,0
71711,1,0,0.008953924703564485,0.0,0
170278,65,0,0.23520831101907388,0.2622950819672131,4
170278,18,1,0.9349362888057455,0.8314800944863748,4
259597,62,0,0.09979685363158959,0.4132947976878615,0
259597,77,1,0.9734736489162703,0.7439613526570056,0
138241,67,0,0.628475723918259,0.33679953783939975,3
138241,58,1,0.6108167199551652,0.6590645535369162,3
97994,76,1,0.686429428570621,0.6590645535369162,3
97994,73,1,0.5682665093186408,0.6590645535369162,3
197796,81,1,0.24222195109109362,0.4132947976878615,0
197796,44,1,0.8499634609947431,0.7439613526570056,0
444142,62,0,0.07181362395202567,0.04278594870548191,4
444142,1,0,0.05038547532742576,0.2622950819672131,4
30785,56,1,0.8898435321384599,0.8974895397489538,3
30785,67,1,0.21386260349947794,0.010367577756833177,3
468925,52,1,0.8959121230557228,0.9366993217784476,0
468925,54,0,0.26562528790170525,0.4132947976878615,0
322429,51,0,0.5206249158529923,0.33679953783939975,3
322429,47,0,0.03730724748936177,0.25882352941176473,3
465836,1,0,0.14537717612968387,0.22183964584358132,0
465836,35,0,0.2672281522530181,0.4132947976878615,0
91779,67,1,0.706585177731232,0.2508398656215002,1
91779,54,0,0.6030058190906927,0.2508398656215002,1
415238,64,1,0.8691715164697517,0.8314800944863748,4
415238,62,1,0.38576229946486645,0.8314800944863748,4
455301,1,0,0.48979391119875376,0.7857142857142857,0
455301,84,1,0.852517602916649,0.9366993217784476,0
197870,15,0,0.28752927660290584,0.33679953783939975,3
197870,16,1,0.9540082388081194,0.8974895397489538,3
510329,1,0,0.6255739787986192,0.21633888048411504,0
510329,28,1,0.9918055775896523,0.9366993217784476,0
466602,35,1,0.21447442011057985,0.2508398656215002,1
466602,1,1,0.8837560047677636,0.6510172143974962,1
138954,67,1,0.4281950388045633,0.3151298119964191,4
138954,53,0,0.1699915993731183,0.2622950819672131,4
415741,65,1,0.9852363821391803,0.8974895397489538,3
415741,62,0,0.8679745544081526,0.6590645535369162,3
531707,1,0,0.06159856560584062,0.33679953783939975,3
531707,15,1,0.9329679250885673,0.8974895397489538,3
562561,28,1,0.8149746045518118,0.9141977683724507,1
562561,18,1,0.948068080258296,0.9141977683724507,1
80340,33,1,0.9735326800739813,0.8314800944863748,4
80340,1,0,0.8205994628543795,0.21582548083128955,4
1503,73,1,0.1763021726096961,0.6667648853997854,1
1503,72,1,0.5840401064570451,0.6510172143974962,1
53529,18,1,0.9778210574810029,0.6590645535369162,3
53529,8,0,0.1167462145638406,0.25882352941176473,3
313130,82,0,0.553347995233723,0.8974895397489538,3
313130,62,1,0.23226542001240863,0.010367577756833177,3
559547,39,0,0.21172701668143104,0.33679953783939975,3
559547,1,1,0.0626271717295726,0.33679953783939975,3
334555,21,1,0.9764803328226744,0.8974895397489538,3
334555,3,1,0.6369330738188481,0.6590645535369162,3
123321,56,0,0.8500796837029887,0.22183964584358132,0
123321,51,0,0.3203386928390249,0.4132947976878615,0
295809,3,1,0.5386225619729286,0.23913043478260856,3
295809,2,0,0.18526731479062852,0.8974895397489538,3
304180,1,0,0.043965696916931384,0.02291666666666668,2
304180,41,0,0.02092787744956705,0.02291666666666668,2
534041,62,0,0.3415478702654178,0.3151298119964191,4
534041,1,0,0.3553914019184844,0.21582548083128955,4
314264,1,1,0.8867729928527569,0.6966666666666662,2
314264,64,0,0.4603500379687325,0.6062992125984258,2
547854,67,0,0.40644781402660035,0.2622950819672131,4
547854,1,0,0.4155639714907209,0.04278594870548191,4
578792,4,1,0.7870434682453259,0.7439613526570056,0
578792,1,1,0.2603699560951209,0.22183964584358132,0
463690,37,1,0.96385088014236,0.6667648853997854,1
463690,1,0,0.03674927033753373,0.01762114537444931,1
224337,1,0,0.6824479229752597,0.23913043478260856,3
224337,59,1,0.9268192826593645,0.8974895397489538,3
66231,1,0,0.5875364224478119,0.21582548083128955,4
66231,81,1,0.2002040293558219,0.2622950819672131,4
479155,31,1,0.8329443103566351,0.8508078377449297,2
479155,53,1,0.9673244049862448,0.8508078377449297,2
214192,4,1,0.5927705378724836,0.6062992125984258,2
214192,1,0,0.04192755060998639,0.02291666666666668,2
344795,61,1,0.26955465608676077,0.9141977683724507,1
344795,79,0,0.5565741608087222,0.2508398656215002,1
189213,82,1,0.4148700575246511,0.16666666666666663,2
189213,62,1,0.8788328851755042,0.8508078377449297,2
410456,1,0,0.2190968597585703,0.33679953783939975,3
410456,42,1,0.4352686141413579,0.8974895397489538,3
191580,54,0,0.1407505172292059,0.010367577756833177,3
191580,49,1,0.5030128116081711,0.33679953783939975,3
357888,1,0,0.3204776798943045,0.35065134099616807,1
357888,38,1,0.669976970588283,0.9141977683724507,1
191672,42,0,0.305791709005839,0.33679953783939975,3
191672,1,1,0.2710067101751384,0.23913043478260856,3
521141,3,0,0.19111553967050507,0.6667648853997854,1
521141,1,0,0.012946381002533182,0.01762114537444931,1
329455,67,0,0.5765159755191082,0.2508398656215002,1
329455,47,0,0.28843490639518504,0.28295819935691324,1
18770,1,0,0.836488547473001,0.7432093129422511,4
18770,32,1,0.4225876922404223,0.8314800944863748,4
568981,1,1,0.6545509232159762,0.5891661594643932,4
568981,27,1,0.6729162842883255,0.8314800944863748,4
456015,1,0,0.05342950757864685,0.33679953783939975,3
456015,19,1,0.6579643813111038,0.6590645535369162,3
559842,1,0,0.521682777714382,0.3532394366197188,2
559842,62,1,0.925482548342333,0.8508078377449297,2
495732,1,1,0.7608900257754999,0.7741935483870965,3
495732,63,1,0.4509971773808411,0.8974895397489538,3
368335,19,1,0.9571953079513583,0.8974895397489538,3
368335,3,0,0.9046010488633541,0.8974895397489538,3
242946,62,0,0.05677081173590552,0.3532394366197188,2
242946,47,1,0.8311469502643893,0.6062992125984258,2
89045,63,1,0.5743122784002067,0.8314800944863748,4
89045,84,1,0.3722607408172979,0.2622950819672131,4
36844,2,1,0.656175237976582,0.7439613526570056,0
36844,62,0,0.736433977992505,0.7439613526570056,0
296222,1,1,0.5712103799050914,0.7857142857142857,0
296222,62,0,0.027350768169481444,0.0,0
331352,81,0,0.5862284135442478,0.3532394366197188,2
331352,70,0,0.25083686730741966,0.3532394366197188,2
311394,90,1,0.8488827680929076,0.6590645535369162,3
311394,1,0,0.17470038716127623,0.23913043478260856,3
326082,63,1,0.5590752135535295,0.2622950819672131,4
326082,67,1,0.11903813752895123,0.5891661594643932,4
82085,1,0,0.031541283412946625,0.22183964584358132,0
82085,7,1,0.567137389351918,0.9366993217784476,0
121031,19,1,0.9539149931420011,0.9141977683724507,1
121031,1,0,0.2729430277357753,0.01762114537444931,1
512836,18,1,0.7940853779836747,0.6590645535369162,3
512836,31,0,0.3476820862828269,0.23913043478260856,3
448256,9,1,0.9263968878908654,0.6667648853997854,1
448256,1,0,0.16405241441469645,0.2508398656215002,1
274066,1,1,0.4581579320405529,0.16666666666666663,2
274066,42,0,0.2169899246134691,0.30650154798761614,2
482917,72,1,0.8615753714475953,0.9366993217784476,0
482917,18,0,0.30421141674048724,0.7439613526570056,0
14007,82,1,0.39109072411200047,0.9366993217784476,0
14007,17,1,0.9887408600572337,0.9366993217784476,0
86220,7,1,0.9404162447630555,0.6590645535369162,3
86220,6,1,0.9702254900558579,0.6590645535369162,3
201775,70,1,0.7733677619613621,0.8974895397489538,3
201775,81,0,0.6796466351113551,0.6590645535369162,3
94326,15,1,0.8979865327834081,0.6667648853997854,1
94326,1,1,0.8045122524919256,0.6667648853997854,1
19924,1,0,0.18147452910601117,0.2508398656215002,1
19924,32,1,0.14208228545378104,0.6667648853997854,1
290248,8,0,0.08316627432945196,0.0,0
290248,1,0,0.25277710985234003,0.22183964584358132,0
322959,67,0,0.24940459225446088,0.3151298119964191,4
322959,55,1,0.9231294679541352,0.8314800944863748,4
132116,56,0,0.565333747941283,0.8314800944863748,4
132116,51,0,0.665372242953046,0.5461598138091545,4
479912,8,0,0.05731075674591177,0.04278594870548191,4
479912,5,1,0.9112319802199867,0.8314800944863748,4
68628,1,1,0.8212421542876378,0.7741935483870965,3
68628,41,0,0.10005138621551024,0.6590645535369162,3
280918,82,0,0.1635064991581564,0.22183964584358132,0
280918,1,0,0.3754941386719486,0.21633888048411504,0
414034,47,0,0.06183433621444068,0.22183964584358132,0
414034,75,1,0.6039196811931126,0.9366993217784476,0
366225,72,1,0.4930841142991724,0.5461598138091545,4
366225,76,1,0.403850449594538,0.3151298119964191,4
512657,42,1,0.6246031689739892,0.6667648853997854,1
512657,1,1,0.6609310868710523,0.35065134099616807,1
236166,18,1,0.837475916975135,0.8314800944863748,4
236166,1,0,0.5696461496171044,0.7432093129422511,4
495054,8,0,0.39025710963778004,0.3532394366197188,2
495054,5,1,0.8794067120931288,0.8508078377449297,2
407083,18,1,0.6402868786919317,0.6667648853997854,1
407083,3,0,0.47371501251696546,0.2508398656215002,1
476119,3,1,0.8734526394467107,0.6062992125984258,2
476119,1,0,0.16668234200997323,0.02291666666666668,2
474095,70,0,0.20601438286193036,0.5461598138091545,4
474095,1,0,0.1435775678061986,0.2622950819672131,4
241326,17,1,0.9457280658888201,0.8314800944863748,4
241326,63,1,0.30302266372001785,0.3151298119964191,4
442323,62,1,0.8479828923499843,0.9141977683724507,1
442323,65,0,0.8237217285587446,0.2508398656215002,1
410650,62,1,0.5530311658489232,0.6062992125984258,2
410650,1,0,0.4497405091376687,0.3532394366197188,2
152120,1,0,0.08265730452497892,0.30650154798761614,2
152120,4,0,0.05322668425292783,0.09369676320272578,2
505573,18,0,0.19791364261586908,0.8508078377449297,2
505573,32,0,0.41623509153755484,0.8508078377449297,2
109313,1,1,0.6745492573571036,0.6062992125984258,2
109313,63,0,0.6996353485322478,0.8508078377449297,2
413395,63,1,0.3847760916179623,0.6667648853997854,1
413395,17,1,0.8809640868135129,0.6667648853997854,1
451879,40,0,0.07924750064326476,0.2508398656215002,1
451879,1,1,0.6610983715286344,0.35065134099616807,1
258883,1,0,0.4557906794142446,0.33679953783939975,3
258883,59,0,0.8259187679719127,0.6590645535369162,3
166426,67,0,0.47879841065073586,0.3151298119964191,4
166426,47,0,0.2047265847795058,0.04278594870548191,4
199681,88,0,0.558506455224499,0.6667648853997854,1
199681,78,0,0.36685198504157174,0.6667648853997854,1
415727,39,1,0.199529153823271,0.5891661594643932,4
415727,1,0,0.14758053393385612,0.21582548083128955,4
430056,76,1,0.40056146620992855,0.5461598138091545,4
430056,54,1,0.9307006130164225,0.8314800944863748,4
353051,19,1,0.5813291611309445,0.8508078377449297,2
353051,1,0,0.8547796416721506,0.6062992125984258,2
431140,70,1,0.7521789497990854,0.22183964584358132,0
431140,81,1,0.41807408346803177,0.4132947976878615,0
68093,1,0,0.5363626812434183,0.16666666666666663,2
68093,3,1,0.6753276492855915,0.6062992125984258,2
142585,4,1,0.3956634543304493,0.6062992125984258,2
142585,8,1,0.6629153555023118,0.3532394366197188,2
12670,88,1,0.9778203703076909,0.6590645535369162,3
12670,31,1,0.41610230050179003,0.33679953783939975,3
22479,1,1,0.7911799892389239,0.6966666666666662,2
22479,41,1,0.8400999875766608,0.6062992125984258,2
232563,28,0,0.6713551469267705,0.7439613526570056,0
232563,1,0,0.2591290578067857,0.21633888048411504,0
203629,1,1,0.6441942288120067,0.7432093129422511,4
203629,47,0,0.23162187546536608,0.5461598138091545,4
570782,44,1,0.9840328277728067,0.8508078377449297,2
570782,73,0,0.463130794430531,0.09369676320272578,2
514797,1,0,0.026138690724393725,0.01762114537444931,1
514797,38,1,0.8942121063123156,0.6667648853997854,1
78420,17,1,0.8988449962076605,0.8974895397489538,3
78420,62,1,0.7938610160515663,0.8974895397489538,3
199442,42,1,0.5107200340106712,0.6590645535369162,3
199442,1,0,0.04766689978859108,0.010367577756833177,3
100723,13,1,0.9551633323694774,0.8314800944863748,4
100723,1,0,0.26900427562010504,0.04278594870548191,4
343076,17,1,0.8283550137695784,0.8314800944863748,4
343076,73,0,0.2534087550228952,0.8314800944863748,4
361730,1,0,0.019121808793254397,0.010367577756833177,3
361730,38,0,0.4489464968244378,0.33679953783939975,3
78170,7,1,0.142365929706666,0.3532394366197188,2
78170,62,1,0.09984755737446542,0.6062992125984258,2
455937,62,0,0.48776231855835017,0.6590645535369162,3
455937,72,1,0.7864663311019805,0.8974895397489538,3
253819,1,1,0.6247072992774626,0.21582548083128955,4
253819,41,1,0.8336152289614088,0.8314800944863748,4
31296,1,0,0.5009925086114319,0.7741935483870965,3
31296,62,0,0.5084825107521452,0.6590645535369162,3
369675,1,1,0.25793966637369853,0.7741935483870965,3
369675,7,1,0.28767955964987435,0.33679953783939975,3
116362,57,0,0.5962263933022552,0.5891661594643932,4
116362,50,0,0.5364584598288734,0.2622950819672131,4
233238,67,0,0.2236472511283795,0.031700288184438034,3
233238,1,0,0.840713470231928,0.7741935483870965,3
78748,4,1,0.6570935258928765,0.5891661594643932,4
78748,1,0,0.5653384390302114,0.5461598138091545,4
545826,17,0,0.9178248729548275,0.9366993217784476,0
545826,62,1,0.03646369778762182,0.16417910447761191,0
554579,31,1,0.20802951605750009,0.22183964584358132,0
554579,18,1,0.9356243227157359,0.9366993217784476,0
404249,1,1,0.8145029691940845,0.7857142857142857,0
404249,41,0,0.02291160822297035,0.4132947976878615,0
369323,43,0,0.13559663724904925,0.04278594870548191,4
369323,1,1,0.2817811196491029,0.5461598138091545,4
405691,44,0,0.5798344927970873,0.8314800944863748,4
405691,64,1,0.7121024902526127,0.8314800944863748,4
205401,9,1,0.6013902132884215,0.6062992125984258,2
205401,5,1,0.4389380596508789,0.6062992125984258,2
291664,18,1,0.6011772884144366,0.8974895397489538,3
291664,11,1,0.9263149258986979,0.8974895397489538,3
11813,73,0,0.14838819628067756,0.02291666666666668,2
11813,62,1,0.8533315755115124,0.8508078377449297,2
537270,62,0,0.09183491125840186,0.010367577756833177,3
537270,77,0,0.47809979690563364,0.6590645535369162,3
576052,1,0,0.05566085018063057,0.01762114537444931,1
576052,19,1,0.9420393362006897,0.6667648853997854,1
157601,67,0,0.13179931062656725,0.25882352941176473,3
157601,58,1,0.6320290301065511,0.6590645535369162,3
365766,79,1,0.6032763719415989,0.6667648853997854,1
365766,78,1,0.10194383902822313,0.2508398656215002,1
508370,1,1,0.8673416605884193,0.35065134099616807,1
508370,2,0,0.2859119670016488,0.6667648853997854,1
203389,1,0,0.25483374918115415,0.35065134099616807,1
203389,27,1,0.7755706702286299,0.6667648853997854,1
55528,84,1,0.6766087022090674,0.5891661594643932,4
55528,63,0,0.07162055904579527,0.3151298119964191,4
519569,62,1,0.3466994864523327,0.6062992125984258,2
519569,79,0,0.2918530502872779,0.6062992125984258,2
196754,62,1,0.36065595410868195,0.01762114537444931,1
196754,13,1,0.8775630383078734,0.6667648853997854,1
410880,1,0,0.8502213538461563,0.7857142857142857,0
410880,88,1,0.9375387524123253,0.9366993217784476,0
182441,1,0,6.918785642904215e-05,0.04278594870548191,4
182441,16,0,0.015989636088642158,0.04278594870548191,4
308799,81,0,0.8181310554900555,0.7439613526570056,0
308799,79,1,0.3268668531853791,0.7439613526570056,0
123213,15,0,0.1275118195494351,0.3151298119964191,4
123213,1,1,0.7179631985172178,0.21582548083128955,4
267169,22,1,0.806546501651303,0.9141977683724507,1
267169,1,1,0.501043615411487,0.35065134099616807,1
415194,67,0,0.025451658640033396,0.010367577756833177,3
415194,62,0,0.11348388833912848,0.33679953783939975,3
154644,1,0,0.13203860304566373,0.8508078377449297,2
154644,46,1,0.8450417938533632,0.6062992125984258,2
142620,62,0,0.14390628000006173,0.04278594870548191,4
142620,1,0,0.29180579403034984,0.21582548083128955,4
343149,1,0,0.408253302592109,0.4132947976878615,0
343149,85,0,0.2904914617463463,0.7439613526570056,0
117492,88,1,0.9210640399721508,0.5891661594643932,4
117492,1,0,0.300467647802162,0.21582548083128955,4
278705,1,0,0.09739233548675323,0.02291666666666668,2
278705,3,1,0.7783925377992219,0.8508078377449297,2
425390,73,0,0.5183849866692857,0.2622950819672131,4
425390,17,1,0.6778049808473605,0.5891661594643932,4
230993,28,0,0.550826812928767,0.9141977683724507,1
230993,1,1,0.29605817892027825,0.01762114537444931,1
157807,70,1,0.9547350829949757,0.8314800944863748,4
157807,17,1,0.9477658019301065,0.8314800944863748,4
405306,65,1,0.5417435847246282,0.6667648853997854,1
405306,17,1,0.7686523245906934,0.6667648853997854,1
570539,1,0,0.016685260610342638,0.0,0
570539,6,0,0.8182323447169912,0.7439613526570056,0
310200,51,1,0.7634944070078857,0.6590645535369162,3
310200,60,0,0.6691828910896193,0.33679953783939975,3
210299,2,1,0.8222953611324384,0.7439613526570056,0
210299,1,0,0.007068702967363831,0.0,0
363840,73,1,0.5512540655276996,0.4132947976878615,0
363840,62,0,0.16390963781718765,0.0,0
375469,1,1,0.8312430541635234,0.35065134099616807,1
375469,42,1,0.9143408300638245,0.6667648853997854,1
66706,47,1,0.9284801068652839,0.8314800944863748,4
66706,52,0,0.45278590516226797,0.5891661594643932,4
489611,1,0,0.09371904401755216,0.33679953783939975,3
489611,64,1,0.7957908375087247,0.8974895397489538,3
580294,79,1,0.3733865901744823,0.2508398656215002,1
580294,50,0,0.22522433959388952,0.2508398656215002,1
172935,9,1,0.2778749875091698,0.8314800944863748,4
172935,1,0,0.022706912179676516,0.04278594870548191,4
508101,1,0,0.0044024813406451655,0.01762114537444931,1
508101,9,1,0.40623494174749136,0.6667648853997854,1
308545,19,1,0.4555814020706393,0.5891661594643932,4
308545,1,0,0.293159645092053,0.5891661594643932,4
529939,42,1,0.6646223067650117,0.9141977683724507,1
529939,1,0,0.20398495757082935,0.28295819935691324,1
332570,77,1,0.920793597139375,0.6062992125984258,2
332570,1,0,0.40010404497190727,0.3532394366197188,2
553990,1,1,0.4115901129781178,0.3532394366197188,2
553990,19,1,0.9150306988540522,0.8508078377449297,2
92416,1,0,0.3115753836933262,0.8508078377449297,2
92416,32,0,0.7911298018430079,0.6062992125984258,2
562243,32,1,0.3639946554949159,0.8974895397489538,3
562243,1,1,0.06539147144744091,0.010367577756833177,3
185250,18,1,0.9517764862254293,0.7439613526570056,0
185250,1,1,0.8415206051503784,0.21633888048411504,0
245311,60,0,0.26249190864311683,0.6062992125984258,2
245311,51,1,0.5619657405562543,0.8508078377449297,2
54931,1,1,0.8353319329875178,0.6510172143974962,1
54931,19,1,0.9495215564410436,0.9141977683724507,1
509735,24,1,0.9169394568233182,0.9141977683724507,1
509735,25,0,0.8915614037137801,0.9141977683724507,1
357816,28,1,0.7978560440149712,0.7439613526570056,0
357816,1,0,0.1649711180280635,0.22183964584358132,0
520009,6,1,0.6084550612673817,0.8508078377449297,2
520009,10,1,0.6695636836358001,0.8508078377449297,2
72813,65,1,0.8331043069376031,0.33679953783939975,3
72813,72,1,0.4920108577701798,0.6590645535369162,3
449190,57,1,0.6528099163068668,0.7439613526570056,0
449190,54,0,0.04962356143500269,0.16417910447761191,0
483667,1,0,0.6456126141875238,0.35065134099616807,1
483667,32,0,0.12547410836065223,0.01762114537444931,1
22705,1,1,0.8227380191458973,0.9366993217784476,0
22705,82,1,0.771116077804079,0.4132947976878615,0
439715,19,1,0.857158217746616,0.9366993217784476,0
439715,28,0,0.055738871767863074,0.0,0
237517,64,0,0.650537248495335,0.7439613526570056,0
237517,51,1,0.4504042574354436,0.4132947976878615,0
121506,67,1,0.74302490212427,0.9141977683724507,1
121506,62,0,0.027952358083837864,0.01762114537444931,1
529568,64,1,0.8511213875383548,0.6667648853997854,1
529568,67,0,0.45430923208400303,0.2508398656215002,1
412362,32,1,0.9443251691625026,0.7439613526570056,0
412362,1,0,0.3760404354550721,0.21633888048411504,0
22192,18,1,0.9308169786069254,0.9141977683724507,1
22192,31,1,0.35426545567114287,0.6667648853997854,1
482319,62,1,0.30591327261371,0.5461598138091545,4
482319,1,1,0.19753155351091597,0.3151298119964191,4
262895,1,1,0.15736200460147534,0.22183964584358132,0
262895,32,1,0.30572327191792226,0.22183964584358132,0
56350,1,0,0.23283320229377544,0.33679953783939975,3
56350,70,1,0.5026967181655938,0.6590645535369162,3
352900,51,0,0.26079722662458205,0.2508398656215002,1
352900,49,1,0.6935714652332587,0.35065134099616807,1
21167,1,1,0.43742766304569025,0.01762114537444931,1
21167,32,0,0.08422360650828122,0.35065134099616807,1
199236,19,0,0.7454875425336838,0.6590645535369162,3
199236,1,0,0.15116917423749673,0.33679953783939975,3
558421,7,1,0.9692454394349531,0.9366993217784476,0
558421,16,0,0.34780184752639093,0.4132947976878615,0
478721,8,1,0.9854263480709001,0.7439613526570056,0
478721,38,1,0.9526674448033128,0.9366993217784476,0
513567,58,1,0.9582434929522654,0.8508078377449297,2
513567,1,1,0.7618275988737759,0.3532394366197188,2
573258,1,1,0.33420588286183206,0.7432093129422511,4
573258,35,0,0.06260705193897154,0.3151298119964191,4
351810,33,1,0.45181640487888636,0.3532394366197188,2
351810,27,0,0.36960092600490935,0.3532394366197188,2
103723,22,0,0.48298156014513427,0.8508078377449297,2
103723,1,1,0.8550552582713777,0.8508078377449297,2
223188,1,0,0.24056492413343514,0.16666666666666663,2
223188,21,1,0.39287815128069087,0.3532394366197188,2
523241,3,0,0.747017053072708,0.031700288184438034,3
523241,8,1,0.5268388815506062,0.6590645535369162,3
147415,1,0,0.34949445389584577,0.16666666666666663,2
147415,62,1,0.7505520682632983,0.8508078377449297,2
340451,1,0,0.024752032507022254,0.04278594870548191,4
340451,15,1,0.37357949686358716,0.8314800944863748,4
213935,55,0,0.8759577306930799,0.6590645535369162,3
213935,53,1,0.8259067234761496,0.33679953783939975,3
578871,51,0,0.6255121430723808,0.6667648853997854,1
578871,62,1,0.6775248067839963,0.9141977683724507,1
260261,1,0,0.05683126125685829,0.33679953783939975,3
260261,8,0,0.27413303462486144,0.6590645535369162,3
276284,3,0,0.43154481876393264,0.35065134099616807,1
276284,4,1,0.9215533741645273,0.6667648853997854,1
326248,62,0,0.03675566749406517,0.28295819935691324,1
326248,28,0,0.160659215465793,0.6667648853997854,1
504415,1,0,0.07281178317633293,0.3532394366197188,2
504415,3,1,0.9544388894580986,0.8508078377449297,2
200839,84,1,0.9623930301111839,0.8508078377449297,2
200839,6,1,0.8327773549550913,0.6062992125984258,2
425906,1,0,0.008664232260717743,0.010367577756833177,3
425906,36,1,0.9386560341065369,0.6590645535369162,3
256192,4,0,0.06188022786160978,0.09369676320272578,2
256192,1,0,0.2394559821999196,0.30650154798761614,2
331604,1,0,0.001022215390596802,0.02291666666666668,2
331604,42,1,0.9453437746265195,0.8508078377449297,2
391722,67,1,0.8613997832582325,0.9141977683724507,1
391722,1,0,0.424905319374659,0.35065134099616807,1
478136,61,0,0.2979287783367898,0.22183964584358132,0
478136,67,1,0.2306169578103897,0.4132947976878615,0
346968,1,1,0.3818966800630463,0.22183964584358132,0
346968,84,0,0.14944557996626373,0.22183964584358132,0
74860,1,0,0.00041725964519200546,0.0,0
74860,36,0,0.00409457404715551,0.0,0
254016,60,0,0.905949868994702,0.5891661594643932,4
254016,51,0,0.1264472652312412,0.5461598138091545,4
14439,1,0,0.36989863500767506,0.22183964584358132,0
14439,38,0,0.005818314499143407,0.0,0
226171,44,1,0.7181455825160756,0.8314800944863748,4
226171,76,0,0.7588921911619485,0.2622950819672131,4
288862,41,0,0.0030169606875123326,0.0,0
288862,1,1,0.5522498581439861,0.21633888048411504,0
545007,85,1,0.37311357420130076,0.8314800944863748,4
545007,1,1,0.9435931060898889,0.7432093129422511,4
472623,2,1,0.3534517455955587,0.7439613526570056,0
472623,1,1,0.5073939331616766,0.21633888048411504,0
172571,59,0,0.49738141079596115,0.6667648853997854,1
172571,47,0,0.018771429070686206,0.2508398656215002,1
476514,1,0,0.23479179122218707,0.21582548083128955,4
476514,28,0,0.6710270366557443,0.2622950819672131,4
802,79,1,0.7965343406704672,0.4132947976878615,0
802,82,1,0.7356798420573485,0.4132947976878615,0
44279,51,0,0.29711204801354507,0.04278594870548191,4
44279,79,0,0.43129606683127425,0.2622950819672131,4
22371,1,0,0.2949479815226456,0.16666666666666663,2
22371,73,1,0.7838469521093435,0.8508078377449297,2
166768,1,0,0.3556541628162186,0.21633888048411504,0
166768,32,0,0.5300304503450692,0.4132947976878615,0
266768,67,1,0.5990583680355634,0.8314800944863748,4
266768,1,1,0.2171508377311117,0.04278594870548191,4
59635,42,1,0.898300372266498,0.7439613526570056,0
59635,1,0,0.3669124147194025,0.21633888048411504,0
445658,79,1,0.8633646173443137,0.7439613526570056,0
445658,44,0,0.5544522319517187,0.7439613526570056,0
471893,62,0,0.4784199449028701,0.23913043478260856,3
471893,67,0,0.569685803947094,0.23913043478260856,3
110784,6,1,0.17958605907425648,0.6590645535369162,3
110784,8,0,0.24035891348585936,0.33679953783939975,3
86956,39,0,0.12361308346600798,0.01762114537444931,1
86956,1,0,0.03709241793914658,0.2508398656215002,1
167572,54,1,0.6496827675218342,0.9366993217784476,0
167572,51,1,0.28751242145941636,0.22183964584358132,0
389109,62,1,0.4307169281646483,0.6062992125984258,2
389109,67,0,0.3727746701792357,0.3532394366197188,2
491867,32,1,0.2741914391025277,0.9366993217784476,0
491867,1,0,0.5419198331635331,0.21633888048411504,0
173799,22,0,0.43567189631428344,0.6590645535369162,3
173799,1,1,0.610420939816566,0.7741935483870965,3
433515,38,0,0.04074210750927539,0.01762114537444931,1
433515,1,0,0.667322114105487,0.35065134099616807,1
489305,1,0,0.25385677871688284,0.21633888048411504,0
489305,52,1,0.6983533180340292,0.4132947976878615,0
454067,72,1,0.9597010072942191,0.8314800944863748,4
454067,1,1,0.7145819471925641,0.2622950819672131,4
549220,41,1,0.4595187049620617,0.6667648853997854,1
549220,18,1,0.7576882380665376,0.9141977683724507,1
433204,4,0,0.0037664173369321443,0.4132947976878615,0
433204,1,0,0.28086843137299494,0.21633888048411504,0
305609,54,0,0.4416733846167021,0.6590645535369162,3
305609,1,1,0.046641085187728935,0.33679953783939975,3
5001,1,0,0.14451867282809053,0.2508398656215002,1
5001,87,0,0.5244194368041643,0.35065134099616807,1
15254,57,1,0.9070154123750505,0.6062992125984258,2
15254,51,1,0.5792088318261114,0.3532394366197188,2
318238,65,0,0.4457804285369005,0.2622950819672131,4
318238,18,1,0.9058768582723943,0.8314800944863748,4
433980,77,1,0.08027876781113998,0.5891661594643932,4
433980,1,1,0.05922449678657147,0.2622950819672131,4
255664,18,1,0.8677952917124593,0.9141977683724507,1
255664,34,0,0.005979033269652472,0.01762114537444931,1
172595,27,1,0.8913991233670027,0.6667648853997854,1
172595,73,1,0.6969937255804889,0.9141977683724507,1
109900,8,1,0.9650266457337509,0.9141977683724507,1
109900,5,1,0.804115175917118,0.6667648853997854,1
388846,1,0,0.6254257038135818,0.6966666666666662,2
388846,62,0,0.05815504747868941,0.02291666666666668,2
401991,17,1,0.5504254025250523,0.5891661594643932,4
401991,18,0,0.612005443345177,0.8314800944863748,4
562059,51,0,0.7158262999298763,0.7439613526570056,0
562059,50,1,0.8586685079868819,0.9366993217784476,0
170893,18,0,0.5654929955297788,0.8314800944863748,4
170893,70,1,0.776891556011313,0.5891661594643932,4
450559,41,1,0.8084136511392306,0.7439613526570056,0
450559,1,1,0.8165307266192825,0.7857142857142857,0
105912,1,0,0.1241433572521588,0.01762114537444931,1
105912,11,1,0.9625658115062579,0.9141977683724507,1
26465,73,0,0.11986731027247677,0.3532394366197188,2
26465,62,0,0.19412225239232894,0.30650154798761614,2
341469,33,0,0.8738503209813966,0.8314800944863748,4
341469,2,1,0.35843170770106075,0.5461598138091545,4
173008,1,0,0.17050287491240249,0.21582548083128955,4
173008,52,0,0.6089397674658621,0.8314800944863748,4
196009,50,1,0.9729550957355074,0.6667648853997854,1
196009,57,1,0.9351649330356703,0.9141977683724507,1
345252,76,0,0.01453979731345452,0.02291666666666668,2
345252,73,0,0.028774884205361773,0.02291666666666668,2
32570,1,1,0.8346509642548153,0.21633888048411504,0
32570,42,0,0.09459424013494168,0.22183964584358132,0
91500,1,0,0.09629316192476235,0.02291666666666668,2
91500,67,1,0.2233070714267,0.09369676320272578,2
452891,15,1,0.4019946879155416,0.3151298119964191,4
452891,18,0,0.6133954981955102,0.8314800944863748,4
117525,18,1,0.9078413692391673,0.8974895397489538,3
117525,1,0,0.4693678953865844,0.7741935483870965,3
17029,3,1,0.7132674273605013,0.8974895397489538,3
17029,18,1,0.9004948439306282,0.8974895397489538,3
146457,59,1,0.9967877466480162,0.9141977683724507,1
146457,1,0,0.23248792564399476,0.35065134099616807,1
571718,1,1,0.6891616905022634,0.6062992125984258,2
571718,62,1,0.16400761452704835,0.09369676320272578,2
481567,1,1,0.9172845060619471,0.5891661594643932,4
481567,4,1,0.8366203867720611,0.5891661594643932,4
90891,1,1,0.7293273414945438,0.7741935483870965,3
90891,52,0,0.244171258950135,0.33679953783939975,3
246436,51,1,0.6314728884481373,0.6590645535369162,3
246436,1,1,0.787695415103807,0.7741935483870965,3
147740,3,0,0.3102900251654038,0.3532394366197188,2
147740,1,0,0.13299280848204806,0.16666666666666663,2
369037,31,1,0.7003081124898114,0.7439613526570056,0
369037,22,1,0.5451746186462689,0.4132947976878615,0
525247,17,1,0.6866535303202148,0.8508078377449297,2
525247,73,0,0.07609631111840987,0.3532394366197188,2
177714,53,0,0.6960318114126327,0.3151298119964191,4
177714,57,0,0.46040536587076897,0.2622950819672131,4
393014,58,1,0.8995087112008789,0.8508078377449297,2
393014,54,1,0.908062117190187,0.8508078377449297,2
430961,40,1,0.7059323043460445,0.6590645535369162,3
430961,1,0,0.21642617901351627,0.23913043478260856,3
460841,1,1,0.6347293455892493,0.23913043478260856,3
460841,70,1,0.1413193485691316,0.33679953783939975,3
343466,79,1,0.874242106478668,0.6590645535369162,3
343466,81,1,0.3775538795840242,0.33679953783939975,3
493864,1,1,0.824998464187993,0.4132947976878615,0
493864,42,1,0.39144049621932026,0.9366993217784476,0
382125,1,1,0.7883879438875573,0.7432093129422511,4
382125,47,1,0.6419077845844283,0.8314800944863748,4
368752,1,0,0.3977941464770451,0.23913043478260856,3
368752,67,0,0.19475548287626185,0.010367577756833177,3
137106,1,0,0.09703083898956916,0.010367577756833177,3
137106,65,1,0.19436802415030166,0.33679953783939975,3
349152,67,1,0.4674010914497944,0.010367577756833177,3
349152,60,0,0.7462390208162063,0.6590645535369162,3
13291,1,1,0.28544228484898604,0.28295819935691324,1
13291,34,1,0.4423387016988373,0.6667648853997854,1
17959,1,0,0.21136632734636476,0.5461598138091545,4
17959,38,0,0.08032728809801086,0.3151298119964191,4
550714,52,1,0.8275457740200796,0.8314800944863748,4
550714,1,1,0.5461782491977191,0.7432093129422511,4
429598,82,1,0.20759213114123873,0.3532394366197188,2
429598,79,1,0.7120176437848014,0.8508078377449297,2
466156,17,1,0.9375554796341292,0.5891661594643932,4
466156,3,0,0.07485519805050583,0.2622950819672131,4
371529,1,0,0.2936075552901391,0.25882352941176473,3
371529,70,0,0.5378756839300495,0.6590645535369162,3
221693,18,1,0.9249720295690284,0.8314800944863748,4
221693,34,1,0.16196870171655164,0.8314800944863748,4
215259,1,0,0.35878927773061625,0.3532394366197188,2
215259,63,1,0.6334102950997793,0.16666666666666663,2
194724,82,1,0.3744601222507135,0.09369676320272578,2
194724,44,1,0.8883817181682614,0.8508078377449297,2
120777,47,1,0.8157187693515594,0.8314800944863748,4
120777,54,1,0.7230830101069698,0.8314800944863748,4
486438,60,0,0.8417352676129948,0.8508078377449297,2
486438,1,1,0.9048840021198837,0.6966666666666662,2
394199,4,0,0.8488381465781036,0.6667648853997854,1
394199,1,0,0.6600746446852194,0.35065134099616807,1
309938,84,1,0.7874269257831404,0.8974895397489538,3
309938,18,0,0.5167599021049573,0.8974895397489538,3
526728,3,0,0.20008617491227218,0.3532394366197188,2
526728,33,1,0.3937571107799873,0.6062992125984258,2
292456,31,1,0.33477037384929953,0.5891661594643932,4
292456,33,0,0.842414657091297,0.8314800944863748,4
494634,17,1,0.45770204194097697,0.4132947976878615,0
494634,79,1,0.9120036383238334,0.7439613526570056,0
179285,43,1,0.890939731261941,0.9141977683724507,1
179285,37,1,0.7421413145751318,0.6667648853997854,1
43314,1,0,0.32004770372827146,0.25882352941176473,3
43314,35,0,0.17586508884306493,0.010367577756833177,3
391375,1,0,0.12451922369489143,0.01762114537444931,1
391375,15,0,0.8925373860368307,0.6667648853997854,1
182202,67,0,0.160491570399532,0.3151298119964191,4
182202,73,1,0.7990144097371855,0.8314800944863748,4
166918,67,0,0.8270916740640218,0.6590645535369162,3
166918,1,0,0.45521976203585424,0.23913043478260856,3
48396,61,1,0.7940539282152614,0.9141977683724507,1
48396,67,1,0.8152601645450064,0.9141977683724507,1
140286,1,0,0.19041466834507778,0.16666666666666663,2
140286,19,1,0.7841153640636459,0.6062992125984258,2
166287,21,1,0.9337330535509188,0.8314800944863748,4
166287,16,0,0.4061017411900927,0.3151298119964191,4
370208,2,1,0.642120139793019,0.6590645535369162,3
370208,14,1,0.9549789042601198,0.8974895397489538,3
473406,81,1,0.9577927363090026,0.6590645535369162,3
473406,47,1,0.6114300631437755,0.6590645535369162,3
187055,1,0,0.5357615853098299,0.21633888048411504,0
187055,43,1,0.9278201309549415,0.7439613526570056,0
122672,42,0,0.047233376314979036,0.33679953783939975,3
122672,1,0,0.00045816545409716874,0.010367577756833177,3
473869,44,1,0.9201805837773019,0.8314800944863748,4
473869,46,1,0.9303239547796127,0.5891661594643932,4
441586,2,1,0.8311747490074824,0.7439613526570056,0
441586,1,1,0.6249347025834212,0.21633888048411504,0
344100,67,0,0.3548867992698754,0.3532394366197188,2
344100,47,1,0.7531509583563862,0.6062992125984258,2
427655,1,1,0.8515318664592412,0.21633888048411504,0
427655,3,1,0.42937815123066414,0.7439613526570056,0
177065,43,0,0.09250362147910515,0.30650154798761614,2
177065,1,0,0.14521414542077854,0.30650154798761614,2
29397,15,0,0.7308531794042862,0.9141977683724507,1
29397,1,0,0.05577330591844172,0.01762114537444931,1
284743,39,1,0.9116253267197593,0.6667648853997854,1
284743,1,0,0.2699644878924365,0.35065134099616807,1
125129,67,1,0.6994634509479595,0.6667648853997854,1
125129,1,1,0.8903798716913826,0.6510172143974962,1
219578,63,1,0.7388855327731518,0.3532394366197188,2
219578,17,1,0.8305831716482259,0.6062992125984258,2
222455,79,1,0.2896972836274434,0.8508078377449297,2
222455,78,1,0.46962187461394883,0.6062992125984258,2
328601,43,0,0.003339688189821675,0.04278594870548191,4
328601,37,1,0.532270137811125,0.5891661594643932,4
289415,1,0,0.33702103917940407,0.21633888048411504,0
289415,59,1,0.33842200777084436,0.7439613526570056,0
13659,1,0,0.1103843677321089,0.031700288184438034,3
13659,62,1,0.909275988545482,0.23913043478260856,3
455157,28,1,0.9800845273487254,0.8974895397489538,3
455157,1,0,0.05760618771098258,0.23913043478260856,3
434996,88,0,0.8129124741506005,0.8508078377449297,2
434996,65,0,0.47864967623304816,0.6062992125984258,2
571857,5,0,0.43706789642827926,0.8508078377449297,2
571857,1,0,0.41599410142050663,0.3532394366197188,2
183716,32,1,0.41538050392645504,0.7439613526570056,0
183716,1,1,0.10107715420487812,0.0,0
192964,41,1,0.4233514537031887,0.7439613526570056,0
192964,1,0,0.015080171286756474,0.0,0
316015,17,1,0.9475637540674698,0.6667648853997854,1
316015,76,1,0.647951968746711,0.6667648853997854,1
551350,15,1,0.8544627058973592,0.6590645535369162,3
551350,67,1,0.7440697529587751,0.6590645535369162,3
210230,1,1,0.3931102223459007,0.01762114537444931,1
210230,58,1,0.5388691515710702,0.6667648853997854,1
78404,15,0,0.14880761258482303,0.6062992125984258,2
78404,31,1,0.8835157239445851,0.6966666666666662,2
254368,1,0,0.3860925853966985,0.7432093129422511,4
254368,65,0,0.6793921719840038,0.8314800944863748,4
153527,63,0,0.1117586176622657,0.01762114537444931,1
153527,62,0,0.40739853086806216,0.01762114537444931,1
479448,52,0,0.6721663599260347,0.031700288184438034,3
479448,59,0,0.3205759348968812,0.010367577756833177,3
323355,59,1,0.9819873512133043,0.8508078377449297,2
323355,1,1,0.6532939988976088,0.6966666666666662,2
80273,1,0,0.002069813974267324,0.2508398656215002,1
80273,36,0,0.0007880345856854393,0.01762114537444931,1
361238,59,1,0.9575798727692479,0.8314800944863748,4
361238,67,1,0.8290376447838078,0.8314800944863748,4
381971,1,0,0.34340721540639163,0.35065134099616807,1
381971,19,1,0.9776488941157219,0.9141977683724507,1
261706,17,1,0.9661957939862827,0.8314800944863748,4
261706,63,1,0.603968544840978,0.2622950819672131,4
271116,46,1,0.7085008472149501,0.6667648853997854,1
271116,1,0,0.37441256148682545,0.35065134099616807,1
33114,5,0,0.0032363735062259716,0.01762114537444931,1
33114,14,1,0.6735894745724093,0.35065134099616807,1
491213,3,1,0.870243135038423,0.6667648853997854,1
491213,4,0,0.06179294633721398,0.2508398656215002,1
497344,77,1,0.8781212345188233,0.6667648853997854,1
497344,1,0,0.11739657354861283,0.35065134099616807,1
533536,17,1,0.9200015391187298,0.8974895397489538,3
533536,72,1,0.7269880078546523,0.8974895397489538,3
534827,4,0,0.6187266600539744,0.6590645535369162,3
534827,1,0,0.10812552895091566,0.010367577756833177,3
76547,1,1,0.8681516211154839,0.21633888048411504,0
76547,7,1,0.7817699460338114,0.7439613526570056,0
74256,1,1,0.40204511451691194,0.22183964584358132,0
74256,31,0,0.34031317917874243,0.4132947976878615,0
365387,81,0,0.32859177139260703,0.22183964584358132,0
365387,70,0,0.011536900972883655,0.0,0
38048,11,1,0.9705724328025879,0.9366993217784476,0
38048,1,0,0.22158904927205159,0.4132947976878615,0
281929,2,1,0.8876324678584541,0.9141977683724507,1
281929,1,0,0.49445673855396255,0.6510172143974962,1
231831,75,1,0.8555387910231991,0.6590645535369162,3
231831,17,1,0.7896480535886984,0.8974895397489538,3
96493,1,1,0.9303940560118482,0.8314800944863748,4
96493,75,1,0.5075887565036494,0.5891661594643932,4
222235,17,0,0.9658290078263063,0.8314800944863748,4
222235,16,0,0.6836954594837972,0.8314800944863748,4
137246,28,1,0.8823598695915523,0.8508078377449297,2
137246,64,0,0.8829474929090864,0.8508078377449297,2
250901,54,0,0.7049789035003582,0.6590645535369162,3
250901,1,1,0.12464780600574701,0.33679953783939975,3
488166,1,1,0.7940336417838018,0.7857142857142857,0
488166,47,1,0.8163552086732482,0.7439613526570056,0
325347,1,0,0.06873319714471661,0.01762114537444931,1
325347,62,0,0.18428992042721173,0.28295819935691324,1
460229,13,1,0.7472895831201701,0.5891661594643932,4
460229,8,1,0.9377324458910576,0.8314800944863748,4
198641,72,1,0.7170094197511534,0.8508078377449297,2
198641,76,0,0.7445912362647873,0.3532394366197188,2
135410,4,1,0.925961729582554,0.8314800944863748,4
135410,1,0,0.09909033935078196,0.5461598138091545,4
433103,1,1,0.12693898744410417,0.33679953783939975,3
433103,73,1,0.8285152214119508,0.6590645535369162,3
393093,7,1,0.8782814531056723,0.8508078377449297,2
393093,3,0,0.1307616427862318,0.02291666666666668,2
309467,1,1,0.9503843361724645,0.8314800944863748,4
309467,27,1,0.664978639389698,0.5891661594643932,4
543047,62,1,0.7391884844945206,0.6590645535369162,3
543047,67,1,0.8059941077043277,0.6590645535369162,3
561958,1,0,0.20064505828464427,0.3532394366197188,2
561958,36,0,0.12476965982668031,0.02291666666666668,2
534270,9,0,0.07923735068819925,0.01762114537444931,1
534270,1,0,0.33907768607931965,0.35065134099616807,1
526392,3,0,0.6067574649731788,0.7439613526570056,0
526392,10,1,0.6243261409116897,0.22183964584358132,0
515077,72,1,0.8127245908519383,0.8974895397489538,3
515077,63,1,0.5619961922467865,0.6590645535369162,3
389381,51,0,0.07235674066696397,0.25882352941176473,3
389381,56,1,0.962690653327898,0.6590645535369162,3
13729,63,1,0.7721873769394046,0.8314800944863748,4
13729,67,1,0.4479751388520215,0.04278594870548191,4
559956,1,1,0.5655371792582041,0.4132947976878615,0
559956,20,1,0.6485925422080343,0.4132947976878615,0
117744,1,1,0.8779601017834945,0.7741935483870965,3
117744,43,1,0.650539261467066,0.8974895397489538,3
274411,1,1,0.3692267605304264,0.23913043478260856,3
274411,3,1,0.5870643661762466,0.6590645535369162,3
117719,46,1,0.8184890732244888,0.8314800944863748,4
117719,44,0,0.736173294698902,0.2622950819672131,4
92177,61,1,0.5471310286014213,0.8508078377449297,2
92177,42,1,0.34058012504814483,0.3532394366197188,2
181796,47,1,0.8788880327148827,0.8508078377449297,2
181796,49,1,0.42977255588269087,0.6062992125984258,2
32901,1,0,0.20318704261392836,0.35065134099616807,1
32901,62,0,0.3393372127511179,0.35065134099616807,1
362434,88,0,0.1801405336781209,0.7439613526570056,0
362434,84,0,0.17408741491039983,0.22183964584358132,0
549055,42,1,0.7589396301278488,0.8508078377449297,2
549055,1,0,0.05085177751310468,0.02291666666666668,2
521509,1,0,0.3210642540685118,0.21582548083128955,4
521509,65,1,0.8019776701865021,0.8314800944863748,4
193926,1,1,0.24408495090670573,0.2508398656215002,1
193926,2,0,0.5855691609892468,0.6667648853997854,1
169169,3,0,0.408597779800929,0.22183964584358132,0
169169,1,0,0.49250384714733786,0.4132947976878615,0
97679,36,0,0.502583614600947,0.2622950819672131,4
97679,3,0,0.336520082348516,0.2622950819672131,4
257370,72,0,0.02955921331395999,0.30650154798761614,2
257370,1,1,0.37232443338108584,0.3532394366197188,2
9378,1,1,0.6712345678587328,0.6966666666666662,2
9378,34,0,0.848544511642508,0.6062992125984258,2
97924,19,0,0.9292112662191346,0.6062992125984258,2
97924,8,1,0.5555233008354755,0.8508078377449297,2
276055,28,1,0.638579340084671,0.8314800944863748,4
276055,1,1,0.5562598957104531,0.7432093129422511,4
575970,62,1,0.664930795708186,0.4132947976878615,0
575970,67,1,0.7800426418879775,0.4132947976878615,0
332845,62,1,0.8875769052372315,0.9141977683724507,1
332845,65,1,0.7967759914064393,0.9141977683724507,1
551815,17,0,0.6873794546160888,0.7439613526570056,0
551815,65,0,0.4770079298751756,0.7439613526570056,0
503755,1,1,0.58478330007574,0.22183964584358132,0
503755,43,1,0.7809298508170944,0.9366993217784476,0
343706,77,1,0.09504247166994663,0.6590645535369162,3
343706,1,0,0.15596523336882534,0.031700288184438034,3
99182,65,1,0.6046941913744739,0.9141977683724507,1
99182,84,1,0.8049126271848186,0.9141977683724507,1
482275,1,0,0.3009258042115038,0.21633888048411504,0
482275,61,1,0.9097940223275839,0.7439613526570056,0
88848,1,0,0.03279042657796629,0.0,0
88848,11,1,0.9825595885847508,0.9366993217784476,0
27972,42,0,0.003025699102639632,0.02291666666666668,2
27972,1,0,0.009768106988240249,0.02291666666666668,2
556193,1,0,0.13093931128243935,0.16666666666666663,2
556193,72,1,0.5460404405823326,0.8508078377449297,2
177934,8,1,0.7804654136111868,0.6590645535369162,3
177934,4,1,0.9190016906753694,0.6590645535369162,3
177489,51,1,0.8553628192131723,0.8314800944863748,4
177489,67,0,0.30186737150917525,0.5891661594643932,4
569825,1,1,0.2576838548248941,0.2508398656215002,1
569825,40,1,0.14246713741915196,0.6667648853997854,1
100510,1,0,0.05879520204967609,0.3532394366197188,2
100510,19,1,0.758068281829884,0.8508078377449297,2
517832,62,0,0.38420572281324517,0.22183964584358132,0
517832,18,1,0.9111194129646407,0.9366993217784476,0
453841,8,1,0.8949219253623502,0.8508078377449297,2
453841,10,1,0.15016376989600044,0.02291666666666668,2
94336,17,1,0.9432211609381946,0.8314800944863748,4
94336,81,1,0.22368557553160992,0.2622950819672131,4
289222,10,0,0.8612591592227103,0.7439613526570056,0
289222,1,0,0.19035885786933565,0.22183964584358132,0
163951,52,1,0.9735290332525902,0.8314800944863748,4
163951,62,0,0.16616649760458732,0.2622950819672131,4
416451,84,1,0.6430072877022003,0.22183964584358132,0
416451,63,1,0.7781108186946636,0.9366993217784476,0
5193,42,1,0.7345928612404599,0.9366993217784476,0
5193,1,1,0.18841518373605046,0.0,0
150265,11,1,0.8973286739509334,0.6667648853997854,1
150265,1,1,0.5270730623357178,0.28295819935691324,1
511599,9,1,0.6752882969179033,0.6590645535369162,3
511599,1,0,0.007598397838908536,0.010367577756833177,3
189752,1,0,0.4497768413205438,0.28295819935691324,1
189752,59,1,0.8611551706595167,0.6667648853997854,1
18150,63,0,0.42768125280507885,0.23913043478260856,3
18150,59,0,0.7586065321262312,0.8974895397489538,3
460333,1,0,0.5549068192205877,0.23913043478260856,3
460333,65,1,0.6443774400806711,0.6590645535369162,3
141671,1,0,0.13872550500320002,0.5461598138091545,4
141671,4,1,0.9370790431962793,0.8314800944863748,4
320554,17,1,0.9952419817617201,0.8314800944863748,4
320554,15,0,0.47358760480748546,0.2622950819672131,4
429011,3,1,0.4697627217982146,0.5891661594643932,4
429011,8,0,0.11785885804673889,0.5891661594643932,4
232649,70,1,0.6708641320029243,0.4132947976878615,0
232649,81,1,0.674930017378738,0.4132947976878615,0
155145,9,0,0.7129744103873605,0.33679953783939975,3
155145,28,0,0.00563148587410456,0.010367577756833177,3
512403,84,0,0.7368780246000536,0.9141977683724507,1
512403,86,1,0.6685908232058367,0.6667648853997854,1
261097,1,0,0.5936372097234599,0.031700288184438034,3
261097,15,0,0.32730432077502186,0.031700288184438034,3
189436,72,0,0.7853865395383918,0.21582548083128955,4
189436,88,0,0.4630565002751625,0.5891661594643932,4
275749,1,0,0.15952246392861158,0.4132947976878615,0
275749,72,0,0.38688970157659164,0.4132947976878615,0
303305,6,1,0.935976847017731,0.9141977683724507,1
303305,1,0,0.26454750624870077,0.01762114537444931,1
210030,48,1,0.8805095346883685,0.8508078377449297,2
210030,61,1,0.911825207358885,0.8508078377449297,2
491090,1,1,0.5991497712371501,0.7741935483870965,3
491090,4,1,0.8443260801983667,0.6590645535369162,3
206027,59,1,0.9115610296930203,0.6062992125984258,2
206027,67,1,0.03791409974345745,0.02291666666666668,2
