feature,interval,n,feature_median,delta_mean,delta_ci_low,delta_ci_high,improved_fraction
clip_entropy,"(0.744, 0.898]",200,0.8766563697162821,0.16906553285122264,0.1273574943318075,0.21084624906637092,0.61
clip_entropy,"(0.898, 0.917]",200,0.9091178881355303,0.1256243308915425,0.08663277452182269,0.16467816454208642,0.635
clip_entropy,"(0.917, 0.934]",200,0.9258673554481944,0.1163434584844323,0.07464700557173803,0.15628347639436183,0.545
clip_entropy,"(0.934, 0.951]",200,0.9418510813202696,0.10184932810777149,0.057743275870067216,0.14514900016333349,0.515
clip_entropy,"(0.951, 0.985]",200,0.959370224353143,0.06630784489236563,0.02771720919832863,0.10796835274873093,0.495
clip_top10pct_mass,"(0.199, 0.356]",200,0.3156465820046213,0.03774133148576538,-0.0018472179875629795,0.0772757572967552,0.465
clip_top10pct_mass,"(0.356, 0.421]",200,0.3858609561623797,0.09980480218003773,0.05661173275661577,0.14329703271655686,0.515
clip_top10pct_mass,"(0.421, 0.493]",200,0.4578023408375751,0.10557345110272776,0.06563884548499925,0.149602037692197,0.55
clip_top10pct_mass,"(0.493, 0.579]",200,0.527986258932704,0.14522149154141223,0.1011383166208102,0.18836355036231914,0.63
clip_top10pct_mass,"(0.579, 0.994]",200,0.6579297993577127,0.1908494189173914,0.1516995261131427,0.2301786413277769,0.64
sam_score_max,"(0.642, 0.886]",200,0.8553150594234467,0.03559316187646941,0.004149360183074554,0.06832954450797993,0.495
sam_score_max,"(0.886, 0.922]",200,0.9081127345561981,0.11526592840907889,0.07525096460857546,0.15593045510505169,0.595
sam_score_max,"(0.922, 0.949]",200,0.9359970986843109,0.1359183693048407,0.09399002205994351,0.1770844995117435,0.595
sam_score_max,"(0.949, 0.97]",200,0.959819108247757,0.14020966545396207,0.09845073276234856,0.18330922934433683,0.56
sam_score_max,"(0.97, 1.012]",200,0.9828343689441681,0.15220337018298344,0.10737981728607868,0.19869542653135266,0.555
sam_score_margin,"(-0.000882, 0.00816]",200,0.0040744543075561,0.06436167657484954,0.027662903381828217,0.10286395779482772,0.5
sam_score_margin,"(0.00816, 0.0197]",200,0.0132478773593902,0.10267440118655494,0.06145923378622213,0.14397035219959955,0.54
sam_score_margin,"(0.0197, 0.0357]",200,0.02612009644508355,0.13128960361020436,0.09473507864059223,0.17250232209452968,0.58
sam_score_margin,"(0.0357, 0.0596]",200,0.0460511445999145,0.14975327283076623,0.11047252212104193,0.18872139223948978,0.61
sam_score_margin,"(0.0596, 0.195]",200,0.0873853266239166,0.13111154102495948,0.08497119713366827,0.17742596227765053,0.57
agreement_mean,"(0.0466, 0.329]",200,0.2601655224499756,0.05660486161721765,0.015574559697764181,0.09601695797997249,0.465
agreement_mean,"(0.329, 0.431]",200,0.3825696451469351,0.07043418875007842,0.029545382743628626,0.11230822291821896,0.49
agreement_mean,"(0.431, 0.528]",200,0.4767303339509239,0.13566541969276932,0.09878310419488628,0.17330139110282067,0.6
agreement_mean,"(0.528, 0.677]",200,0.6015539047083708,0.1124911144530072,0.07327584004344746,0.15314214156557693,0.595
agreement_mean,"(0.677, 0.993]",200,0.7811810237269101,0.2039949107142619,0.16426514049642751,0.24365160720898613,0.65
spatial_spread_mean_norm,"(0.0635, 0.126]",200,0.1079618173998051,0.21637915251354287,0.173424534592038,0.2622138258885886,0.68
spatial_spread_mean_norm,"(0.126, 0.173]",200,0.14668422310735196,0.13796838943999012,0.09222741203222191,0.1830024838231368,0.605
spatial_spread_mean_norm,"(0.173, 0.233]",200,0.2040768237644615,0.10507274909663114,0.0682387756470066,0.14150365327181338,0.55
spatial_spread_mean_norm,"(0.233, 0.304]",200,0.2677030130025626,0.07151556780447973,0.03607070781271899,0.10583142761498915,0.5
spatial_spread_mean_norm,"(0.304, 0.522]",200,0.3587001732761451,0.04825463637269065,0.014788068335626365,0.08415944879564974,0.465
consistency_selected_coverage,"(0.024999999999999998, 0.221]",200,0.16012333609173246,0.03329482530207306,-0.012093121022475993,0.0796064631973226,0.43
consistency_selected_coverage,"(0.221, 0.315]",200,0.27617399359525874,0.15343029315783382,0.10937273654729804,0.2001529347846787,0.565
consistency_selected_coverage,"(0.315, 0.425]",200,0.37153045179862487,0.12885247275861503,0.08833897986567463,0.17255719393895222,0.55
consistency_selected_coverage,"(0.425, 0.58]",200,0.48876460861110127,0.14381901303353925,0.1080776857008392,0.17665041515844748,0.62
consistency_selected_coverage,"(0.58, 0.98]",200,0.6948251355784658,0.11979389097527342,0.09120490585696694,0.14782215047959235,0.635
area_selected_fraction,"(0.0038799999999999998, 0.0412]",200,0.02718736020577705,0.22892927498547855,0.1788415156677452,0.28128265633665084,0.665
area_selected_fraction,"(0.0412, 0.0736]",200,0.0567975691387778,0.15149145891678134,0.10808392964731908,0.19469308266115706,0.605
area_selected_fraction,"(0.0736, 0.131]",200,0.0974188652133388,0.1244577621937665,0.08696648216326577,0.1636685543437813,0.655
area_selected_fraction,"(0.131, 0.286]",200,0.18693436351870404,0.07320806248553934,0.04470365794754322,0.10472839126538591,0.555
area_selected_fraction,"(0.286, 0.968]",200,0.44299584384370416,0.001103936645768796,-0.02795069631776402,0.0326324045695061,0.32
consistency_log_density_ratio,"(-1.49, 0.856]",200,0.3137752673710026,-0.0815741967562329,-0.10615832330210634,-0.057740430799602706,0.175
consistency_log_density_ratio,"(0.856, 1.435]",200,1.1897038258855406,0.03607686721586195,0.000978959537361608,0.0720839513784731,0.435
consistency_log_density_ratio,"(1.435, 1.886]",200,1.6735029055521404,0.13695390460971837,0.09494657596647034,0.17660842529811807,0.635
consistency_log_density_ratio,"(1.886, 2.296]",200,2.073681234194396,0.18486043440096586,0.14417240411554152,0.2254857856805344,0.7
consistency_log_density_ratio,"(2.296, 3.792]",200,2.616458601362261,0.3028734857570213,0.2646336899910626,0.3410689815566464,0.855
switch_pearson,"(-0.544, -0.125]",200,-0.2065382188116007,0.09298337535980064,0.05221375688030894,0.13342122595408462,0.56
switch_pearson,"(-0.125, 0.00152]",200,-0.0617006458301214,0.13879035452617347,0.09646886578221384,0.18131566952650974,0.595
switch_pearson,"(0.00152, 0.168]",200,0.08772355566838735,0.098272064774862,0.056385206237276525,0.13992393227879316,0.54
switch_pearson,"(0.168, 0.373]",200,0.2556592716195981,0.10949523482763171,0.06910573148436411,0.15093930930326696,0.51
switch_pearson,"(0.373, 0.968]",200,0.6317424844569102,0.1396494657388667,0.10122935496234645,0.17926124249118294,0.595
