partition,variant,mask,threshold_rule,pg,epg,pacc,ap,iou
development20,baseline,all_labeled,fixed,0.6,0.5073942588946223,0.7915656887755101,0.6666028827454274,0.4181353046548166
development20,baseline,all_labeled,mean,0.6,0.5073942588946223,0.740347975127551,0.6666028827454274,0.4568342917227753
development20,baseline,target,fixed,0.5,0.4268550556063612,0.7843939333545918,0.5590067562341237,0.3509799246707678
development20,baseline,target,mean,0.5,0.4268550556063612,0.711424784757653,0.5590067562341237,0.37435465897678083
development20,full,all_labeled,fixed,0.7,0.581824242661015,0.7476851482780612,0.7295986792234054,0.25485563690237634
development20,full,all_labeled,mean,0.7,0.581824242661015,0.7929468271683674,0.7295986792234054,0.49680248762564866
development20,full,target,fixed,0.6,0.4930038932652299,0.7679647640306122,0.6174232506101364,0.2192457212070657
development20,full,target,mean,0.6,0.4930038932652299,0.7694066884566326,0.6174232506101364,0.41382557458879754
development20,gcls,all_labeled,fixed,0.6,0.5073942591868458,0.7915656887755101,0.6666031521763313,0.4181353046548166
development20,gcls,all_labeled,mean,0.6,0.5073942591868458,0.740347975127551,0.6666031521763313,0.4568342917227753
development20,gcls,target,fixed,0.5,0.42685505550384367,0.7843939333545918,0.5590069450394273,0.3509799246707678
development20,gcls,target,mean,0.5,0.42685505550384367,0.711424784757653,0.5590069450394273,0.37435465897678083
development20,literal_full,all_labeled,fixed,0.1,0.14748357215456484,0.663231425382653,0.3065008148443156,0.003079948455638429
development20,literal_full,all_labeled,mean,0.1,0.14748357215456484,0.5215750558035714,0.3065008148443156,0.052699643843400534
development20,literal_full,target,fixed,0.1,0.13673016123923976,0.7106534996811225,0.2624645417900189,0.002806724411922582
development20,literal_full,target,mean,0.1,0.13673016123923976,0.564584661989796,0.2624645417900189,0.04947638763216925
development20,prior_only,all_labeled,fixed,0.75,0.5882247565551457,0.7473891900510204,0.7367506164246496,0.2561148206367606
development20,prior_only,all_labeled,mean,0.75,0.5882247565551457,0.7953184789540816,0.7367506164246496,0.500421725534393
development20,prior_only,target,fixed,0.65,0.4986430863469442,0.7691695232780612,0.6248114463534494,0.222005678880905
development20,prior_only,target,mean,0.65,0.4986430863469442,0.7726452885841837,0.6248114463534494,0.41796894260174344
remaining480,baseline,all_labeled,fixed,0.8333333333333334,0.5403784166002358,0.7677725995402881,0.7351072241498195,0.41179666173294915
remaining480,baseline,all_labeled,mean,0.8333333333333334,0.5403784166002358,0.7318675737881813,0.7351072241498195,0.4561727742503342
remaining480,baseline,target,fixed,0.7416666666666667,0.46850801966378447,0.7857544771501462,0.6570644994113743,0.3790749833113743
remaining480,baseline,target,mean,0.7416666666666667,0.46850801966378447,0.7251802332283298,0.6570644994113743,0.4051247816521198
remaining480,full,all_labeled,fixed,0.8729166666666667,0.609970974144583,0.7106316202321223,0.7641802957941451,0.23629525296222897
remaining480,full,all_labeled,mean,0.8729166666666667,0.609970974144583,0.7660062554301976,0.7641802957941451,0.47484942461563967
remaining480,full,target,fixed,0.7770833333333333,0.5318932783194233,0.7494979451171163,0.6825227516885374,0.22103220327223963
remaining480,full,target,mean,0.7770833333333333,0.5318932783194233,0.7637282283762405,0.6825227516885374,0.42367686210375016
remaining480,gcls,all_labeled,fixed,0.8333333333333334,0.5403784164179944,0.7677725995402881,0.7351067599584683,0.41179666173294915
remaining480,gcls,all_labeled,mean,0.8333333333333334,0.5403784164179944,0.7318675737881813,0.7351067599584683,0.4561727742503342
remaining480,gcls,target,fixed,0.74375,0.46850801952887916,0.7857544771501462,0.657063940861839,0.3790749833113743
remaining480,gcls,target,mean,0.74375,0.46850801952887916,0.7251802332283298,0.657063940861839,0.4051247816521198
remaining480,literal_full,all_labeled,fixed,0.19583333333333333,0.1902706201090493,0.6366248822910777,0.330448717658796,0.008572505803209415
remaining480,literal_full,all_labeled,mean,0.19583333333333333,0.1902706201090493,0.4991507299463528,0.330448717658796,0.06348901208522648
remaining480,literal_full,target,fixed,0.14791666666666667,0.1467253681166122,0.6900266678005526,0.27465019462641965,0.006026902870095741
remaining480,literal_full,target,mean,0.14791666666666667,0.1467253681166122,0.5334743899523117,0.27465019462641965,0.0481507920245419
remaining480,prior_only,all_labeled,fixed,0.875,0.615729517177599,0.7114770854729888,0.7684431000441768,0.2395667253282189
remaining480,prior_only,all_labeled,mean,0.875,0.615729517177599,0.7681059814687071,0.7684431000441768,0.47780972508113095
remaining480,prior_only,target,fixed,0.7854166666666667,0.5372632246773741,0.7506875537779245,0.6865370602848337,0.2246841416960599
remaining480,prior_only,target,mean,0.7854166666666667,0.5372632246773741,0.7655870435225519,0.6865370602848337,0.42639274065937854
