method,failure_proxy,count,percent
center_point_sam/attribution_coverage,A_correct_coarse_improved,91,9.1
center_point_sam/attribution_coverage,A_correct_coarse_worsened,307,30.7
center_point_sam/attribution_coverage,B_precise_wrong_object,128,12.8
center_point_sam/attribution_coverage,B_target_recovered,36,3.6
center_point_sam/attribution_coverage,B_unresolved,291,29.1
center_point_sam/attribution_coverage,C_already_good_improved,53,5.3
center_point_sam/attribution_coverage,C_already_good_worsened,94,9.4
center_point_sam/sam_score,A_correct_coarse_improved,47,4.7
center_point_sam/sam_score,A_correct_coarse_worsened,351,35.1
center_point_sam/sam_score,B_precise_wrong_object,61,6.1
center_point_sam/sam_score,B_target_recovered,20,2.0
center_point_sam/sam_score,B_unresolved,374,37.4
center_point_sam/sam_score,C_already_good_improved,31,3.1
center_point_sam/sam_score,C_already_good_worsened,116,11.6
sam_attribution_box/attribution_coverage,A_correct_coarse_improved,219,21.9
sam_attribution_box/attribution_coverage,A_correct_coarse_worsened,179,17.9
sam_attribution_box/attribution_coverage,B_precise_wrong_object,49,4.9
sam_attribution_box/attribution_coverage,B_target_recovered,78,7.8
sam_attribution_box/attribution_coverage,B_unresolved,328,32.8
sam_attribution_box/attribution_coverage,C_already_good_improved,95,9.5
sam_attribution_box/attribution_coverage,C_already_good_worsened,52,5.2
sam_attribution_box/sam_score,A_correct_coarse_improved,204,20.4
sam_attribution_box/sam_score,A_correct_coarse_worsened,194,19.4
sam_attribution_box/sam_score,B_precise_wrong_object,47,4.7
sam_attribution_box/sam_score,B_target_recovered,73,7.3
sam_attribution_box/sam_score,B_unresolved,335,33.5
sam_attribution_box/sam_score,C_already_good_improved,87,8.7
sam_attribution_box/sam_score,C_already_good_worsened,60,6.0
sam_point_box/attribution_coverage,A_correct_coarse_improved,263,26.3
sam_point_box/attribution_coverage,A_correct_coarse_worsened,135,13.5
sam_point_box/attribution_coverage,B_precise_wrong_object,53,5.3
sam_point_box/attribution_coverage,B_target_recovered,60,6.0
sam_point_box/attribution_coverage,B_unresolved,342,34.2
sam_point_box/attribution_coverage,C_already_good_improved,109,10.9
sam_point_box/attribution_coverage,C_already_good_worsened,38,3.8
sam_point_box/sam_score,A_correct_coarse_improved,248,24.8
sam_point_box/sam_score,A_correct_coarse_worsened,150,15.0
sam_point_box/sam_score,B_precise_wrong_object,45,4.5
sam_point_box/sam_score,B_target_recovered,63,6.3
sam_point_box/sam_score,B_unresolved,347,34.7
sam_point_box/sam_score,C_already_good_improved,99,9.9
sam_point_box/sam_score,C_already_good_worsened,48,4.8
sam_top1_point/attribution_coverage,A_correct_coarse_improved,291,29.1
sam_top1_point/attribution_coverage,A_correct_coarse_worsened,107,10.7
sam_top1_point/attribution_coverage,B_precise_wrong_object,65,6.5
sam_top1_point/attribution_coverage,B_target_recovered,70,7.0
sam_top1_point/attribution_coverage,B_unresolved,320,32.0
sam_top1_point/attribution_coverage,C_already_good_improved,83,8.3
sam_top1_point/attribution_coverage,C_already_good_worsened,64,6.4
sam_top1_point/sam_score,A_correct_coarse_improved,186,18.6
sam_top1_point/sam_score,A_correct_coarse_worsened,212,21.2
sam_top1_point/sam_score,B_precise_wrong_object,35,3.5
sam_top1_point/sam_score,B_target_recovered,81,8.1
sam_top1_point/sam_score,B_unresolved,339,33.9
sam_top1_point/sam_score,C_already_good_improved,60,6.0
sam_top1_point/sam_score,C_already_good_worsened,87,8.7
sam_topk_points/attribution_coverage,A_correct_coarse_improved,282,28.2
sam_topk_points/attribution_coverage,A_correct_coarse_worsened,116,11.6
sam_topk_points/attribution_coverage,B_precise_wrong_object,79,7.9
sam_topk_points/attribution_coverage,B_target_recovered,47,4.7
sam_topk_points/attribution_coverage,B_unresolved,329,32.9
sam_topk_points/attribution_coverage,C_already_good_improved,106,10.6
sam_topk_points/attribution_coverage,C_already_good_worsened,41,4.1
sam_topk_points/sam_score,A_correct_coarse_improved,257,25.7
sam_topk_points/sam_score,A_correct_coarse_worsened,141,14.1
sam_topk_points/sam_score,B_precise_wrong_object,63,6.3
sam_topk_points/sam_score,B_target_recovered,87,8.7
sam_topk_points/sam_score,B_unresolved,305,30.5
sam_topk_points/sam_score,C_already_good_improved,95,9.5
sam_topk_points/sam_score,C_already_good_worsened,52,5.2
