frame,method,iou,delta_iou,pacc,dice,precision,recall,semantic_success,precise_wrong_object,improved,unchanged,worsened,target_overlap_preferred,median_delta_iou,iou_ci_low,iou_ci_high,delta_ci_low,delta_ci_high
clip_crop,clip_baseline,0.284644308382605,0.0,0.7430073740433673,0.4086828755197886,0.3601887937527523,0.7769732702234301,0.685,0.013,0.0,1.0,0.0,0.616,0.0,0.27315763308657126,0.29645598437543613,0.0,0.0
clip_crop,sam_top1_point/sam_score,0.30043861431575875,0.015794305933153747,0.8254808474170918,0.36369532477270766,0.6865546004800742,0.3239941063713088,0.766,0.046,0.387,0.0,0.613,0.787,-0.0549012488252004,0.2777933025935489,0.32382950033024593,-0.008071257055731588,0.04012966511410457
clip_crop,sam_top1_point/attribution_coverage,0.38650708017309365,0.10186277179048861,0.8202855947066326,0.47050519332464835,0.583155940118548,0.5089273242285062,0.72,0.077,0.538,0.0,0.462,0.721,0.034591853049219995,0.3655638449658303,0.40883070981047087,0.08280603982874676,0.12248900539062571
clip_crop,sam_topk_points/sam_score,0.4004824074280719,0.11583809904546691,0.8006814014668368,0.48750398606519707,0.5818742110821686,0.5469125104043039,0.758,0.071,0.56,0.0,0.44,0.752,0.0466071078556073,0.37895170223192504,0.4216603875266134,0.09831352498239831,0.13394188738806115
clip_crop,sam_topk_points/attribution_coverage,0.39472255788247923,0.1100782494998742,0.7833775111607143,0.48806401528523774,0.49772655937193144,0.6435837333985063,0.715,0.104,0.59,0.0,0.41,0.691,0.057821177116702,0.37569955408461586,0.41444097394098184,0.09649076589809483,0.12461648206563482
clip_crop,sam_attribution_box/sam_score,0.3272891522520175,0.04264484386941247,0.8387867107780612,0.4069554951634107,0.5356728752314539,0.4359991879591895,0.682,0.058,0.468,0.0,0.532,0.675,-0.022293880533834298,0.30635263309673827,0.34884348874415794,0.023972783261564955,0.06126328577168821
clip_crop,sam_attribution_box/attribution_coverage,0.35120332947652433,0.06655902109391927,0.8414092992665817,0.4401706692189781,0.5495085579435219,0.47814090580233665,0.697,0.062,0.514,0.0,0.486,0.69,0.0125370186736279,0.3316513104608321,0.3728958846997974,0.04894109641903434,0.0835813060650649
clip_crop,sam_point_box/sam_score,0.36446886938557815,0.07982456100297317,0.8426764987244899,0.4527814681905127,0.5635924180823544,0.5138100358239033,0.712,0.059,0.546,0.0,0.454,0.699,0.030490888241218,0.34326103548573,0.3867225123917084,0.06130659866453076,0.09846980974633625
clip_crop,sam_point_box/attribution_coverage,0.3742013758309298,0.08955706744832477,0.8432433434311224,0.46870318913083286,0.5528353465626925,0.5493273851734272,0.711,0.067,0.586,0.0,0.414,0.692,0.0539779971294537,0.35484673524696453,0.39615716237783094,0.07307434559876648,0.10624100086565726
clip_crop,center_point_sam/sam_score,0.10481106469779075,-0.17983324368481424,0.7585633370535715,0.13327466498579055,0.29462425904375095,0.12862005599260085,0.36,0.116,0.12,0.0,0.88,0.386,-0.17134964878776787,0.09147378643998419,0.11922894006511368,-0.1946612253630903,-0.16469122226042363
clip_crop,center_point_sam/attribution_coverage,0.1722950971442047,-0.11234921123840029,0.7245350366709183,0.21267150406890728,0.2839913281650195,0.2400734076852285,0.388,0.224,0.211,0.0,0.789,0.406,-0.11494239794445091,0.1558416221368457,0.1888687860855334,-0.12819954755731083,-0.09713727194584976
original,clip_baseline,0.2608965048446371,0.0,0.7871172546360462,0.3841786155950795,0.3601205988285657,0.6825103018908897,0.692,0.008,0.0,1.0,0.0,0.616,0.0,0.25035558685164244,0.2716489003552875,0.0,0.0
original,sam_top1_point/sam_score,0.29140828662358786,0.030511781778950763,0.8401265584265286,0.35396341335890374,0.6851053084865388,0.31520077035764493,0.768,0.046,0.386,0.0,0.614,0.789,-0.052310861621959595,0.2693242567779765,0.31412787392045266,0.0072651953102819125,0.054048916054011006
original,sam_top1_point/attribution_coverage,0.37539647869603415,0.11449997385139701,0.8332450741813827,0.46046575849237814,0.5802669496685698,0.498029657354695,0.729,0.077,0.553,0.0,0.447,0.724,0.0511477306982045,0.3550499557118013,0.3977425691181953,0.09606815679083278,0.13469782252370813
original,sam_topk_points/sam_score,0.3883792747962078,0.1274827699515707,0.8158182423674148,0.4758393120237009,0.578921161231755,0.5287693137649293,0.758,0.067,0.563,0.0,0.437,0.751,0.0629812407432337,0.36666081927340854,0.40927283543018367,0.10974774026701409,0.14516669506191587
original,sam_topk_points/attribution_coverage,0.38262454697119935,0.12172804212656224,0.7993202727980605,0.4771219265795383,0.4923960199543771,0.6263853832018823,0.721,0.095,0.598,0.0,0.402,0.69,0.07302901896917705,0.3639528333146721,0.4018983551547095,0.10814625364463143,0.13665562230522685
original,sam_attribution_box/sam_score,0.3011336355134812,0.04023713066884414,0.8558683439064828,0.3822894517724958,0.5356649029855114,0.40175459882995734,0.69,0.05,0.462,0.0,0.538,0.68,-0.022380713888289397,0.28165102038514883,0.32124694596793624,0.02300373530550055,0.05753246067113609
original,sam_attribution_box/attribution_coverage,0.3219735837735826,0.06107707892894553,0.8579621584685062,0.41285900193670966,0.549703309771658,0.43887613070133763,0.704,0.054,0.507,0.0,0.493,0.692,0.0072823396560433,0.3027387132638112,0.3419668056829429,0.04504592397980052,0.07763174743076745
original,sam_point_box/sam_score,0.33858043784746167,0.07768393300282449,0.8594702758756391,0.4284955253541489,0.5641697102019277,0.4750250094033078,0.717,0.054,0.546,0.0,0.454,0.704,0.027755404869701447,0.318184740730866,0.3596330931083754,0.060488637138018594,0.0948391671203524
original,sam_point_box/attribution_coverage,0.3462758760284065,0.08537937118376934,0.8598923369025224,0.4430441834657043,0.5535453057462169,0.5066203122274912,0.719,0.056,0.584,0.0,0.416,0.696,0.04651540517385,0.32794920703335695,0.3664923464097708,0.06991458941539437,0.10095407125316162
original,center_point_sam/sam_score,0.10044275951736815,-0.16045374532726897,0.784095754552929,0.12822356534612622,0.2936949319003545,0.12444614714890988,0.361,0.108,0.125,0.0,0.875,0.389,-0.16348189793988332,0.08709669803100559,0.11464155164620056,-0.17416326303990942,-0.14632324550087547
original,center_point_sam/attribution_coverage,0.16468711677676504,-0.09620938806787209,0.7527283176241972,0.2051042687902055,0.2824503032215461,0.23216352079914207,0.395,0.213,0.214,0.0,0.786,0.409,-0.10722503357207724,0.14902368301880656,0.18093601008554963,-0.11130654318433487,-0.08182632173143026
