frame,method,group,n_pairs,baseline_iou,iou,delta_iou,delta_ci_low,delta_ci_high,iou_ci_low,iou_ci_high
clip_crop,clip_baseline,A_correct_target_coarse_mask,398,0.31105867113907504,0.31105867113907504,0.0,0.0,0.0,0.29863217685433374,0.3235902507639212
clip_crop,clip_baseline,B_wrong_or_unconfirmed_target,455,0.1567265305932585,0.1567265305932585,0.0,0.0,0.0,0.14505394155787346,0.16900852497117663
clip_crop,clip_baseline,C_good_localization,147,0.6090638493151058,0.6090638493151058,0.0,0.0,0.0,0.5968751730202371,0.6218596846645291
clip_crop,sam_top1_point/sam_score,A_correct_target_coarse_mask,398,0.31105867113907504,0.3771322512581913,0.0660735801191163,0.029679690158390587,0.10427104472243123,0.3440224332730617,0.4112385257119831
clip_crop,sam_top1_point/sam_score,B_wrong_or_unconfirmed_target,455,0.1567265305932585,0.1882583322786305,0.031531801685371987,-2.9618982074198087e-05,0.0656021643382449,0.16122370486028384,0.21822568224284294
clip_crop,sam_top1_point/sam_score,C_good_localization,147,0.6090638493151058,0.4400165791035493,-0.1690472702115564,-0.23193560725726312,-0.10899422478905403,0.3759814494187765,0.50275746371941
clip_crop,sam_top1_point/attribution_coverage,A_correct_target_coarse_mask,398,0.31105867113907504,0.5361752469539299,0.22511657581485495,0.19526888112968746,0.25482938091816126,0.5082459547586581,0.5650752343682678
clip_crop,sam_top1_point/attribution_coverage,B_wrong_or_unconfirmed_target,455,0.1567265305932585,0.1782163313385007,0.0214898007452422,-0.005760808638684766,0.05100252183621424,0.15351488898979065,0.20554719960262982
clip_crop,sam_top1_point/attribution_coverage,C_good_localization,147,0.6090638493151058,0.6259925246694672,0.01692867535436145,-0.029802455776284993,0.06344807107746166,0.5782154570743001,0.6739931392607803
clip_crop,sam_topk_points/sam_score,A_correct_target_coarse_mask,398,0.31105867113907504,0.4924500349097497,0.18139136377067472,0.15090110865623038,0.21264752680456553,0.46109213833421453,0.5239285216509314
clip_crop,sam_topk_points/sam_score,B_wrong_or_unconfirmed_target,455,0.1567265305932585,0.23694137628094486,0.08021484568768635,0.05586607465592547,0.10507584888008212,0.21069119443893675,0.26415195651516454
clip_crop,sam_topk_points/sam_score,C_good_localization,147,0.6090638493151058,0.6576800498378342,0.04861620052272845,0.006892034116924486,0.08937363142632403,0.6143818515883054,0.6991761191307417
clip_crop,sam_topk_points/attribution_coverage,A_correct_target_coarse_mask,398,0.31105867113907504,0.5092229042145986,0.19816423307552358,0.1722584927795437,0.22490944341696364,0.4814585792109417,0.5385333499605028
clip_crop,sam_topk_points/attribution_coverage,B_wrong_or_unconfirmed_target,455,0.1567265305932585,0.19041472501249193,0.03368819441923344,0.01649602833075928,0.051839017648952684,0.16916558798909437,0.2132725032737827
clip_crop,sam_topk_points/attribution_coverage,C_good_localization,147,0.6090638493151058,0.71709620492779,0.10803235561268432,0.07383724044867994,0.14268982921672332,0.6801321653004881,0.7531842973447769
clip_crop,sam_attribution_box/sam_score,A_correct_target_coarse_mask,398,0.31105867113907504,0.3694404098094013,0.05838173867032633,0.02579736029443838,0.09073843615137221,0.3381522696451612,0.40099715608687586
clip_crop,sam_attribution_box/sam_score,B_wrong_or_unconfirmed_target,455,0.1567265305932585,0.19364503480146408,0.03691850420820557,0.01311842651322193,0.062139915805225446,0.16962224308781176,0.21999490454922774
clip_crop,sam_attribution_box/sam_score,C_good_localization,147,0.6090638493151058,0.6268257028109497,0.01776185349584397,-0.024883686098560644,0.05841915763612497,0.5822532232433757,0.6705700152664259
clip_crop,sam_attribution_box/attribution_coverage,A_correct_target_coarse_mask,398,0.31105867113907504,0.40083661080467103,0.08977793966559601,0.0603604692066737,0.12010596173435914,0.37153446598310813,0.4310154735654986
clip_crop,sam_attribution_box/attribution_coverage,B_wrong_or_unconfirmed_target,455,0.1567265305932585,0.2075889890570611,0.05086245846380261,0.028731595812474562,0.07542404562965237,0.18423589118422465,0.2327898925961889
clip_crop,sam_attribution_box/attribution_coverage,C_good_localization,147,0.6090638493151058,0.6613426418728056,0.05227879255769974,0.018731152656276364,0.08599941697496408,0.6247067860539661,0.6977578217958453
clip_crop,sam_point_box/sam_score,A_correct_target_coarse_mask,398,0.31105867113907504,0.4511728670245619,0.14011419588548682,0.10983816654589058,0.1718037288799247,0.42179507296628294,0.4802506588093925
clip_crop,sam_point_box/sam_score,B_wrong_or_unconfirmed_target,455,0.1567265305932585,0.19017103077815642,0.03344450018489789,0.00909674461649207,0.05772505289031724,0.16728754203631208,0.21469767370103107
clip_crop,sam_point_box/sam_score,C_good_localization,147,0.6090638493151058,0.669212580311166,0.06014873099606035,0.01997685926370082,0.10011584488694568,0.6253104916648347,0.7129854750497299
clip_crop,sam_point_box/attribution_coverage,A_correct_target_coarse_mask,398,0.31105867113907504,0.4599500369590857,0.1488913658200107,0.12165385366688675,0.1772432883245137,0.4321981962804937,0.48757651157422915
clip_crop,sam_point_box/attribution_coverage,B_wrong_or_unconfirmed_target,455,0.1567265305932585,0.1946553525034044,0.03792882191014586,0.015172505136597632,0.06062200718688143,0.17286291301850534,0.2171557628980536
clip_crop,sam_point_box/attribution_coverage,C_good_localization,147,0.6090638493151058,0.6977760253888753,0.08871217607376958,0.05306573609140834,0.12511221956977064,0.6597430425318084,0.7383250416216133
clip_crop,center_point_sam/sam_score,A_correct_target_coarse_mask,398,0.31105867113907504,0.10428410002213707,-0.2067745711169379,-0.22878397010085363,-0.18349457125964624,0.08404531794107142,0.12639801816907756
clip_crop,center_point_sam/sam_score,B_wrong_or_unconfirmed_target,455,0.1567265305932585,0.055816964249202926,-0.10090956634405557,-0.1174396848680021,-0.08312494334608227,0.04176197540866825,0.07165646464448407
clip_crop,center_point_sam/sam_score,C_good_localization,147,0.6090638493151058,0.2578862187455297,-0.35117763056957596,-0.4092842739739983,-0.29292598932293484,0.2001676938703282,0.31936018149631573
clip_crop,center_point_sam/attribution_coverage,A_correct_target_coarse_mask,398,0.31105867113907504,0.18211733258311952,-0.12894133855595546,-0.1551040625983623,-0.1015886409961592,0.15498438734016717,0.21077772834690608
clip_crop,center_point_sam/attribution_coverage,B_wrong_or_unconfirmed_target,455,0.1567265305932585,0.08708914243730267,-0.06963738815595584,-0.08852349894789223,-0.049525109238881655,0.06932083635198599,0.1067630276633366
clip_crop,center_point_sam/attribution_coverage,C_good_localization,147,0.6090638493151058,0.40943427868809823,-0.1996295706270075,-0.2580604281235438,-0.13976115065172795,0.3496324059620106,0.4728682308390015
original,clip_baseline,A_correct_target_coarse_mask,398,0.2837260084417228,0.2837260084417228,0.0,0.0,0.0,0.2725874045113281,0.29479660153601195
original,clip_baseline,B_wrong_or_unconfirmed_target,455,0.14665418361723087,0.14665418361723087,0.0,0.0,0.0,0.13594839534686187,0.1579422782371345
original,clip_baseline,C_good_localization,147,0.552693196863887,0.552693196863887,0.0,0.0,0.0,0.5377444479509738,0.567824649096306
original,sam_top1_point/sam_score,A_correct_target_coarse_mask,398,0.2837260084417228,0.36572476495346184,0.08199875651173906,0.04647329516025708,0.11880421838171101,0.33262780216182786,0.39940617404757084
original,sam_top1_point/sam_score,B_wrong_or_unconfirmed_target,455,0.14665418361723087,0.18019286608980992,0.03353868247257905,0.0040491223588616475,0.06683184108652017,0.15383560297405705,0.20974157287396894
original,sam_top1_point/sam_score,C_good_localization,147,0.552693196863887,0.4344358918452145,-0.11825730501867249,-0.1831627357605696,-0.05676904139640743,0.3712759549303145,0.496583138228596
original,sam_top1_point/attribution_coverage,A_correct_target_coarse_mask,398,0.2837260084417228,0.5197777493733255,0.23605174093160264,0.20694352373937172,0.26491794436787336,0.4921018039746525,0.5487204611243693
original,sam_top1_point/attribution_coverage,B_wrong_or_unconfirmed_target,455,0.14665418361723087,0.17261722337852348,0.025963039761292585,9.50912068623827e-05,0.0549628546911245,0.14862045208220492,0.19953795175877687
original,sam_top1_point/attribution_coverage,C_good_localization,147,0.552693196863887,0.612136719783826,0.05944352291993904,0.012276077304469023,0.10601209475392845,0.5641172055277013,0.6591364626528722
original,sam_topk_points/sam_score,A_correct_target_coarse_mask,398,0.2837260084417228,0.47492494008672936,0.19119893164500656,0.16160445577106178,0.22145653729246734,0.4442406525219243,0.5058541393882966
original,sam_topk_points/sam_score,B_wrong_or_unconfirmed_target,455,0.14665418361723087,0.2298361730405933,0.08318198942336241,0.05920754463475584,0.10761852412753137,0.20358931537143202,0.25631798571814907
original,sam_topk_points/sam_score,C_good_localization,147,0.552693196863887,0.6447870061783645,0.0920938093144775,0.04707986676907932,0.13558022224726693,0.6028662011677111,0.68772536466269
original,sam_topk_points/attribution_coverage,A_correct_target_coarse_mask,398,0.2837260084417228,0.4900129017658298,0.20628689332410702,0.18147914787385258,0.23268877486722103,0.4626873011293974,0.5192207949149398
original,sam_topk_points/attribution_coverage,B_wrong_or_unconfirmed_target,455,0.14665418361723087,0.18551597162384326,0.038861788006612386,0.0217690176542537,0.05699333481550169,0.16481895076048073,0.207349135182068
original,sam_topk_points/attribution_coverage,C_good_localization,147,0.552693196863887,0.7019703740105468,0.14927717714665997,0.11169342121711791,0.1868701294429659,0.6653543240735149,0.7384466339809759
original,sam_attribution_box/sam_score,A_correct_target_coarse_mask,398,0.2837260084417228,0.3432475246392992,0.059521516197576445,0.02950038235110026,0.0896640850810042,0.31275903203932737,0.3747473462877454
original,sam_attribution_box/sam_score,B_wrong_or_unconfirmed_target,455,0.14665418361723087,0.17585235551863831,0.02919817190140741,0.006878299207317471,0.05220268596606828,0.15389423061467564,0.19980648165021803
original,sam_attribution_box/sam_score,C_good_localization,147,0.552693196863887,0.5748863873881614,0.02219319052427446,-0.015546024640980146,0.05899890899590988,0.5305214649573711,0.619124870189701
original,sam_attribution_box/attribution_coverage,A_correct_target_coarse_mask,398,0.2837260084417228,0.36919209117833923,0.08546608273661646,0.057738117767749855,0.11382313696248048,0.34017218352010503,0.397864471071928
original,sam_attribution_box/attribution_coverage,B_wrong_or_unconfirmed_target,455,0.14665418361723087,0.18949631980056286,0.04284213618333198,0.022654919840809626,0.06575577438867523,0.16798178825426033,0.21360088902418908
original,sam_attribution_box/attribution_coverage,C_good_localization,147,0.552693196863887,0.6041789522132484,0.051485755349361444,0.020884062374397636,0.08305815829247472,0.5675025059694828,0.6428447535716632
original,sam_point_box/sam_score,A_correct_target_coarse_mask,398,0.2837260084417228,0.4204619617826672,0.13673595334094443,0.10852782106191744,0.16635916496495903,0.39200051254721413,0.4476390309673055
original,sam_point_box/sam_score,B_wrong_or_unconfirmed_target,455,0.14665418361723087,0.17456856686121933,0.02791438324398844,0.005946004107055763,0.050383288330601295,0.15339820896185502,0.19731633589233122
original,sam_point_box/sam_score,C_good_localization,147,0.552693196863887,0.6245433954837093,0.0718501986198222,0.033629088320735676,0.10932368114609865,0.5806439678218402,0.6684018548059575
original,sam_point_box/attribution_coverage,A_correct_target_coarse_mask,398,0.2837260084417228,0.4248236558408545,0.1410976473991317,0.11602103374222243,0.16734167551830276,0.39799796580313235,0.452414953018788
original,sam_point_box/attribution_coverage,B_wrong_or_unconfirmed_target,455,0.14665418361723087,0.17960872972766898,0.0329545461104381,0.01227123322979642,0.05342495229042083,0.15925209030397103,0.20094835693952728
original,sam_point_box/attribution_coverage,C_good_localization,147,0.552693196863887,0.6494835984874624,0.0967904016235754,0.06327737459350027,0.1306464179302244,0.6113138466982668,0.6905449811952326
original,center_point_sam/sam_score,A_correct_target_coarse_mask,398,0.2837260084417228,0.09896706878498801,-0.18475893965673476,-0.20564242169650426,-0.16260146715004214,0.0795088503965616,0.12044692407652287
original,center_point_sam/sam_score,B_wrong_or_unconfirmed_target,455,0.14665418361723087,0.05335883804659021,-0.09329534557064068,-0.10902505533250577,-0.07650192931983969,0.03960947799598907,0.0691313920726315
original,center_point_sam/sam_score,C_good_localization,147,0.552693196863887,0.25017411448805704,-0.30251908237583,-0.3592356563386732,-0.24463920697969568,0.19369437887510338,0.3106482910698573
original,center_point_sam/attribution_coverage,A_correct_target_coarse_mask,398,0.2837260084417228,0.17220912662777454,-0.11151688181394824,-0.13672232977729695,-0.08444674893137741,0.14567628685445042,0.20008731905327945
original,center_point_sam/attribution_coverage,B_wrong_or_unconfirmed_target,455,0.14665418361723087,0.08299242318693051,-0.06366176043030038,-0.08114689536790037,-0.04517720725508527,0.06577348039922938,0.10216396579679425
original,center_point_sam/attribution_coverage,C_good_localization,147,0.552693196863887,0.3971859308085535,-0.15550726605533352,-0.2138683590139804,-0.09849058334946813,0.33804699085458473,0.4591438973791004
