image_id,category_a,category_b,pearson,cosine,unit_energy_l1,a_own_minus_cross_energy_share,b_own_minus_cross_energy_share,mean_own_minus_cross_energy_share,both_targets_switch_correctly,maps_changed
8532,1,32,0.1289055327998095,0.38907142307988696,1.2765400227773287,0.07927232211121593,0.15726856686759497,0.11827044448940545,True,True
61471,70,18,-0.12239030607373122,0.2781372258566094,1.3225341226794463,0.22473332322171485,0.46270676653437204,0.3437200448780434,True,True
52591,1,35,0.06774608351198572,0.3030407184960597,1.3177437405045835,0.3123157313588889,0.22246274521274478,0.26738923828581684,True,True
386912,76,1,-0.018735458302921972,0.32995326912117584,1.2185728376569085,0.030361066746789078,0.31014345803651744,0.17025226239165325,True,True
400082,58,67,0.3171188694381707,0.5249272179580082,1.1145801405470346,0.36824210705508115,0.33795084946915954,0.3530964782621203,True,True
562207,1,22,-0.15665616792310008,0.20010382758342146,1.553717340525142,0.233093808104888,0.6144167473726921,0.42375527773879007,True,True
130613,57,67,-0.12663345936891124,0.13798263701787405,1.5986534109480641,0.39103210369410224,0.06969487886086653,0.2303634912774844,True,True
45550,54,1,-0.07338376584414139,0.34164760923888005,1.3853453262681554,0.29683490842974014,0.545428708034857,0.42113180823229857,True,True
244833,62,4,0.14310174679228035,0.574941525564167,0.9852385178917067,0.30766699985776286,0.41186223834308033,0.35976461910042157,True,True
464476,7,72,-0.13078019043498584,0.05067500840959184,1.792598548832344,0.6217442803716867,0.7078234363178153,0.664783858344751,True,True
322574,51,58,0.2581350067150139,0.4788374751458615,1.0478040597362535,0.19260588848411278,0.44548009101528047,0.31904298974969664,True,True
481413,34,1,-0.05166158883427849,0.08977226345590501,1.7089966057227317,0.2773335086067807,0.19260763970613512,0.2349705741564579,True,True
420840,62,1,0.24466121876886215,0.5235510554084141,0.978694313743715,0.05686751117080121,0.30557365082955656,0.18122058100017888,True,True
346232,28,8,-0.09449180690401414,0.09922654835408716,1.6042818210254333,0.3472044888572411,0.37206907556951874,0.3596367822133799,True,True
122046,62,28,-0.06720617762682035,0.1508315009893893,1.632352252743723,0.15835690069352482,0.5619524821691733,0.36015469143134904,True,True
322610,15,1,0.25278720457404313,0.4766397029023031,1.1922645066884128,0.02620713453193937,0.044755554095167294,0.035481344313553334,True,True
525155,20,1,-0.07429755524040056,0.2962809560167124,1.3593548764663699,0.44277560071625377,0.4739152892989499,0.4583454450076018,True,True
496571,77,47,0.003854103974329912,0.18802739024189702,1.2996534387486567,0.20837443595609903,0.27560348143053237,0.24198895869331571,True,True
497599,1,62,-0.2984422178760943,0.13943761078859973,1.5649898321311126,0.4117343671001755,0.3137938050723986,0.3627640860862871,True,True
105264,1,21,0.7920895113246817,0.8377070995663849,0.6534197158895111,0.05218502891256727,0.21500060253715747,0.13359281572486237,True,True
566282,3,1,0.4387719271180036,0.5520189321035736,1.1360927404582526,0.1778139607421656,0.24076553426897668,0.20928974750557114,True,True
309391,1,10,-0.03387521412941505,0.2664746315313766,1.4594311352560374,0.04796543592640817,0.06511621119712085,0.056540823561764514,True,True
181303,1,38,0.2526106562839995,0.4654990575262885,1.093446861897559,0.23551869097782854,0.169036711344067,0.2022777011609478,True,True
366141,63,72,0.5513508470057611,0.73413582914201,0.7130326460333992,0.18150196430621762,0.11988623495761364,0.15069409963191563,True,True
373382,1,43,0.287411429961612,0.4876844967161884,1.1368791228538977,0.2873273734885569,0.14384884501287187,0.2155881092507144,True,True
80671,35,1,0.01162775921576519,0.40672264928879326,1.204046520808729,0.0535429025383171,0.09478793737742236,0.07416541995786974,True,True
8844,52,1,-0.21151410856465835,0.19723596518758937,1.4175890440558532,0.5728383478826509,0.4951797804751559,0.5340090641789034,True,True
104424,43,1,0.021711160682211354,0.2636414754735345,1.3834282793629775,0.14297978661606248,0.3135187984292821,0.2282492925226723,True,True
536947,82,62,0.007257632157686792,0.20821737425740178,1.3384218190699761,0.4363025786959209,0.12664935408627978,0.28147596639110034,True,True
38678,1,60,-0.10381136830893492,0.21241357221732673,1.4615542999864564,0.4964402593800712,0.28520578765276516,0.3908230235164182,True,True
416330,65,17,-0.44467201391083894,0.1980397036086469,1.5641219674647728,-0.0552954373261878,0.6740966736043491,0.30940061813908065,False,True
231747,1,39,0.023740151191045868,0.3038249662054949,1.3285293754974372,0.028768952058452476,0.08162214529245453,0.0551955486754535,True,True
358923,28,1,0.22497225638471582,0.44687080132946483,1.234732672998815,0.45146431187505676,0.4393576544705343,0.44541098317279554,True,True
209757,1,41,0.22414040746812258,0.4577669788161521,1.1212907172652415,0.11315019547800786,0.09228042390261916,0.1027153096903135,True,True
79651,44,52,-0.2996849910296028,0.11918428512109122,1.677126829732603,0.5350892771061446,0.7104172694700166,0.6227532732880806,True,True
458768,63,81,0.2340852688751693,0.42963835911741916,1.177048115305973,0.2656938387379058,0.049984793815006257,0.15783931627645603,True,True
567197,8,3,0.7036691611303664,0.7350533223922947,0.8579562182751246,0.17332197161841878,0.026995709313398866,0.10015884046590882,True,True
40036,1,19,-0.18723664273150784,0.224867131170319,1.512462657800785,-0.05072636418842369,0.41604383323813865,0.18265873452485748,False,True
404922,1,43,-0.011945786686623338,0.19526678607802384,1.4650674947131623,0.3039966754370403,0.4572147156797241,0.3806056955583822,True,True
2685,44,1,-0.11154801591996712,0.2081696806894082,1.4236709931606917,0.11479882629975215,0.46625867940335075,0.29052875285155144,True,True
300276,67,61,0.6605099124256525,0.7568788613675866,0.7399790401430333,0.05620781729681134,0.16106979590468157,0.10863880660074646,True,True
99428,75,73,0.12687786592854106,0.5774136268652574,0.9148959129147598,0.38706657148684365,0.2856214157267838,0.3363439936068137,True,True
64462,1,35,0.21711861820934306,0.5554907315507066,1.0537360550733204,0.31792002768970296,0.045902398123208885,0.18191121290645593,True,True
157365,1,3,0.02974899726924317,0.3249558416884372,1.3062960450679286,0.4557389062542469,0.4336965168093303,0.44471771153178863,True,True
25096,41,67,0.28341437740338876,0.596489474569599,0.8215911902258654,0.05586351486575672,0.1319819040082984,0.09392270943702756,True,True
190648,62,65,0.09415801863004372,0.3963626871812452,1.1969317846339103,0.1088936933644605,0.42068832661948263,0.2647910099919716,True,True
334417,54,59,0.8974924462058896,0.9129943946612262,0.42514237120719867,-0.04180307026737887,0.03983442037872559,-0.0009843249443266394,False,True
223959,43,1,-0.024276191216240705,0.21083998853942673,1.5071903036588967,0.12953683570523847,0.3299362020850909,0.22973651889516467,True,True
292330,39,18,-0.3905011983335505,0.11264588624332031,1.745436924454156,0.0617664953532596,0.7540242165887243,0.40789535597099197,True,True
367195,63,18,0.031207183693588426,0.49065097613724573,1.0696529129268144,0.1669382360100915,0.49413402591745326,0.3305361309637724,True,True
321790,1,43,-0.015196418852205507,0.3414406464141334,1.3542758775040311,0.379108593512153,0.2837383408677341,0.33142346718994353,True,True
3156,1,81,-0.14724928152467162,0.20846821626994771,1.401587231131157,0.38142021182027497,0.02245697551663949,0.20193859366845723,True,True
549930,1,28,0.12539255654230194,0.43170560381349116,1.1950277467316006,0.276269277123333,0.2379982058290076,0.2571337414761703,True,True
339442,54,67,-0.14451013799552392,0.2843370038991719,1.4773861542113484,0.6359907251785315,0.42792674820396825,0.5319587366912499,True,True
150638,44,1,0.00024511029864169096,0.29157795868031794,1.4373987705963573,0.09359364123891786,0.1722313524616737,0.13291249685029577,True,True
521405,90,81,0.8147296444114576,0.8586819525479115,0.6221710230533619,0.16225057222993056,0.14742544957781,0.15483801090387028,True,True
82765,73,65,-0.11343023034390724,0.23393393214322136,1.49927604864563,0.56541069911532,-0.07991606507056681,0.24274731702237662,False,True
47121,17,44,-0.2885130809461759,0.11050071724860548,1.6716649553957827,0.7018991508430272,0.1367145653472848,0.419306858095156,True,True
465180,22,1,0.13423881961900488,0.2980181833331682,1.525668077009937,0.4805133902189207,0.22484037802256138,0.35267688412074105,True,True
241319,44,90,0.6127554821928027,0.7993603845461607,0.5358877014151419,0.013395330733120577,0.02705890796891089,0.020227119351015732,True,True
535523,1,62,-0.15361310473740095,0.09537956622416226,1.6641888300208239,-0.0540088615295623,0.45964937864240385,0.20282025855642077,False,True
566923,1,11,-0.21337811384982272,0.12089766459207422,1.5407790682012912,0.4940751841764839,0.3856095965588007,0.4398423903676423,True,True
292446,72,1,0.31795598379307544,0.5247989553844762,1.0161867202918633,0.17539506145035993,0.11579322550330806,0.145594143476834,True,True
376112,27,1,0.24194254881732077,0.4146325635747412,1.1764578892576605,0.14662652735499404,0.095719132768608,0.12117283006180102,True,True
156643,47,61,-0.17968036133267026,0.08517357717859173,1.683953977485304,0.07071467528947821,0.4365628971220743,0.25363878620577623,True,True
202445,17,65,-0.3387418597927418,0.18545361781881772,1.4327074143192209,0.6223140525906219,-0.26328651765789,0.17951376746636594,False,True
468332,61,1,-0.01341842726780015,0.21164612130839439,1.2221923988292094,0.30686338962011034,0.44019139495563686,0.37352739228787357,True,True
548339,15,1,-0.09631614205043698,0.3527736975440127,1.2022370735324661,0.11017859059868888,0.32584595014329254,0.21801227037099072,True,True
329219,18,1,0.8558178226282873,0.8637683921779004,0.661473782794375,0.16856934263404502,0.11445753616375073,0.14151343939889788,True,True
493334,77,61,-0.22997781437054,0.09332173141897393,1.658151890149828,0.39099253429084085,-0.05893272311946374,0.16602990558568856,False,True
439623,3,11,-0.029638824117318233,0.310990863041891,1.3073834707800147,0.4755587196945923,0.29559972468963736,0.3855792221921148,True,True
71711,5,1,-0.07070583461437846,0.17816544074505192,1.650304667181118,0.44184179648156946,0.01516265626540399,0.22850222637348672,True,True
170278,65,18,-0.14944660676086247,0.28334446019393256,1.3763913113343607,-0.1382814433383417,0.5968890578109999,0.2293038072363291,False,True
259597,62,77,0.3323049930728604,0.45487012880096706,1.2766672906896677,0.09483020038796361,0.1727486735697458,0.1337894369788547,True,True
138241,67,58,-0.22919091401801392,0.273361484402392,1.4163386082448868,-0.0023992151031233533,0.349360641314184,0.17348071310553032,False,True
97994,76,73,0.8922553215227195,0.934885774481965,0.3242798252030349,0.031533855099648345,0.04920870282980416,0.040371278964726254,True,True
197796,81,44,0.20828167152755162,0.41360971501265664,1.1962819189848573,0.2914024962280906,0.30781788233183827,0.2996101892799644,True,True
444142,62,1,0.03402342884526734,0.3421937214217845,1.3340329107878874,0.16815051836412662,0.36233896295157475,0.2652447406578507,True,True
30785,56,67,-0.18313888228400088,0.3615646057885602,1.3216335153840164,0.3625028176393296,0.3198903601831601,0.3411965889112448,True,True
468925,52,54,0.09957555869279738,0.6078542114422246,0.8724464390919398,0.3477444186946876,-0.09290881908285742,0.12741779980591508,False,True
322429,51,47,0.6463207951399412,0.8253007165617172,0.5524476493033494,0.09725752933477395,0.029767931775129666,0.06351273055495181,True,True
465836,1,35,0.1363270133500239,0.4448760062652406,1.1453559947522811,0.10940227938950334,0.05088346401850395,0.08014287170400364,True,True
91779,67,54,-0.2040564473487491,0.37244660407270974,1.1403476796807706,0.09910623676979884,0.08937906738554713,0.09424265207767299,True,True
415238,64,62,-0.16162166047177118,0.3143231307478444,1.2043087742583822,0.34463686109427616,0.3004198640127269,0.32252836255350154,True,True
455301,1,84,0.632781063451393,0.6634979493538326,1.1694954387720684,0.19762331806986827,0.372276789114224,0.28495005359204617,True,True
197870,15,16,-0.27947707836922825,0.0982726343107611,1.5253525747325378,0.14560392975064143,0.4044379231849384,0.2750209264677899,True,True
510329,1,28,0.7063308904352298,0.7484478951498129,0.7739519350559481,0.1778519129537532,0.2123559515401252,0.1951039322469392,True,True
466602,35,1,0.05319072656903467,0.4600718687603252,1.1713755962914232,0.04297993928606292,0.40989813196640423,0.22643903562623358,True,True
138954,67,53,-0.028435315807322063,0.5627957456854419,0.8917344681557591,-0.000655680318353502,0.3442480565999514,0.17179618814079894,False,True
415741,65,62,0.301589935508247,0.5784754708930258,0.8336553239241646,0.19760899684902863,0.12134256584134712,0.15947578134518786,True,True
531707,1,15,0.3760301729086084,0.49773962433723035,1.0615766642877895,0.117512114901421,0.2777672238798953,0.19763966939065813,True,True
562561,28,18,-0.11497894147624003,0.2886218298709271,1.3182864297304102,0.12968470757592027,0.5046572227550332,0.3171709651654767,True,True
80340,33,1,0.002971391142540606,0.2896807684286197,1.2920406247013543,0.29607328592445215,0.4143505496863413,0.35521191780539674,True,True
1503,73,72,0.4938655834648465,0.6743151754713894,0.8332498510359498,0.21506077598392198,0.15790578974720976,0.18648328286556587,True,True
53529,18,8,-0.023210269275138612,0.28005061660394015,1.344693591909663,0.3932737592742218,-0.01942614980245394,0.18692380473588394,False,True
313130,82,62,-0.44708254595659036,0.33389467599846884,1.2095410637877755,0.34676022978345034,0.07396348318267729,0.21036185648306382,True,True
559547,39,1,-0.08366155128293727,0.20819833839078578,1.4731289286615947,0.03758109255392624,-0.054558415574818775,-0.008488661510446267,False,True
334555,21,3,0.030529391651103237,0.19336440708830444,1.5175538974420975,0.5542517567230428,0.26089773016186985,0.40757474344245637,True,True
123321,56,51,-0.20734529984507216,0.4860534144984711,1.032499656116654,0.3707739047431568,-0.08614188736376427,0.14231600868969627,False,True
295809,3,2,0.6159919162938294,0.7050557856075902,0.7431559474308859,0.09837046773415785,0.1473274261339793,0.12284894693406859,True,True
304180,1,41,0.10417990668362317,0.2988352964177837,1.3847833800820157,0.20488068964806339,0.14992379691552685,0.1774022432817951,True,True
534041,62,1,-0.08646386596620391,0.31273411522179007,1.3591127118215973,0.0327424885558504,0.49886028466147697,0.2658013866086637,True,True
314264,1,64,-0.15295507000505515,0.20021794301550275,1.5171453737685128,0.44709653662848825,0.31779871839741414,0.3824476275129512,True,True
547854,67,1,0.15325724169123392,0.5346021246251316,1.0201965618510118,0.0655460379844567,0.250279287370834,0.15791266267764534,True,True
578792,4,1,0.019373712370105715,0.3354480558068367,1.3356164433642363,0.3009793455103855,0.12295218329876142,0.2119657644045735,True,True
463690,37,1,0.28242527312496185,0.3942379854838655,1.2456499428765917,0.26426218209624164,0.17441843363042978,0.2193403078633357,True,True
224337,1,59,0.7600863287586215,0.8095246091093642,0.7281017126417053,0.19004255605998155,0.12735723460521892,0.15869989533260023,True,True
66231,1,81,-0.019811572495096498,0.19218821074636583,1.6331688040967745,0.10814605769504507,0.0998785896211132,0.10401232365807914,True,True
479155,31,53,-0.06091823441362654,0.23862116228278196,1.3484059033923406,0.054991395459811444,0.2877716092583696,0.17138150235909053,True,True
214192,4,1,0.0022489489775538124,0.19132021392795318,1.5197612674240057,0.22958615791175666,0.11546636836649038,0.1725262631391235,True,True
344795,61,79,0.6858654732431042,0.8551609950449729,0.5006455009931496,0.1418614385645351,-0.03043060010991472,0.05571541922731019,False,True
189213,82,62,-0.06081477290156825,0.24933646419061758,1.3627874450431885,0.11965363473085411,0.3280352834655924,0.22384445909822326,True,True
410456,1,42,0.050382611302014116,0.2710457464040101,1.3597229972431304,-0.050667332903280224,0.1451430562359529,0.04723786166633633,False,True
191580,54,49,0.4231451939150566,0.8045045667787567,0.5512584593957934,0.024259229048430295,0.05114743879835056,0.037703333923390425,True,True
357888,1,38,0.10606143524794995,0.3452438324242057,1.2432577870835533,0.3270409407066889,0.1766799545945274,0.2518604476506081,True,True
191672,42,1,0.5616097313449058,0.6558640912981545,1.0853736411916945,-0.012646519389900218,0.1539429682000914,0.07064822440509559,False,True
521141,3,1,0.3716210279725996,0.48942234797951883,1.3555245686987178,0.19870515612445575,0.2677657766676783,0.23323546639606701,True,True
329455,67,47,0.29778749753730965,0.5986608902099562,0.9045127597643944,-0.007630254469443654,0.24497192809692217,0.11867083681373926,False,True
18770,1,32,0.022973017365642525,0.34745762031492206,1.2060900190642736,-0.0860765133976481,0.12842761311626966,0.021175549859310777,False,True
568981,1,27,0.8900872580671689,0.9038211980387586,0.5925916612041084,-0.007298230934532579,0.01762676779526682,0.00516426843036712,False,True
456015,1,19,0.029754454980709458,0.15523123136629713,1.691088461622971,0.1319988871349604,0.5291387579321905,0.33056882253357545,True,True
559842,1,62,0.036434230916801834,0.33753959027088215,1.1915745704344936,-0.013272522726758051,0.0818745336492621,0.034301005461252025,False,True
495732,1,63,0.2002992827538509,0.4826469340448299,1.1201238763643921,0.19417185687309557,0.16779317055661466,0.18098251371485513,True,True
368335,19,3,0.07251403694014043,0.326302028960309,1.5734701252144707,0.6003735531687552,0.574970303123416,0.5876719281460856,True,True
242946,62,47,0.26176490775567773,0.4674291701416732,1.014846069234845,0.09344040674468038,0.1603184857473302,0.12687944624600528,True,True
89045,63,84,0.566535201063674,0.7462272803103958,0.7470149855731035,0.07814119810698689,0.02739761313757611,0.052769405622281496,True,True
36844,2,62,0.5473776229601939,0.6289587813922266,1.0837530032444247,0.14913041357860837,0.0954986966747708,0.1223145551266896,True,True
296222,1,62,0.18724535176722204,0.4624080972372727,1.0980273765512536,0.2707706243246043,0.06644713052933332,0.1686088774269688,True,True
331352,81,70,0.8230114194589889,0.920268705950634,0.36139833812839683,0.07516479018480221,0.028137259202826337,0.051651024693814274,True,True
311394,90,1,0.6508194304849513,0.688696553393951,1.0627392481675284,0.2269641899869557,0.010367410060290516,0.1186658000236231,True,True
326082,63,67,0.33029245751591957,0.526193843556076,0.9691472516373609,0.24469997132142335,0.06823003015604609,0.1564650007387347,True,True
82085,1,7,-0.1289955325887535,0.12151233114255347,1.7110491296196109,0.07682486879312285,0.649626142224264,0.3632255055086934,True,True
121031,19,1,-0.10227727079902153,0.02123919656048288,1.8473124868724888,0.687871302856008,0.14132451474463747,0.4145979088003227,True,True
512836,18,31,0.2021501766355157,0.3910593322021353,1.380821621631537,0.4519771071684482,0.02686348194248382,0.239420294555466,True,True
448256,9,1,-0.04313825505177864,0.29093317223170007,1.376842402740217,0.4351136643590816,0.11246416521041988,0.27378891478475076,True,True
274066,1,42,-0.16511869130091542,0.26460559521150206,1.334211148090867,0.1866148004172143,0.1366951954777774,0.16165499794749583,True,True
482917,72,18,-0.2847550438321075,0.06635125377150229,1.7053547649484002,0.3582588856986138,0.651444166556327,0.5048515261274704,True,True
14007,82,17,-0.10629937406305068,0.16113339819057299,1.5647213551239023,0.35188666514027556,0.40224033287260813,0.37706349900644187,True,True
86220,7,6,0.9557408851353522,0.9665089545503976,0.33743271524359425,0.02430779193664878,-0.017682192898398452,0.0033127995191251647,False,True
201775,70,81,0.8273049893234142,0.9051355517548525,0.4100418318586674,0.06458244297349686,0.0306681889417508,0.04762531595762383,True,True
94326,15,1,-0.12497741755432215,0.14607949835577738,1.5001956637387246,0.4476780277294868,0.2687317511169177,0.3582048894232023,True,True
19924,1,32,0.24445422660892835,0.5115083564064904,1.1150070974169477,0.00809461501378761,0.13778349028439407,0.07293905264909084,True,True
290248,8,1,0.21587660507574374,0.38105912461237545,1.2956630290649898,0.11567557082448562,0.2997140116614251,0.20769479124295537,True,True
322959,67,55,0.15452875742636898,0.5137696069320763,0.9076740166358856,0.027836950171456598,0.1188474838284899,0.07334221699997326,True,True
132116,56,51,-0.19665765307446859,0.28640899971229,1.3395166506281635,0.4403004512802179,-0.32835063902553796,0.05597490612733996,False,True
479912,8,5,0.22231383359036533,0.4484659041025621,1.23476007444772,0.022125512347617782,0.25848424706795997,0.14030487970778888,True,True
68628,1,41,0.3710901701106334,0.5012311951941579,1.1314078425563419,0.31700443675964474,0.15495182664750773,0.23597813170357623,True,True
280918,82,1,-0.18144716746518144,0.29223291812725743,1.3947774736691427,-0.013715099738416468,0.497717469137789,0.2420011846996863,False,True
414034,47,75,0.19374247348944315,0.37705247202128955,1.098502917184536,0.20372243681010274,0.18831557210098018,0.19601900445554146,True,True
366225,72,76,0.21184817239833192,0.587854734645992,0.8776647639732089,0.23484081394872663,0.19144280428857707,0.21314180911865185,True,True
512657,42,1,0.16302714600093499,0.4132082553392002,1.2095614147755642,0.32156681461826975,0.2892577623465381,0.3054122884824039,True,True
236166,18,1,0.26394910208628775,0.4590622296193078,1.1613034669678461,0.44839341486611595,0.4433429898915942,0.44586820237885505,True,True
495054,8,5,-0.04715300720307938,0.17895637965347494,1.4149603788679985,0.1265156302485643,0.4918904441534107,0.3092030372009875,True,True
407083,18,3,-0.2593813479253159,0.2805149890131675,1.4108191017574407,0.5680885785853175,0.5621480522596681,0.5651183154224928,True,True
476119,3,1,0.11180535434982646,0.39653974568007244,1.2305443230409803,0.3202138881171398,0.159832274972677,0.2400230815449084,True,True
474095,70,1,-0.20953818171172675,0.28047883981913124,1.3370131201863305,0.02878009336390054,0.5621988952222992,0.29548949429309984,True,True
241326,17,63,-0.055309552492259106,0.284890253203947,1.3787930378912852,0.5841472978928987,0.5317029200263799,0.5579251089596393,True,True
442323,62,65,0.01756750151337002,0.3645707089601834,1.1465385158041226,0.19314382168976396,0.09501046448928911,0.14407714308952654,True,True
410650,62,1,0.031058625729949427,0.31500117565357066,1.2655941478514325,0.11712790642254248,-0.12447577464255827,-0.0036739341100078954,False,True
152120,1,4,-0.1622618571569074,0.25593676570530133,1.5123004670264675,0.23829841954649608,0.6123964722606569,0.4253474459035765,True,True
505573,18,32,-0.17747022859669195,0.10819945913124977,1.6515842350295746,0.10919003500207858,0.35599411477391524,0.2325920748879969,True,True
109313,1,63,-0.2616649669206162,0.236695592094781,1.3759865788514496,0.4895665429222853,0.13308444280732473,0.31132549286480504,True,True
413395,63,17,-0.06694127472749505,0.23270589198009928,1.4655424070452174,0.1760348579168618,0.6306537167510418,0.4033442873339518,True,True
451879,40,1,0.029139604113217032,0.3185086260588924,1.3603241536453612,0.047980801462370305,0.12714890224207887,0.08756485185222458,True,True
258883,1,59,0.24851410021537032,0.5948259636281513,0.9952502812643476,0.1616811231357345,0.0779196203352922,0.11980037173551335,True,True
166426,67,47,0.14514379474192032,0.5385411128458545,0.9015637803570788,0.002579257271800528,0.15346904469708567,0.0780241509844431,True,True
199681,88,78,-0.160050695034794,0.24672812167636632,1.5547732388308897,0.6484925335443174,-0.04097518244578513,0.3037586755492661,False,True
415727,39,1,-0.07140502559853414,0.26131985027696025,1.4198424641135599,0.2612857655875774,0.3690235392181931,0.3151546524028852,True,True
430056,76,54,-0.1230566972497835,0.47836765695369143,1.1327461190683619,0.10664594947184623,0.45477642899804466,0.2807111892349454,True,True
353051,19,1,0.2294229942201053,0.4086797549209489,1.2267173364293504,0.42406568935694167,0.3616154489896147,0.39284056917327814,True,True
431140,70,81,0.8110843978954994,0.8927231147901584,0.45220569119620535,0.152536802900532,0.14969198978334647,0.15111439634193924,True,True
68093,1,3,-0.03985375250839071,0.18603541809010848,1.540545847353119,0.4093266274423087,0.15257656792171054,0.2809515976820096,True,True
142585,4,8,0.38122428538735537,0.6206366458100643,0.6953169951845034,0.06390702269334303,0.13366472895887654,0.09878587582610979,True,True
12670,88,31,-0.037769035268090424,0.12429678463646665,1.543686932822895,0.46620866784684095,0.08182785811925096,0.27401826298304593,True,True
22479,1,41,0.17748663146541468,0.4713377562373942,1.0477239641478722,0.26801034309603516,0.11571916618655823,0.1918647546412967,True,True
232563,28,1,-0.19350938047239222,0.19993451734780965,1.5231866953904614,0.5388823692908797,0.5672129714785876,0.5530476703847337,True,True
203629,1,47,0.3060651370664798,0.5222708567246291,1.0660316779734051,0.13761562274232086,0.11436586050046611,0.12599074162139348,True,True
570782,44,73,-0.21515800135259283,0.1145750723185185,1.5902521280094792,0.3021358149387327,-0.02393675295496145,0.13909953099188563,False,True
514797,1,38,0.3103593602435041,0.5001878764884321,1.1166707774629048,0.30161938980418573,0.14783082412771253,0.22472510696594913,True,True
78420,17,62,0.06492095877374181,0.34671730165539033,1.1995834137980994,0.5335368200973305,0.19903157248429967,0.3662841962908151,True,True
199442,42,1,0.41543901098186115,0.6625963816947734,0.8484817573850252,0.059138676006914914,0.07553487534783372,0.06733677567737431,True,True
100723,13,1,-0.18535320183586126,0.12041751663622864,1.6054657827738366,0.38724562212735175,0.5685291889950923,0.477887405561222,True,True
343076,17,73,-0.42615897085947424,0.08988564331031536,1.664163266596751,0.7474777554634187,0.475259694173079,0.6113687248182489,True,True
361730,1,38,-0.25900332327654935,0.14415291701362865,1.5757097622906573,0.10530008140239844,0.1632131212580832,0.1342566013302408,True,True
78170,7,62,-0.08711042009374281,0.2259429063814523,1.6217313585531916,-0.016284272414521683,0.26274735157406937,0.12323153957977384,False,True
455937,62,72,0.05423118947089378,0.30191064088331343,1.097054371286822,0.11672956514533989,0.27598160502103586,0.19635558508318787,True,True
253819,1,41,0.46918942030624405,0.5743498047012008,1.0418674148720444,0.16994721002007468,0.09734270817611947,0.13364495909809707,True,True
31296,1,62,0.3525085625848233,0.5631926431282014,1.0054378386964844,0.26043937272057605,0.20406416989592663,0.23225177130825134,True,True
369675,1,7,-0.06377066409258281,0.17558334522088057,1.6137950567702208,0.002624762432260422,0.04235931869409848,0.022492040563179452,True,True
116362,57,50,-0.08655161176460903,0.24740854495213985,1.3467421508714916,0.05544349329422468,0.19260439835353885,0.12402394582388176,True,True
233238,67,1,-0.29800404367935707,0.1398006296178964,1.6244330657020027,0.5218148941188384,0.49891908091361176,0.5103669875162251,True,True
78748,4,1,-0.0012869201747214118,0.3202272783320441,1.2774848195468382,0.41261529745071224,0.13510284555969893,0.2738590715052056,True,True
545826,17,62,-0.15394146645892323,0.3335275115740723,1.3160025027163678,0.5358366019699258,0.21036756319283856,0.37310208258138217,True,True
554579,31,18,0.3334458690650616,0.48996679890460515,1.1427797407818088,0.12688114446640206,0.4227729937341501,0.2748270691002761,True,True
404249,1,41,0.18236512907468747,0.33723189262131353,1.3153342398083632,0.3667357470862804,0.14274167954592726,0.2547387133161038,True,True
369323,43,1,-0.10542419536328373,0.21038429273691828,1.4681944224237955,0.18719553437485995,0.2533543211452246,0.22027492776004226,True,True
405691,44,64,-0.14872290730873472,0.22968571683171637,1.4946234033220471,0.34681100457377195,0.3759749140857339,0.3613929593297529,True,True
205401,9,5,0.29540381482577827,0.46265921740369254,1.2469534705454728,0.09149538018132018,0.28345999517900283,0.18747768768016151,True,True
291664,18,11,0.18749919029608467,0.4499813380303089,1.1464123228589163,0.3611590723195902,0.37335853113000517,0.3672588017247977,True,True
11813,73,62,0.20081553934992888,0.4631479582904758,0.9742425205633245,0.15339230789520944,0.13456473953731785,0.14397852371626363,True,True
537270,62,77,0.10521909450142389,0.34414402077623124,1.2500116692815595,0.07822123987464291,0.1472246577005167,0.11272294878757981,True,True
576052,1,19,0.2718354504689119,0.4292382428109369,1.1211458330798227,0.08959465597310834,0.26681451503571046,0.1782045855044094,True,True
157601,67,58,0.3372824480225781,0.5154015827140651,1.1917256734456032,0.08975560699194926,0.1882645322281463,0.13901006961004778,True,True
365766,79,78,0.9390985584314461,0.9694484513953894,0.23407610848290392,0.033017813001177954,-0.011643050476613237,0.010687381262282358,False,True
508370,1,2,-0.09257817925355226,0.2058041045817176,1.4605224245956387,0.35394561733185953,0.4060173505493002,0.37998148394057985,True,True
203389,1,27,0.4945624870378646,0.6356793101654772,0.8661194114228509,0.01820502193897977,0.061129154449603935,0.03966708819429185,True,True
55528,84,63,-0.18695658826325262,0.2341806599975916,1.3662053386715949,0.1024729916211155,0.37792733489184843,0.24020016325648197,True,True
519569,62,79,-0.18279472905370509,0.17938587383520174,1.5600264397651409,0.43479352543632643,0.17549070036775302,0.30514211290203974,True,True
196754,62,13,-0.03689072202803506,0.20674585750675553,1.4070626816151406,0.25740367207865505,0.35497179302799664,0.3061877325533259,True,True
410880,1,88,0.7563350538154319,0.8393856188753667,0.5973987655526873,0.012146091383479935,0.15654532290343703,0.08434570714345849,True,True
182441,1,16,-0.06310150366099176,0.11123389764352021,1.8633275746897997,0.26446064838542077,0.2701620704332405,0.2673113594093306,True,True
308799,81,79,0.872016116706429,0.9257667263081838,0.3876534951735675,0.0075855699781462865,0.07554280717456366,0.04156418857635497,True,True
123213,15,1,0.19985257871450426,0.6266202266269002,0.8178289866936005,0.009253262711405454,0.02970550024103452,0.019479381476219988,True,True
267169,22,1,-0.1615213039331939,0.2926857336182182,1.3120176828992856,0.40628145243995756,0.23543783204290816,0.3208596422414329,True,True
415194,67,62,0.5597718390281182,0.6911487898643166,0.9019663567803126,0.009441712475210928,0.14714396610079847,0.07829283928800469,True,True
154644,1,46,-0.02017469963477401,0.19394465310806927,1.4480819128549416,0.6153530164164573,0.438798278142229,0.5270756472793432,True,True
142620,62,1,-0.0801680594991911,0.3874667998754205,1.1196461817894017,0.26633908335037926,0.3140586638013718,0.29019887357587554,True,True
343149,1,85,-0.043575347457482025,0.10545852120422564,1.6008292560194852,0.06276223390040314,0.3018986884442786,0.18233046117234086,True,True
117492,88,1,0.4091949041982509,0.5704026204903843,1.0424075380340088,0.13589454268851792,-0.03648639264357745,0.049704075022470234,False,True
278705,1,3,0.5054514937274845,0.6505896419281886,0.9185525904114245,0.08191818041221091,0.29483813955799737,0.18837815998510415,True,True
425390,73,17,-0.33856844563288774,0.18379232938321172,1.5924693944446964,0.6051523482945004,0.6995282897824813,0.6523403190384909,True,True
230993,28,1,0.22415107860054978,0.5758283624535488,0.942599542742383,0.3192283310097769,0.24956585782534094,0.2843970944175589,True,True
157807,70,17,-0.34790971369485896,0.1531267689799776,1.5565072964070548,0.3903726267805348,0.5860441801101476,0.4882084034453412,True,True
405306,65,17,-0.29015250369553636,0.2942610636122921,1.3682462149025802,0.5387781285521185,0.5904657385492986,0.5646219335507086,True,True
570539,1,6,-0.29672090331659084,0.1279534313379204,1.586424836859226,0.33564468123688984,-0.010613205973036166,0.16251573763192684,False,True
310200,51,60,0.3792238064773359,0.7179557772397847,0.7304980131927599,0.12130247920687243,0.2861969849961019,0.20374973210148717,True,True
210299,2,1,0.09222241029793043,0.31298891952967417,1.2440955636059958,0.1402705483658796,0.1411261708691523,0.14069835961751595,True,True
363840,73,62,-0.21178574882049572,0.37015355427732377,1.2058145268157314,0.38223096086539066,0.04890137956380281,0.21556617021459673,True,True
375469,1,42,0.5507928697083896,0.7224740269642678,0.8800513331868799,0.13748821584668464,0.10160687370661792,0.11954754477665128,True,True
66706,47,52,-0.1377409486402654,0.1315002330526425,1.540435073346257,0.2598422536191387,0.3284337435307529,0.2941379985749458,True,True
489611,1,64,0.0004229697692782071,0.3773751613191599,1.2459516465279492,0.3892989802766892,0.09768269325761243,0.2434908367671508,True,True
580294,79,50,0.1822029381296935,0.6346909470824208,0.7437057030357617,0.0718912298486737,0.0170573353533987,0.0444742826010362,True,True
172935,9,1,0.2377793944701965,0.4361397971043804,1.2711138073796293,0.0968878213501965,0.04172062993041769,0.0693042256403071,True,True
508101,1,9,0.5875312196235413,0.6849456182619006,0.7573243837583521,0.027289960550177905,0.09558980574630781,0.061439883148242856,True,True
308545,19,1,0.026176625071347347,0.3146445184956879,1.2980003829726545,0.359426029661751,0.375468520526468,0.3674472750941095,True,True
529939,42,1,0.02670962638721776,0.33184539674266783,1.404910055423377,0.4320092270634812,0.14675580056114867,0.28938251381231495,True,True
332570,77,1,0.0844193219773609,0.32626796434240124,1.2694244081806703,0.1678545650915353,0.09142379187864152,0.1296391784850884,True,True
553990,1,19,0.12786677657772824,0.30278188259536387,1.3643443888048568,0.02004706277810541,0.29097507125308575,0.15551106701559558,True,True
92416,1,32,0.2953910916321412,0.5307970033245958,0.9392754777670764,-0.08198925397033174,0.08811088482613459,0.003060815427901424,False,True
562243,32,1,-0.07683864893937324,0.27271854392372863,1.3742070037467033,0.2828149807060499,-0.38175980497180906,-0.04947241213287959,False,True
185250,18,1,0.03784030886717511,0.25035714738563214,1.3673880318260059,0.40671033051883165,0.3234132472137216,0.3650617888662766,True,True
245311,60,51,0.2651654848333992,0.4137453475542069,1.2606112904903473,0.15351733441271032,0.14144370245419569,0.147480518433453,True,True
54931,1,19,0.2602229630862215,0.5344066869296151,1.1080109086630054,0.29496560468750177,0.12485048135504759,0.2099080430212747,True,True
509735,24,25,0.7212458650051877,0.8120503805447679,0.5053420537129413,0.19295140543409667,0.1613633924408343,0.1771573989374655,True,True
357816,28,1,0.10230070144443523,0.4137929405625518,1.140785231110088,0.15901289125291665,0.02503341966730782,0.09202315546011224,True,True
520009,6,10,0.48792866244692124,0.6237096050461001,0.9097409193238944,0.3038072761305426,0.0893928007013519,0.19660003841594725,True,True
72813,65,72,0.0639106460799651,0.539998682953819,0.9259801694401004,0.3065043215472528,0.20167645133848364,0.25409038644286824,True,True
449190,57,54,0.22732870395233928,0.5401807991327898,0.9930827706610998,0.11522675697665367,0.15627136485246318,0.13574906091455843,True,True
483667,1,32,-0.08026992124918253,0.27850175453275755,1.2526954281627347,-0.04849307492017185,0.14441681357408123,0.04796186932695469,False,True
22705,1,82,-0.09301963511462308,0.26514703711775944,1.4301323428460664,0.555030866228154,0.227697953869194,0.391364410048674,True,True
439715,19,28,-0.09728263627423721,0.12993375285496508,1.4856723277689847,0.44624423887386877,0.17346761462765128,0.30985592675076,True,True
237517,64,51,0.3557170029388562,0.6194442962242624,0.8973826286326896,0.15523295722262404,0.10239217214652921,0.12881256468457664,True,True
121506,67,62,0.7751973889853098,0.8608354301306633,0.5038043958024397,0.08618269254681332,0.05040481525774425,0.06829375390227879,True,True
529568,64,67,0.0682470936086421,0.5099757826120604,0.9559278176781221,0.16759314276706833,0.01999467771996659,0.09379391024351746,True,True
412362,32,1,0.09224844311293333,0.32430858051490236,1.3363578792392319,0.14590897825604165,-0.04019323912724648,0.052857869564397586,False,True
22192,18,31,-0.18817892995165958,0.14613043667857667,1.5486033071217382,0.5089003680209561,0.2605485690501823,0.3847244685355692,True,True
482319,62,1,0.0049701738318047965,0.5304788379304496,0.9029395772328722,0.12230405710358577,0.2622825351816662,0.192293296142626,True,True
262895,1,32,-0.11391088771802746,0.42935776958202176,1.0703860009995914,0.007240357352027882,0.1934312962743576,0.10033582681319274,True,True
56350,1,70,0.2795589950791515,0.5006171173706068,1.073904585615677,0.22728787855020924,0.25743376129615536,0.2423608199231823,True,True
352900,51,49,0.568062601642993,0.7385637018256601,0.6982091461018751,0.1461064453346681,0.08364039045637209,0.1148734178955201,True,True
21167,1,32,-0.05489161699783529,0.3750303172033684,1.2302693440190076,-0.14029786005327005,0.027279775926359152,-0.05650904206345545,False,True
199236,19,1,0.1355199693431772,0.3811653027061704,1.3549870577076408,0.3180706234340948,0.055940633024968,0.1870056282295314,True,True
558421,7,16,-0.3442360268940202,0.08389596564426244,1.788060675776836,0.4943921343239973,0.03630302503346961,0.26534757967873346,True,True
478721,8,38,0.16338129030854062,0.31508572131304163,1.3491831084801054,0.3164462595338048,0.2563196038849773,0.28638293170939105,True,True
513567,58,1,-0.04266281209986483,0.25176683657767335,1.3266148877889914,0.23927610937125793,0.020025836042089407,0.12965097270667367,True,True
573258,1,35,0.13314347530406972,0.4954383349580204,1.0698195818408112,0.20540990650253171,0.04522514909202596,0.12531752779727884,True,True
351810,33,27,0.9039798975063524,0.9449440926678142,0.331925066100637,0.052561652405308745,0.08790604424477466,0.0702338483250417,True,True
103723,22,1,-0.10158319590798368,0.18617130090135842,1.5517410608282374,0.6656454823139066,0.42130806507005225,0.5434767736919794,True,True
223188,1,21,-0.22754865512735506,0.2487129254200841,1.4447440581740596,0.5424618783373677,0.5311919215677554,0.5368268999525616,True,True
523241,3,8,0.44937922568125044,0.5806758606018518,0.8216936867284819,0.12955460774445354,0.1735299337521426,0.15154227074829807,True,True
147415,1,62,-0.07886998478247012,0.399287185756198,1.1478850920813526,0.3211173492970827,0.23770113121343772,0.2794092402552602,True,True
340451,1,15,-0.12561204106948118,0.1765951130307886,1.4345401148885066,0.3797193551358686,0.3523450563770717,0.3660322057564701,True,True
213935,55,53,0.2179630211892787,0.6926218985824876,0.7849904860171403,0.30601665295955693,0.24670188947592264,0.2763592712177398,True,True
578871,51,62,0.5239508321507073,0.6684396499236168,0.9758919731789675,0.32181527797798,0.03521702774256027,0.17851615286027012,True,True
260261,1,8,0.08341835492359641,0.43472508425906214,1.144962626559972,0.3319617664412785,0.3633752142552119,0.3476684903482452,True,True
276284,3,4,0.6244865853304566,0.723550114937463,0.8910197973576883,0.0386780310746294,0.3810822134710177,0.20988012227282354,True,True
326248,62,28,0.6900033461456777,0.78239373169413,0.7434216714519091,0.015434453385695213,0.008768371521297669,0.01210141245349644,True,True
504415,1,3,0.3271753953238545,0.45885225126746076,1.29121735935877,0.16953278736538785,0.37178379474999945,0.2706582910576937,True,True
200839,84,6,0.22803918290552724,0.34239377054762055,1.2272160514560537,0.08371968332524604,-0.17843155460452786,-0.04735593563964091,False,True
425906,1,36,0.49630792678743835,0.6245157194992866,1.0612289234141838,0.21090198154912973,0.08931491958855814,0.15010845056884392,True,True
256192,4,1,-0.11765085986538205,0.3641597646577022,1.2882936090890356,0.4407865061795259,0.31755778330698536,0.37917214474325567,True,True
331604,1,42,0.7934033927910024,0.8289016134498777,0.8106280073808894,0.09555764550094392,-0.0001686139791403085,0.04769451576090181,False,True
391722,67,1,-0.08872016762038627,0.2384620404427179,1.4098169075108449,0.433908230381091,0.46156002715418976,0.4477341287676404,True,True
478136,61,67,0.3254176710435994,0.6225120689658659,0.866786016344046,0.15621103598366876,0.2145017674078072,0.18535640169573797,True,True
346968,1,84,0.17584605751576737,0.4257536777549474,1.3264833806009924,0.5968172145386836,0.30083239766018377,0.4488248060994337,True,True
74860,1,36,0.5155738871635117,0.6024110790572808,1.2120555070545451,0.05807696487304945,0.018026383390110534,0.03805167413157999,True,True
254016,60,51,0.07403206705678919,0.24295370960286888,1.5376471170844423,0.5806509078652944,0.018213954682557765,0.29943243127392605,True,True
14439,1,38,0.1636431628010257,0.49160276504586886,1.1175902697236186,0.12538810754710733,0.26820241808021217,0.19679526281365975,True,True
226171,44,76,-0.011044215111154458,0.42632274347060917,1.0168092653251135,0.15849393015172591,0.08290684847918853,0.12070038931545722,True,True
288862,41,1,0.2713627890777594,0.41084286515447077,1.300953378404973,0.04986833472301073,0.24888589237877104,0.1493771135508909,True,True
545007,85,1,-0.13715875615516712,0.05976041360487232,1.9069717153057528,0.5000117191369169,0.6071634766570795,0.5535875978969982,True,True
472623,2,1,0.03649351404879539,0.3063984552344296,1.4098709863982464,0.39207169752012083,0.11231983183541247,0.25219576467776667,True,True
172571,59,47,0.330611570154346,0.6491541992865576,0.8769146740457787,0.3732701884384043,0.15287999412237574,0.26307509128039,True,True
476514,1,28,0.23776120531709252,0.49188155281722584,1.0211388985472079,0.06945131076608124,0.06048537297575857,0.0649683418709199,True,True
802,79,82,0.7034643491832602,0.895356746530007,0.3812208596716349,0.12704043250067917,0.08019149216358029,0.10361596233212973,True,True
44279,51,79,0.3266751660872543,0.6161089974851545,0.7867007972682638,0.03239192853831368,0.02454702645043623,0.028469477494374954,True,True
22371,1,73,-0.23058578273566283,0.1106056413277097,1.670687041291566,0.44055002767939244,0.523663919804378,0.4821069737418852,True,True
166768,1,32,0.10013632165719431,0.5062760389775592,1.0168062842707224,-0.050082574438308436,0.1991408203307211,0.07452912294620634,False,True
266768,67,1,-0.029284272610376,0.2587164925770914,1.2069562585564086,0.11429976857614829,0.12347234804093832,0.1188860583085433,True,True
59635,42,1,0.7524023028663565,0.7892322068707267,0.8774365733251626,0.008169623080010735,0.16738191837651267,0.0877757707282617,True,True
445658,79,44,0.1336736995856731,0.4623124744234764,1.1299461201397976,0.21770913365751043,0.01566498305397353,0.11668705835574199,True,True
471893,62,67,0.4146883483665882,0.698522353280748,0.7614617058910891,0.012997128005267283,0.11337545606334846,0.06318629203430787,True,True
110784,6,8,0.9151757134244265,0.9374644715298958,0.39466119341422773,0.0004272236190271117,-0.08649483498877086,-0.043033805684871876,False,True
86956,39,1,-0.023537255938456122,0.24014340335795337,1.2805795550892096,0.1575840073958459,0.4194433759965285,0.2885136916961872,True,True
167572,54,51,0.4078730277856565,0.7041230056267149,0.764405710842013,0.3078798313983356,0.05345841420871583,0.1806691228035257,True,True
389109,62,67,0.19463497708769292,0.5579727579893277,0.9891838368531222,0.11324187555495718,0.32385618382852466,0.21854902969174092,True,True
491867,32,1,-0.010851370741560017,0.2618034052008589,1.451980589439343,0.21432074420885738,-0.1767919610724784,0.018764391568189487,False,True
173799,22,1,-0.20847668370283656,0.12480419550308877,1.6442492932633388,0.5820760235712272,0.39644953944765104,0.48926278150943914,True,True
433515,38,1,0.5835190901632623,0.6583923723889851,1.0825812893696345,0.07149039341238506,0.026411984780360494,0.04895118909637278,True,True
489305,1,52,-0.07116964650415518,0.41046050616153473,1.128931877074011,0.4428080154318325,0.04430607013666787,0.2435570427842502,True,True
454067,72,1,-0.2664930096350584,0.09645267646362116,1.666291930782699,0.432949344864767,0.569810011099756,0.5013796779822615,True,True
549220,41,18,-0.2948025849022932,0.06899576962414665,1.7614391018670714,0.546260912504122,0.8010796752878266,0.6736702938959743,True,True
433204,4,1,-0.043065331887009915,0.06539956669527142,1.7846812365393836,0.24714540381125422,-0.04326118654523958,0.10194210863300732,False,True
305609,54,1,-0.11400520064158681,0.23271563573064538,1.5137330968724088,0.08019230653717194,0.10728553484673237,0.09373892069195215,True,True
5001,1,87,0.38010588934591905,0.6810084635777048,0.7940930153447803,-0.006859887083898508,0.026555722390975693,0.009847917653538592,False,True
15254,57,51,-0.08942922212753322,0.36350577993835204,1.1319890854098251,0.36794537379240705,0.2649732327041788,0.3164593032482929,True,True
318238,65,18,-0.3492460031908867,0.2058259813345549,1.5481859852648998,0.6159163921556424,0.6807432072335166,0.6483297996945795,True,True
433980,77,1,0.4848451027047469,0.6160675939150212,1.1575067204355645,0.23129055381646546,-0.009960978740223614,0.11066478753812092,False,True
255664,18,34,0.20146465919224496,0.40274050796554955,1.1371127809088433,0.4127754468057854,0.1357315913519371,0.27425351907886125,True,True
172595,27,73,0.24960550120556438,0.4867281829573117,1.1290112686369778,0.20665585012109527,0.14528321973298497,0.17596953492704012,True,True
109900,8,5,-0.05958670089219426,0.09461024046456859,1.7076720545662147,0.5532672122780268,0.26098911775910316,0.40712816501856497,True,True
388846,1,62,0.12959631669340527,0.43234653245905674,1.1455861419172932,-0.0855222808722261,0.06853252852818757,-0.008494876172019265,False,True
401991,17,18,0.6224229804041459,0.7249444178065915,0.8350998347511658,0.16188335901673354,0.2275891938664769,0.19473627644160524,True,True
562059,51,50,0.8209489524804552,0.8826812205319877,0.4885301969606217,0.16895418010875213,0.14016993633743238,0.15456205822309227,True,True
170893,18,70,-0.17553660068318483,0.28183151276629465,1.4587227098127693,0.6207013244492324,0.38891335605122695,0.5048073402502297,True,True
450559,41,1,0.265616674250089,0.45338300532841985,1.152880625286202,0.17540817473166664,0.35533192216568843,0.2653700484486775,True,True
105912,1,11,0.5356063684654274,0.6868810054986946,0.8428805916618337,-0.001669146646805817,0.24267895110131937,0.12050490222725678,False,True
26465,73,62,-0.20573113777812937,0.3982948522770407,1.2611581798878464,0.46706811766387674,0.05158429900558367,0.2593262083347302,True,True
341469,33,2,0.13308581796494778,0.36037044343811164,1.140660447291085,0.4535502150517392,0.2821262539566794,0.36783823450420927,True,True
173008,1,52,0.20806260855866984,0.3211857956418818,1.3547550245490434,0.2385641385696814,0.14509947216869115,0.19183180536918626,True,True
196009,50,57,-0.22264932936495885,0.22098128851158005,1.47140523647507,0.3567088359377746,0.7061839601530455,0.53144639804541,True,True
345252,76,73,0.9248898388236299,0.9446202665229015,0.42676459866662997,-0.010999112844715879,0.004904008762968544,-0.0030475520408736675,False,True
32570,1,42,0.6042178513052681,0.7565599961391001,0.6817437118143761,0.10056976432831559,-0.0075204601797355525,0.04652465207429002,False,True
91500,1,67,0.2884135814623307,0.5210227908105568,1.0317147666481872,0.1835740470634603,0.1264137637847052,0.15499390542408276,True,True
452891,15,18,-0.4447774525041683,0.19003325603551335,1.4985504908091003,-0.02022934270630472,0.6874194774911245,0.3335950673924099,False,True
117525,18,1,0.12075790019868687,0.30769345001855053,1.388575830396118,0.5058871118945224,0.5900018716726565,0.5479444917835894,True,True
17029,3,18,-0.06248305724661635,0.08436690794879223,1.8020408046551837,0.5237273224087343,0.6487815351041871,0.5862544287564607,True,True
146457,59,1,0.13275992713780763,0.23075728569193435,1.6188115718275267,0.33557981537378156,0.5507548704794478,0.4431673429266147,True,True
571718,1,62,0.4841759544855081,0.6107857344414809,1.0109441709356557,0.3328488257588724,0.06175202600439263,0.19730042588163252,True,True
481567,1,4,-0.044025944327986115,0.1643872988576864,1.5504713801695524,0.2435074079921667,0.24162933324636598,0.24256837061926634,True,True
90891,1,52,-0.12446940785565312,0.15519136299612835,1.5509578836146967,0.5981574061631597,0.5026886137185652,0.5504230099408625,True,True
246436,51,1,-0.12620742114240477,0.23350836650921106,1.4556774391650078,0.07258244477602115,0.5917435759034035,0.33216301033971235,True,True
147740,3,1,0.26846441450743785,0.46840667330124697,1.1745290333770222,0.10159810883181597,0.11017345405728377,0.10588578144454987,True,True
369037,31,22,-0.2086604371932448,0.14298102755581246,1.7020959633736803,0.07945696005797998,0.6305173057745004,0.3549871329162402,True,True
525247,17,73,-0.4056337888970371,0.25807977484811806,1.4431024069473455,0.6004816981848929,0.5529818823572907,0.5767317902710918,True,True
177714,53,57,0.484128088385004,0.7303981845878562,0.67031718297537,0.024470507647601884,0.1334048470014756,0.07893767732453874,True,True
393014,58,54,0.9079648529644141,0.9318927301007821,0.45514208562935066,-0.10032027893615758,0.07622780207819468,-0.012046238428981448,False,True
430961,40,1,0.2993380724833684,0.5880804404798197,0.8743327416454736,0.0383515476242883,-0.023136556411468057,0.007607495606410122,False,True
460841,1,70,-0.1801499715109808,0.3285323387103787,1.2761043860599184,0.10447919162482028,0.022624051933011632,0.06355162177891596,True,True
343466,79,81,0.8423210314270012,0.8761474748805876,0.5490741431381305,0.1416807507406777,-0.008817818858688459,0.06643146594099462,False,True
493864,1,42,0.12518276610661197,0.4661279914134265,1.070748664787322,0.187780303878784,0.16356268898690557,0.1756714964328448,True,True
382125,1,47,0.08020919118130228,0.33925607000704205,1.2327525001845765,0.2948805293455433,0.22468084711589711,0.2597806882307202,True,True
368752,1,67,-0.32625869037795613,0.21634254974823144,1.4423497846300999,0.5882491234722894,0.5457341257451243,0.5669916246087068,True,True
137106,1,65,0.3840473327500078,0.70152541021798,0.7619947527915787,0.23106767813440332,0.22349255481964092,0.22728011647702212,True,True
349152,67,60,-0.24928257860158454,0.40834940180484514,1.1522938365202766,0.43470714222218526,0.21086913402304228,0.32278813812261375,True,True
13291,1,34,0.1734282379137696,0.46117240918230606,1.0459262304364114,-0.18108286038435828,0.16572900175174307,-0.007676929316307604,False,True
17959,1,38,0.13326860184716424,0.47500564310730387,1.1717664132104464,0.029305814471942977,0.10335436278056767,0.06633008862625532,True,True
550714,52,1,-0.2211745871372698,0.2404056150156104,1.486945829197253,0.6695961739203364,0.673322122294363,0.6714591481073497,True,True
429598,82,79,0.7937346179071991,0.8508586569192459,0.59590652009698,0.22360536231627928,0.08218158709552933,0.1528934747059043,True,True
466156,17,3,0.16585119443898594,0.41163066084033023,1.2884499637194098,0.3270925574094952,0.48746296150564034,0.4072777594575678,True,True
371529,1,70,0.016607932075779697,0.3528033623963441,1.1109278144319275,0.23246100646114984,0.3629731019934808,0.2977170542273153,True,True
221693,18,34,0.3147461802948506,0.585590330832494,0.9390663126783847,0.3390557358800629,0.2085830338198173,0.27381938484994006,True,True
215259,1,63,-0.030192643917863998,0.4129451376946736,1.1288167592130023,0.18954470414739255,0.23154327034397673,0.21054398724568463,True,True
194724,82,44,0.5142125917130336,0.696120623088575,0.8495708022971947,0.10886052433236335,0.17921200731842934,0.14403626582539636,True,True
120777,47,54,-0.17016444513901982,0.23138446804644985,1.3618574520415823,0.26123059673870735,0.34078866576886696,0.30100963125378716,True,True
486438,60,1,-0.5251495066122689,0.15599950891720063,1.6911152725746987,0.7822613614806444,0.7065829812785499,0.7444221713795971,True,True
394199,4,1,-0.14509970804322359,0.13832030896041153,1.589406256144429,0.663386893443622,0.6883239878803126,0.6758554406619672,True,True
309938,84,18,-0.08499592112825285,0.18153352386560254,1.5701138036625515,0.4858798892554307,0.6473227717166913,0.566601330486061,True,True
526728,3,33,0.1534676770914527,0.27261198912485385,1.2916207352697542,0.1671476799991836,0.4428304079488935,0.30498904397403853,True,True
292456,31,33,0.8761933961516779,0.9135008967351228,0.46491478043559703,-0.03316099303705822,-0.0091606726785156,-0.02116083285778691,False,True
494634,17,79,-0.2608757695463224,0.22747517205889117,1.3812865416072722,0.5406617010306346,0.1885786686162504,0.3646201848234425,True,True
179285,43,37,0.7911452772714168,0.9167312556842244,0.3452630547922224,-0.009090878811277348,0.098517279419713,0.044713200304217826,False,True
43314,1,35,-0.07969118180660938,0.2616977627719641,1.2971494940254584,0.01823037476304737,0.03835724065987828,0.028293807711462823,True,True
391375,1,15,0.21098235652564193,0.38719646553240594,1.1776636155307099,0.1473453256783736,0.1801480686157492,0.16374669714706142,True,True
182202,67,73,0.33776969094984377,0.7351560310083846,0.7759429888614116,0.21789489010369012,0.2866780357912674,0.25228646294747875,True,True
166918,67,1,-0.05132492695134321,0.22122898613524,1.5107410332546953,0.0767636667055984,0.3621852520743572,0.21947445938997778,True,True
48396,61,67,0.7507515068304451,0.8074501645961153,0.6937155239707835,0.03846088267690406,0.07832731258639386,0.05839409763164896,True,True
140286,1,19,0.35779922547644255,0.45751717436110406,1.2166772584954382,0.03287833732076427,0.15920046462074416,0.09603940097075422,True,True
166287,21,16,-0.11727224692666958,0.20515491135292624,1.4190462766842482,0.42484833370144787,0.027130544107269186,0.22598943890435852,True,True
370208,2,14,-0.03878611087665706,0.2984319318187726,1.2894000914817283,0.4562144028375048,0.24204242870867512,0.34912841577308995,True,True
473406,81,47,0.20086230965499194,0.4414297472178518,1.1198277586086232,0.10610491683504454,0.1276094137842378,0.11685716530964116,True,True
187055,1,43,0.000146647649852217,0.25380219862704706,1.341469846199756,0.2553252624149257,0.4582420878787098,0.35678367514681775,True,True
122672,42,1,0.5617036616452866,0.7023434334338231,0.8332453692393511,0.062378243779009857,0.17091755080073895,0.1166478972898744,True,True
473869,44,46,0.8490599127617592,0.8779211915675738,0.45310031546423846,0.016361719484876358,0.04617165756222891,0.03126668852355263,True,True
441586,2,1,-0.051096271947253004,0.27059905899157327,1.3772723879645472,0.2035911311471545,0.20097892817291063,0.20228502966003256,True,True
344100,67,47,0.28030056026256284,0.5848330470659009,0.8408760584829702,-0.03795209694299484,0.21500440628233997,0.08852615466967256,False,True
427655,1,3,-0.11196234022526126,0.1233088283187187,1.65316261163438,0.37802212616806136,0.09067575332269645,0.2343489397453789,True,True
177065,43,1,-0.12416537288011298,0.3223078603952534,1.3220450920990148,-0.0017447117734009573,0.20159333278310967,0.09992431050485436,False,True
29397,15,1,-0.14196733532057726,0.1859924292918014,1.5703401404533563,0.6334598249919995,0.3960480047325129,0.5147539148622562,True,True
284743,39,1,0.14754727137735982,0.3689767278488671,1.2701541222654198,0.21911710122418854,-0.03403444517124754,0.0925413280264705,False,True
125129,67,1,-0.16293278159522492,0.1649627269207638,1.5159275130958498,0.5029809840462798,0.5487586294724964,0.5258698067593881,True,True
219578,63,17,-0.22628924537356493,0.22953171828740707,1.2392838504243153,0.30771433063756304,0.44376493119894656,0.3757396309182548,True,True
222455,79,78,0.8376045971346128,0.9204095376011832,0.35892478992543675,-0.0034487933493980716,-0.006700670360987426,-0.005074731855192749,False,True
328601,43,37,0.660420029568398,0.720880542122172,0.8897705463509054,0.19528266669070485,0.06805479123630671,0.1316687289635058,True,True
289415,1,59,0.5727906478227426,0.7209171654361485,0.8297808051842097,0.06863475743432601,0.10224285563659646,0.08543880653546124,True,True
13659,1,62,-0.027335335067141205,0.3367888385350391,1.3089814910085615,0.3007153229160162,0.2749516289186342,0.2878334759173252,True,True
455157,28,1,0.15457437452915557,0.30606175605398567,1.3467182018404291,0.4856762856281034,0.23546845236909358,0.36057236899859846,True,True
434996,88,65,0.11611916830888602,0.5061372362709438,0.9653507950118965,0.11253716706995381,-0.12386687714239764,-0.005664855036221911,False,True
571857,5,1,-0.07452361135308483,0.1270065498491281,1.6918339705747285,0.3897777716312457,0.014081882651902257,0.20192982714157398,True,True
183716,32,1,0.031112740674951508,0.29205813678108206,1.3435192161501586,0.10784164642901783,-0.12567627181648255,-0.00891731269373236,False,True
192964,41,1,0.11992367099096893,0.3257318346744142,1.2826888175662972,0.08933429054918343,0.22999051417522537,0.15966240236220441,True,True
316015,17,76,-0.23788743291511036,0.10389754740156186,1.6634939183115227,0.6562464278993717,0.2572879337840612,0.4567671808417164,True,True
551350,15,67,0.9308827794178095,0.9462874355696143,0.39921614190644705,-0.0017513330894705914,0.07990231314469262,0.039075490027611015,False,True
210230,1,58,0.36704498968857435,0.48042544032195333,1.308524222128297,0.3713266899499997,0.11667889393894375,0.24400279194447172,True,True
78404,15,31,0.7437697936310141,0.8247208691803954,0.5865953053214938,0.2208671003783661,0.04357842587421701,0.13222276312629155,True,True
254368,1,65,-0.2014043723680092,0.30927062880232065,1.2909929996968805,0.41876005744031075,0.3811621698084105,0.3999611136243606,True,True
153527,63,62,0.2531835365241823,0.5079652602403145,1.0567532053641384,-0.048509068619810025,0.08996335736397018,0.020727144372080078,False,True
479448,52,59,0.09127440286013652,0.6559985509065265,0.8175159596691339,0.332597471505124,-0.20248573908566592,0.06505586620972903,False,True
323355,59,1,0.5435501762067969,0.6608560268232536,1.0869763160371093,0.3206704105723368,0.4151942517977527,0.36793233118504476,True,True
80273,1,36,0.29562958835971326,0.5957295154218873,0.973754630298284,0.22215879295722837,0.1306119646527953,0.17638537880501182,True,True
361238,59,67,0.877694418368629,0.9189119133089849,0.4819539195704711,0.2132765843037544,-0.17772014097561029,0.017778221664072058,False,True
381971,1,19,0.04349570652422903,0.14503556727072978,1.6248389863731838,0.09027351255213723,0.44334417291444417,0.2668088427332907,True,True
261706,17,63,-0.5434569788119923,0.15365232755401007,1.5931779736503078,0.7299764825126495,0.5481553173057425,0.639065899909196,True,True
271116,46,1,-0.03501605752854092,0.1894676064158087,1.561081694734055,0.08995593276105736,0.47483812218494353,0.28239702747300044,True,True
33114,5,14,-0.051438194228159415,0.16915080852987918,1.610801272331801,0.13845691710712424,0.4213901933033162,0.2799235552052202,True,True
491213,3,4,0.1292568853036026,0.41366395199706346,1.2114647508982845,0.4339516739664281,0.5322730388383966,0.48311235640241235,True,True
497344,77,1,0.05553479155323482,0.19192105405752963,1.5500819118700866,0.3597086407069736,-0.01700511803137761,0.171351761337798,False,True
533536,17,72,-0.21328931795997896,0.13112622847789868,1.6207966511502865,0.64066843368259,0.7002749815760337,0.6704717076293119,True,True
534827,4,1,-0.15549321510341962,0.12229405709742601,1.7161521780514535,0.4459650577365586,-0.03281152913164736,0.2065767643024556,False,True
76547,1,7,-0.12701728352869696,0.07610456991237968,1.7154449818300925,0.42198283161298455,0.3013480582246439,0.36166544491881425,True,True
74256,1,31,0.3002688672545577,0.5236385572674591,0.9966055271867276,0.30480111119709985,0.0805150782762022,0.19265809473665102,True,True
365387,81,70,0.9679810550746812,0.9743487788621091,0.3865300950089431,0.008546444519712232,-0.024036286274875307,-0.007744920877581538,False,True
38048,11,1,0.11058452095555792,0.40027931653781884,1.1080640634985872,0.29784085302456575,0.05943854460087371,0.17863969881271974,True,True
281929,2,1,-0.13798808494679188,0.10892877142483336,1.6569661515755758,0.4888946492449817,0.42703184807789724,0.45796324866143945,True,True
231831,75,17,-0.308469242115794,0.13461549355049549,1.6195372537187156,0.09004457593145174,0.5990241976380996,0.34453438678477566,True,True
96493,1,75,-0.039968094393208885,0.20009854765316093,1.3358098060947055,0.5045427695290139,0.1800949142093326,0.3423188418691733,True,True
222235,17,16,0.8558784356275622,0.872333570464392,0.6696375149192386,0.2610049844294574,0.03467470383120896,0.1478398441303332,True,True
137246,28,64,-0.09897145947943002,0.11081264059686517,1.5435124198869619,0.2772737829105725,0.35834690714080464,0.31781034502568856,True,True
250901,54,1,0.06823342466667093,0.3167977780246304,1.3662974546220417,0.2903611389547769,0.3767554497052241,0.3335582943300005,True,True
488166,1,47,0.022984780781623512,0.20015625685399085,1.6625365962829997,0.17376742160653758,0.2599308491622944,0.216849135384416,True,True
325347,1,62,-0.06073238702000531,0.27880874945351886,1.3838955777199426,0.27495269804182737,0.14067286607580015,0.20781278205881376,True,True
460229,13,8,-0.09774364831098775,0.4160577082237655,1.0690409220773027,0.4155220220746535,0.27679620475304867,0.3461591134138511,True,True
198641,72,76,0.1990439819491199,0.49579727335895524,1.0394117892578834,0.28202909580057256,0.1845070290210538,0.23326806241081316,True,True
135410,4,1,0.009988256932327074,0.21127698662541516,1.4351929989455936,0.3530016711709533,-0.025779290577930977,0.16361119029651117,False,True
433103,1,73,0.02626478908909587,0.22314321537310275,1.592730215230414,0.3055504925012973,0.39310193243243974,0.3493262124668685,True,True
393093,7,3,0.12138191321479815,0.36778377164517173,1.280443160727219,0.3346838839327769,0.12513929281194142,0.22991158837235917,True,True
309467,1,27,0.42993988640692504,0.5237072727168458,1.0051420843012921,-0.03349121380394282,0.053674228931702817,0.010091507563879998,False,True
543047,62,67,0.6403664800803803,0.7883843398301918,0.6806044762587014,0.04607786565783961,-0.0025793653444285553,0.021749250156705528,False,True
561958,1,36,0.12972141321572941,0.3770065033248848,1.4034331556611197,0.13696338544532596,0.0018322460685662942,0.06939781575694613,True,True
534270,9,1,0.26258496572232853,0.47332305020496773,1.1033215520211153,0.04596145089409403,0.18987521547569533,0.11791833318489468,True,True
526392,3,10,0.03227260981314247,0.41869560063945893,1.1630671494689448,0.5081263296681782,0.14403177068690667,0.3260790501775424,True,True
515077,72,63,0.22105814106361252,0.40997965353430943,1.214730565979015,0.4508130457344721,0.21920068820656066,0.3350068669705164,True,True
389381,51,56,-0.03785068014946575,0.36534960655099324,1.1456752373150967,-0.11731866949158565,0.16791581191752214,0.025298571212968246,False,True
13729,63,67,0.46967607022493735,0.685608214440022,0.7737954290702044,0.10084662731905036,0.05709874095474494,0.07897268413689765,True,True
559956,1,20,0.09102778935941386,0.4736399539997813,1.1383851987525382,0.3520758263296127,0.46157736883150235,0.4068265975805575,True,True
117744,1,43,-0.0384406602868373,0.18515321577942487,1.6228630503701418,0.6010110400067205,0.4306416245181467,0.5158263322624336,True,True
274411,1,3,0.2702507229794335,0.443140895912176,1.1951821795699895,0.31916879164013207,0.3789560471761531,0.3490624194081426,True,True
117719,46,44,0.6863975712808821,0.8559092834497841,0.46858172904233486,0.04222244774229211,0.04282594007875962,0.042524193910525865,True,True
92177,61,42,-0.05151435305478415,0.39167209145841425,1.1550099273951924,0.1934793202058871,0.07803600171645855,0.1357576609611728,True,True
181796,47,49,0.03549839759598816,0.30847943719343524,1.3474590688446249,0.20525754676247127,0.04580690236343424,0.12553222456295277,True,True
32901,1,62,0.1205705809730502,0.39325241912119013,1.2724383870813993,0.2684350547666793,0.20415800555628702,0.23629653016148316,True,True
362434,88,84,0.07935505980682056,0.4236362711686617,1.302459269857747,0.5352327227639823,0.044184819431562355,0.2897087710977723,True,True
549055,42,1,0.3277705194597741,0.6256545822026323,0.8551435267081607,0.09254160228179836,0.18938857038606371,0.14096508633393104,True,True
521509,1,65,0.10532246705900375,0.41072075089140647,1.2102665138704443,0.12477244464632839,0.1835320390872663,0.15415224186679735,True,True
193926,1,2,-0.09869330662237334,0.24872437157689983,1.226888858610055,0.019242588260022283,0.229286066163368,0.12426432721169514,True,True
169169,3,1,0.3310895810885085,0.420751444433593,1.3092903781470326,0.011417130062870415,-0.001439209618423129,0.004988960222223643,False,True
97679,36,3,0.1706949870018691,0.3961236523855456,1.218645627028096,0.09931241941007668,0.26729935705321356,0.18330588823164512,True,True
257370,72,1,-0.06754203569339354,0.20416538247765872,1.5019992689541528,0.21485516932654491,0.32866943199949206,0.2717623006630185,True,True
9378,1,34,0.6341962666842209,0.6963123461226588,0.861619231408363,-0.062128788765472454,0.20095126326873214,0.06941123725162984,False,True
97924,19,8,0.13328892673634035,0.33374857456179535,1.2957029288019641,0.20476269404185082,0.22101147272563182,0.21288708338374132,True,True
276055,28,1,-0.021983584923123946,0.37259971948302223,1.081587074209491,0.2079051776598826,0.3273708454831281,0.26763801157150535,True,True
575970,62,67,0.5175461741444943,0.7495890275952132,0.7002437457442805,0.08823626662093656,0.11037717911467554,0.09930672286780605,True,True
332845,62,65,-0.13080775343219922,0.2798398611937322,1.241253506843243,0.1582863824803937,0.4886911585732416,0.3234887705268176,True,True
551815,17,65,-0.18874905855408167,0.2609406811021605,1.3508933532009182,0.4216884556226588,0.113375631714676,0.2675320436686674,True,True
503755,1,43,-0.09776327326307424,0.1850691162502033,1.5151618301236258,0.5303790659678017,0.3215491190033973,0.4259640924855995,True,True
343706,77,1,0.47655197529623233,0.5977102100100862,1.032878151300762,0.22295867107741899,-0.06775445282769532,0.07760210912486183,False,True
99182,65,84,0.09853229624515313,0.3331330674590991,1.2549387939627448,0.35571300720604565,0.4751497494844954,0.41543137834527055,True,True
482275,1,61,-0.03151948712299629,0.22833896021600164,1.4505416914885751,0.364085376968603,0.3495165767734491,0.3568009768710261,True,True
88848,1,11,0.016699797625582772,0.28258664027438063,1.3310319030116675,0.261721803554612,0.31541460009151034,0.2885682018230612,True,True
27972,42,1,0.5298594311003092,0.6878339922996348,0.8783151907692167,0.04346684765210339,0.1010573806222236,0.07226211413716349,True,True
556193,1,72,0.24793892690202224,0.49666208798357236,1.044436011110176,0.28545036538464413,0.11045582314828187,0.19795309426646301,True,True
177934,8,4,-0.021987661356200283,0.21415199864717996,1.4244813569646602,0.3364583709824276,0.45080268954283387,0.39363053026263073,True,True
177489,51,67,0.6307039054624275,0.7044509065417638,0.8341278568128424,0.12993260632409143,-0.1463120403263103,-0.008189717001109431,False,True
569825,1,40,0.5035658043438342,0.7800141785677955,0.6185372328761927,-0.10405827396265549,0.027081792176714733,-0.03848824089297038,False,True
100510,1,19,0.003498603678411931,0.2621723497269337,1.5479880723058281,0.10442314077216908,0.23251980966504618,0.1684714752186076,True,True
517832,62,18,-0.2188209955756526,0.26060751682428185,1.3392078655554167,0.27603535996708944,0.5197457464347414,0.3978905532009154,True,True
453841,8,10,0.25931790588405546,0.5298974805767289,1.0584651256941482,0.18115098517242373,0.05421767047247075,0.11768432782244724,True,True
94336,17,81,-0.16347865751205404,0.34827199387387625,1.3090651306884489,0.6044575956381879,0.5082588156367958,0.5563582056374918,True,True
289222,10,1,-0.2037865037038272,0.08983599273234974,1.702655801474921,0.6061937468942518,0.15517796930534442,0.3806858580997981,True,True
163951,52,62,0.09140587038134824,0.2833150507272339,1.2809981173461749,0.44839136001360236,0.16043882123735098,0.30441509062547667,True,True
416451,84,63,0.014014912494723537,0.31176273254971115,1.3333119244180902,0.30486391772671373,0.2891651373231792,0.2970145275249465,True,True
5193,42,1,0.29479784214521737,0.5427055497038812,1.0239858377581201,0.3226483634462868,0.2644366231317969,0.2935424932890418,True,True
150265,11,1,0.21308679102959177,0.41494904590931964,1.2102434278220202,0.14273654255744841,0.4291584681913376,0.285947505374393,True,True
511599,9,1,0.19565556476298107,0.3651721926338269,1.296483102515357,0.07089332485919417,0.03723013732791888,0.054061731093556525,True,True
189752,1,59,0.36633384885880177,0.5434625355784687,1.1857428592887664,0.41381060154407334,0.2532424944320938,0.33352654798808357,True,True
18150,63,59,0.20144355081883158,0.3702315455733382,1.4565605637178176,0.08092448520917714,0.23165569696151206,0.15629009108534458,True,True
460333,1,65,-0.1303921744900222,0.32798704378646487,1.2148419021712655,0.059889137695118305,0.14070490038510028,0.10029701904010929,True,True
141671,1,4,-0.13905201053979385,0.014375051533620446,1.9204666027900763,-0.08681287737735059,0.28357616601589636,0.09838164431927288,False,True
320554,17,15,-0.21125404417283383,0.09302937856961285,1.5350837446239556,0.5345080852882336,0.49674112159329026,0.5156246034407619,True,True
429011,3,8,0.6776977230380766,0.7486727898633376,0.8293714861428012,0.10727680095413335,0.1627954059164528,0.13503610343529307,True,True
232649,70,81,0.7737932061324161,0.8907073635815368,0.4589564875764855,0.130039454072937,0.10578819185178301,0.11791382296236,True,True
155145,9,28,0.34969548571442716,0.4708075382853505,1.072427362877936,0.011669848495509644,0.15203079209482412,0.08185032029516688,True,True
512403,84,86,-0.04353060014876135,0.2653177277556116,1.2589757459282576,0.1632182775342429,0.32372881370864154,0.24347354562144222,True,True
261097,1,15,0.2260082664631201,0.5367983470326319,0.9513839806940406,-0.16855841634343388,0.008635171805253666,-0.07996162226909011,False,True
189436,72,88,0.02573871923655501,0.45018147393514163,1.136909953775831,0.00215715965932756,0.3538141360460262,0.17798564785267687,True,True
275749,1,72,0.24794713232990898,0.5707021740308832,0.8787071061422183,0.22717092786513837,0.1820616114690727,0.20461626966710555,True,True
303305,6,1,0.21488157334745175,0.44209040933657234,1.2808876772301572,0.32488691349518445,0.012089629039045112,0.16848827126711477,True,True
210030,48,61,0.10071595703357353,0.4342575148107041,1.0758288930328088,0.1440897013359636,0.4832091164564372,0.3136494088962004,True,True
491090,1,4,-0.21707969387500267,0.15537820690403226,1.6173467285256296,0.39405716523263196,0.63358918718326,0.5138231762079459,True,True
206027,59,67,0.5551342994988117,0.6951963793686115,1.0081123198081743,0.3987997386867417,0.11633150158894863,0.2575656201378452,True,True
