comparison,metric,difference,ci_low,ci_high
CS_MAP minus clip_baseline,iou,0.02979618691968741,0.022777927223741945,0.036354969449518285
CS_MAP minus clip_baseline,semantic_success,0.0,-0.019,0.02
CS_MAP minus clip_baseline,precise_wrong_object,0.031,0.019,0.044
CS_MAP minus clip_baseline,own_baseline_harm,0.0,0.0,0.0
CS_OFFICIAL_SAM minus CS_MAP,iou,0.20029303250547742,0.1803638641687381,0.21918203688457247
CS_OFFICIAL_SAM minus CS_MAP,semantic_success,0.189,0.163,0.216
CS_OFFICIAL_SAM minus CS_MAP,precise_wrong_object,0.014,-0.004,0.03102499999999986
CS_OFFICIAL_SAM minus CS_MAP,own_baseline_harm,0.295,0.266,0.3240249999999999
CS_POS3_SAM minus sam_score,iou,0.0346274892055872,0.014144819350070366,0.05368709210886206
CS_POS3_SAM minus sam_score,semantic_success,0.091,0.061975,0.122
CS_POS3_SAM minus sam_score,precise_wrong_object,-0.031,-0.05,-0.012
CS_POS3_SAM minus sam_score,own_baseline_harm,-0.005,-0.038,0.031
CS_POS3_SMART minus CS_POS3_SAM,iou,0.0352249222744589,0.023845383120001052,0.04792697602890586
CS_POS3_SMART minus CS_POS3_SAM,semantic_success,-0.014,-0.027,-0.001
CS_POS3_SMART minus CS_POS3_SAM,precise_wrong_object,0.01,-0.001,0.021
CS_POS3_SMART minus CS_POS3_SAM,own_baseline_harm,-0.072,-0.092025,-0.052
CS_POS3_CASR minus CS_POS3_SMART,iou,0.0035852535934200384,-0.006689813674490034,0.013978452289183886
CS_POS3_CASR minus CS_POS3_SMART,semantic_success,-0.019,-0.037,-0.003
CS_POS3_CASR minus CS_POS3_SMART,precise_wrong_object,-0.012,-0.023,-0.001
CS_POS3_CASR minus CS_POS3_SMART,own_baseline_harm,-0.188,-0.213,-0.16397500000000015
CS_POS3_CASR minus CS_POS3_SAM,iou,0.03881017586787893,0.023430364413163964,0.05424813673924079
CS_POS3_CASR minus CS_POS3_SAM,semantic_success,-0.033,-0.053,-0.013
CS_POS3_CASR minus CS_POS3_SAM,precise_wrong_object,-0.002,-0.016,0.012
CS_POS3_CASR minus CS_POS3_SAM,own_baseline_harm,-0.26,-0.29,-0.231
CS_POS3_CASR minus frozen_final,iou,0.03487133450595789,0.017370632389843193,0.050832216191532706
CS_POS3_CASR minus frozen_final,semantic_success,0.053,0.028,0.079
CS_POS3_CASR minus frozen_final,precise_wrong_object,-0.029,-0.047,-0.011975000000000137
CS_POS3_CASR minus frozen_final,own_baseline_harm,-0.116,-0.148025,-0.08297500000000015
CS_POS3_SAM minus frozen_final,iou,-0.003938841361921047,-0.024764771772175207,0.015182447146726605
CS_POS3_SAM minus frozen_final,semantic_success,0.086,0.057,0.114
CS_POS3_SAM minus frozen_final,precise_wrong_object,-0.027,-0.046,-0.008
CS_POS3_SAM minus frozen_final,own_baseline_harm,0.144,0.108975,0.181
CS_OFFICIAL_SAM minus sam_score,iou,0.10504278004322322,0.08438356476654184,0.12541857673832324
CS_OFFICIAL_SAM minus sam_score,semantic_success,0.097,0.066,0.128
CS_OFFICIAL_SAM minus sam_score,precise_wrong_object,-0.018,-0.038,0.002
CS_OFFICIAL_SAM minus sam_score,own_baseline_harm,-0.116,-0.149,-0.08
CS_OFFICIAL_SAM minus frozen_final,iou,0.06647644947571496,0.04733562764259745,0.08652258204481761
CS_OFFICIAL_SAM minus frozen_final,semantic_success,0.092,0.064,0.12
CS_OFFICIAL_SAM minus frozen_final,precise_wrong_object,-0.014,-0.033,0.005
CS_OFFICIAL_SAM minus frozen_final,own_baseline_harm,0.033,-0.002,0.067
