sent_id,frame,image_id,split,strict_nonoverlap,candidate_oracle,naive_accuracy,smart_accuracy,naive_regret,smart_regret,no_candidate_at_05
35634751,clip_crop,356347,combined,True,0.1220875840869604,0.0,1.0,0.017888898264485795,0.0,1.0
35634750,clip_crop,356347,combined,True,0.8797915891328619,0.0,0.0,0.43574895494938265,0.43574895494938265,0.0
20758532,clip_crop,207585,combined,True,0.170657986514764,0.0,0.0,0.1292974618023881,0.1292974618023881,1.0
20758588,clip_crop,207585,combined,True,0.2797186400937866,0.0,0.0,0.13805755503015632,0.13805755503015632,1.0
24875239,clip_crop,248752,combined,True,0.0717444717444717,0.0,0.0,0.024277100706559994,0.024277100706559994,1.0
24875201,clip_crop,248752,combined,True,0.7633714060653801,1.0,0.0,0.0,0.24516095625515644,0.0
22718752,clip_crop,227187,combined,True,0.3859432799013563,0.0,1.0,0.0681427207214868,0.0,1.0
22718716,clip_crop,227187,combined,True,0.0900508351488743,0.0,1.0,0.018179707515664903,0.0,1.0
11004264,clip_crop,110042,combined,True,0.439847836424156,0.0,0.0,0.23085023869539428,0.23085023869539428,1.0
11004270,clip_crop,110042,combined,True,0.9569377990430622,1.0,0.0,0.0,0.06916050456720313,0.0
30440401,clip_crop,304404,combined,True,0.0527747151782432,0.0,1.0,0.0363071479124176,0.0,1.0
30440428,clip_crop,304404,combined,True,0.9510791366906476,0.0,0.0,0.002361187972698797,0.002361187972698797,0.0
33982301,clip_crop,339823,combined,True,0.9535563494641116,0.0,0.0,0.5977796125398337,0.5977796125398337,0.0
33982328,clip_crop,339823,combined,True,0.950171553337492,1.0,1.0,0.0,0.0,0.0
46717601,clip_crop,467176,combined,True,0.1109880149058314,0.0,1.0,0.013995285229691304,0.0,1.0
46717684,clip_crop,467176,combined,True,0.6235554462748955,1.0,0.0,0.0,0.11344578212136569,0.0
34502708,clip_crop,345027,combined,True,0.5555555555555556,0.0,0.0,0.017580872011251802,0.017580872011251802,0.0
34502704,clip_crop,345027,combined,True,0.67109375,0.0,1.0,0.37198355150581797,0.0,0.0
26994203,clip_crop,269942,combined,True,0.1614035087719298,0.0,1.0,0.0917057820669586,0.0,1.0
26994210,clip_crop,269942,combined,True,0.3833876221498371,0.0,0.0,0.01711621240016653,0.008121097629581242,1.0
12540534,clip_crop,125405,combined,True,0.2555066079295154,0.0,0.0,0.1024754131090328,0.1903620490512427,1.0
12540518,clip_crop,125405,combined,True,0.9153127086579124,0.0,0.0,0.017426566168257995,0.017426566168257995,0.0
31972101,clip_crop,319721,combined,True,0.2669728881917992,0.0,0.0,0.21865796720172792,0.2502244530708383,1.0
31972119,clip_crop,319721,combined,True,0.916978997242062,0.0,1.0,0.6122842618997524,0.0,0.0
14733808,clip_crop,147338,combined,True,0.8686855993968334,0.0,0.0,0.028328000418544774,0.028328000418544774,0.0
14733803,clip_crop,147338,combined,True,0.2930737650642299,0.0,1.0,0.07065112041319618,0.0,1.0
57180470,clip_crop,571804,combined,True,0.0003929659102072,0.0,0.0,0.0003929659102072,0.0003929659102072,1.0
57180486,clip_crop,571804,combined,True,0.2602858380251191,0.0,0.0,0.09906187299554853,0.09906187299554853,1.0
15182062,clip_crop,151820,combined,True,0.7824868651488617,1.0,1.0,0.0,0.0,0.0
15182001,clip_crop,151820,combined,True,0.0129778672032193,0.0,0.0,0.0125309398289177,0.0118562071463352,1.0
11299777,clip_crop,112997,combined,True,0.9710689369175975,0.0,1.0,0.49113134245608914,0.0,0.0
11299701,clip_crop,112997,combined,True,0.0058462245869872,0.0,0.0,0.0033082849795909998,0.0033082849795909998,1.0
22690302,clip_crop,226903,combined,True,0.1690317195325542,1.0,1.0,0.0,0.0,1.0
22690367,clip_crop,226903,combined,True,0.3356608059224363,1.0,1.0,0.0,0.0,1.0
13968417,clip_crop,139684,combined,True,0.8767897513187641,1.0,1.0,0.0,0.0,0.0
13968463,clip_crop,139684,combined,True,0.0125824510836428,0.0,0.0,0.0117451459181141,0.005573945033565001,1.0
19287151,clip_crop,192871,combined,True,0.9087163772557032,1.0,1.0,0.0,0.0,0.0
19287153,clip_crop,192871,combined,True,0.739267109753907,0.0,0.0,0.0037568297278580687,0.39760648196489906,0.0
17623286,clip_crop,176232,combined,True,0.4728490832157969,1.0,0.0,0.0,0.11596237847413138,1.0
17623284,clip_crop,176232,combined,True,0.2328767123287671,0.0,0.0,0.044484704716968915,0.1971113332157485,1.0
24811179,clip_crop,248111,combined,True,0.1344997996527314,1.0,0.0,0.0,0.002391815735442504,1.0
24811182,clip_crop,248111,combined,True,0.974242669690588,1.0,1.0,0.0,0.0,0.0
27643401,clip_crop,276434,combined,True,0.8604792235365484,0.0,0.0,0.05554754456686095,0.05554754456686095,0.0
27643455,clip_crop,276434,combined,True,0.4960513326752221,0.0,1.0,0.2960513326752221,0.0,1.0
32294401,clip_crop,322944,combined,True,0.6905339805825242,0.0,0.0,0.5384399908127033,0.5384399908127033,0.0
32294488,clip_crop,322944,combined,True,0.5262681904135493,1.0,1.0,0.0,0.0,0.0
13729479,clip_crop,137294,combined,True,0.3417334304442826,0.0,1.0,0.18990314758238583,0.0,1.0
13729401,clip_crop,137294,combined,True,0.8941994838999214,1.0,1.0,0.0,0.0,0.0
49926677,clip_crop,499266,combined,True,0.9857033102849316,1.0,1.0,0.0,0.0,0.0
49926601,clip_crop,499266,combined,True,0.0010261245770702,1.0,1.0,0.0,0.0,1.0
34535667,clip_crop,345356,combined,True,0.3666837256908904,0.0,0.0,0.06383873765579334,0.06383873765579334,1.0
34535601,clip_crop,345356,combined,True,0.4608607251779058,0.0,1.0,0.2528430841058715,0.0,1.0
27884806,clip_crop,278848,combined,True,0.690437890974084,1.0,0.0,0.0,0.1521623482227722,0.0
27884828,clip_crop,278848,combined,True,0.9201505845056468,1.0,1.0,0.0,0.0,0.0
32133301,clip_crop,321333,combined,True,0.5069505894442383,1.0,0.0,0.0,0.3190556107012761,0.0
32133388,clip_crop,321333,combined,True,0.896166909267346,1.0,1.0,0.0,0.0,0.0
11790844,clip_crop,117908,combined,True,0.1224079559881506,1.0,1.0,0.0,0.0,1.0
11790801,clip_crop,117908,combined,True,0.8490398631091958,0.0,1.0,0.12338521172306349,0.0,0.0
10176202,clip_crop,101762,combined,True,0.9629629629629628,1.0,1.0,0.0,0.0,0.0
10176217,clip_crop,101762,combined,True,0.6929046563192904,1.0,1.0,0.0,0.0,0.0
8281227,clip_crop,82812,combined,True,0.1803551609322974,0.0,0.0,0.04189994318373538,0.026710693181904194,1.0
8281207,clip_crop,82812,combined,True,0.7902294365537693,0.0,1.0,0.0014712266866545587,0.0,0.0
5459235,clip_crop,54592,combined,True,0.2558177379983726,0.0,1.0,0.2211433739355908,0.0,1.0
5459201,clip_crop,54592,combined,True,0.6363234253361642,0.0,0.0,0.22811181854579704,0.22811181854579704,0.0
2769601,clip_crop,27696,combined,True,0.0,1.0,1.0,0.0,0.0,1.0
2769649,clip_crop,27696,combined,True,0.1438072982203846,0.0,0.0,0.0350781582974065,0.1173499769157351,1.0
2055388,clip_crop,20553,combined,True,0.5504640371229699,0.0,1.0,0.17349518868054775,0.0,0.0
2055344,clip_crop,20553,combined,True,0.290193842645382,0.0,1.0,0.058752794610447495,0.0,1.0
1595619,clip_crop,15956,combined,True,0.8544181554804442,0.0,1.0,0.07285404663023576,0.0,0.0
1595601,clip_crop,15956,combined,True,0.0,1.0,1.0,0.0,0.0,1.0
2033332,clip_crop,20333,combined,True,0.1731965174129353,0.0,0.0,0.03147832671980158,0.03147832671980158,1.0
2033301,clip_crop,20333,combined,True,0.9504335447133428,1.0,1.0,0.0,0.0,0.0
34717401,clip_crop,347174,combined,True,0.5617478941034898,0.0,0.0,0.2148216331806016,0.06081238206656825,0.0
34717465,clip_crop,347174,combined,True,0.1217517578722103,1.0,0.0,0.0,0.008592586643605307,1.0
11606838,clip_crop,116068,combined,True,0.8665450928381963,0.0,1.0,0.5150607841019792,0.0,0.0
11606801,clip_crop,116068,combined,True,0.4127130741456041,1.0,1.0,0.0,0.0,1.0
56970064,clip_crop,569700,combined,True,0.5625251792764483,0.0,1.0,0.4437721467679573,0.0,0.0
56970086,clip_crop,569700,combined,True,0.2135648203772678,0.0,1.0,0.2135648203772678,0.0,1.0
35309676,clip_crop,353096,combined,True,0.9058216129606552,0.0,1.0,0.03687464908671212,0.0,0.0
35309672,clip_crop,353096,combined,True,0.8857340216679997,1.0,1.0,0.0,0.0,0.0
39311501,clip_crop,393115,combined,True,0.4613227701620082,1.0,1.0,0.0,0.0,1.0
39311541,clip_crop,393115,combined,True,0.1635527702940143,1.0,0.0,0.0,0.05925374445750439,1.0
40942455,clip_crop,409424,combined,True,0.5808170515097691,1.0,0.0,0.0,0.14671749801216705,0.0
40942467,clip_crop,409424,combined,True,0.1417363583671441,1.0,0.0,0.0,0.033230439674024795,1.0
15627851,clip_crop,156278,combined,True,0.0478113390405427,0.0,0.0,0.03845428226022091,0.03845428226022091,1.0
15627849,clip_crop,156278,combined,True,0.0346969195097714,1.0,1.0,0.0,0.0,1.0
45614357,clip_crop,456143,combined,True,0.6907801418439716,1.0,1.0,0.0,0.0,0.0
45614354,clip_crop,456143,combined,True,0.6292650918635171,0.0,1.0,0.299378336570558,0.0,0.0
3162062,clip_crop,31620,combined,True,0.2339202299676608,1.0,1.0,0.0,0.0,1.0
3162001,clip_crop,31620,combined,True,0.0113031914893617,1.0,1.0,0.0,0.0,1.0
757444,clip_crop,7574,combined,True,0.0331350892098555,0.0,1.0,0.0261605613983844,0.0,1.0
757479,clip_crop,7574,combined,True,0.0002395783421178,0.0,1.0,0.0002395783421178,0.0,1.0
4906001,clip_crop,49060,combined,True,0.0092348284960422,0.0,1.0,0.002819506102848101,0.0,1.0
4906007,clip_crop,49060,combined,True,0.8966551794040137,1.0,1.0,0.0,0.0,0.0
12739462,clip_crop,127394,combined,True,0.3519195612431444,0.0,1.0,0.06998287595450381,0.0,1.0
12739450,clip_crop,127394,combined,True,0.391046741277156,0.0,1.0,0.010123664354079076,0.0,1.0
28787401,clip_crop,287874,combined,True,0.0,1.0,1.0,0.0,0.0,1.0
28787407,clip_crop,287874,combined,True,0.8667879522943198,1.0,1.0,0.0,0.0,0.0
33179952,clip_crop,331799,combined,True,0.0586675505469008,0.0,1.0,0.053661292724623,0.0,1.0
33179953,clip_crop,331799,combined,True,0.2543956043956044,0.0,1.0,0.22440713842097929,0.0,1.0
17448202,clip_crop,174482,combined,True,0.8454278523489933,0.0,1.0,0.13803302830637765,0.0,0.0
17448203,clip_crop,174482,combined,True,0.520242914979757,1.0,1.0,0.0,0.0,0.0
30371362,clip_crop,303713,combined,True,0.0045019696117051,0.0,0.0,0.0039874339801127005,0.0017102331516270003,1.0
30371301,clip_crop,303713,combined,True,0.0760739714244755,1.0,0.0,0.0,0.024834222960711604,1.0
24334417,clip_crop,243344,combined,True,0.8871191135734072,1.0,0.0,0.0,0.09424934339073188,0.0
24334482,clip_crop,243344,combined,True,0.9226151167677252,0.0,1.0,0.1683394172451531,0.0,0.0
11340365,clip_crop,113403,combined,True,0.4301889101962544,1.0,0.0,0.0,0.0080897765504655,1.0
11340388,clip_crop,113403,combined,True,0.6915379595388297,0.0,1.0,0.2870093290141182,0.0,0.0
47625841,clip_crop,476258,combined,True,0.7840412862246924,0.0,0.0,0.7412302371965976,0.19517618986494933,0.0
47625801,clip_crop,476258,combined,True,0.9207106598984772,1.0,1.0,0.0,0.0,0.0
49299221,clip_crop,492992,combined,True,0.9379516331053088,0.0,0.0,0.036496517815405194,0.036496517815405194,0.0
49299216,clip_crop,492992,combined,True,0.8652365236523653,1.0,1.0,0.0,0.0,0.0
21472063,clip_crop,214720,combined,True,0.5239114019632519,0.0,0.0,0.004502174411297966,0.004502174411297966,0.0
21472064,clip_crop,214720,combined,True,0.4216767788196359,0.0,0.0,0.0641425322442935,0.01541919938718378,1.0
46512901,clip_crop,465129,combined,True,0.7209986806048919,0.0,0.0,0.6391656200484271,0.6391656200484271,0.0
46512979,clip_crop,465129,combined,True,0.2329941081949652,0.0,0.0,0.06927810162442319,0.06927810162442319,1.0
52870588,clip_crop,528705,combined,True,0.9389446835644828,0.0,0.0,0.6033112084782275,0.5037611341174277,0.0
52870501,clip_crop,528705,combined,True,0.0,1.0,1.0,0.0,0.0,1.0
13254401,clip_crop,132544,combined,True,0.295030813636009,0.0,1.0,0.16816333402686753,0.0,1.0
13254428,clip_crop,132544,combined,True,0.7315043156596794,1.0,0.0,0.0,0.05091920927670068,0.0
35609401,clip_crop,356094,combined,True,0.7529388967833613,1.0,0.0,0.0,0.32240873224954053,0.0
35609439,clip_crop,356094,combined,True,0.6795454545454546,1.0,1.0,0.0,0.0,0.0
781601,clip_crop,7816,combined,True,0.4741472172351885,1.0,0.0,0.0,0.2528073679173307,1.0
781604,clip_crop,7816,combined,True,0.7466733366683341,0.0,0.0,0.029194441810314165,0.029194441810314165,0.0
19738835,clip_crop,197388,combined,True,0.0044979759108401,0.0,1.0,0.0004355533198071998,0.0,1.0
19738801,clip_crop,197388,combined,True,0.0070801411724197,1.0,0.0,0.0,0.0051791311176798,1.0
45784804,clip_crop,457848,combined,True,0.6904152784388387,0.0,1.0,0.4938754018843675,0.0,0.0
45784801,clip_crop,457848,combined,True,0.1038989566172432,1.0,1.0,0.0,0.0,1.0
21222608,clip_crop,212226,combined,True,0.7787279375773805,1.0,1.0,0.0,0.0,0.0
21222601,clip_crop,212226,combined,True,0.4917506874427131,1.0,0.0,0.0,0.34487674706868154,1.0
11108609,clip_crop,111086,combined,True,0.9658850574712644,1.0,1.0,0.0,0.0,0.0
11108603,clip_crop,111086,combined,True,0.532098395080246,0.0,0.0,0.06182038709410875,0.06182038709410875,0.0
38452784,clip_crop,384527,combined,True,0.0002459117176933,0.0,0.0,0.0002459117176933,0.0002459117176933,1.0
38452762,clip_crop,384527,combined,True,0.8995508054522925,0.0,1.0,0.5122767750310135,0.0,0.0
6110818,clip_crop,61108,combined,True,0.6833941605839416,1.0,1.0,0.0,0.0,0.0
6110802,clip_crop,61108,combined,True,0.724322837893579,0.0,1.0,0.3124202104885725,0.0,0.0
24502661,clip_crop,245026,combined,True,0.8799591929267739,0.0,0.0,0.009023892893250673,0.009023892893250673,0.0
24502601,clip_crop,245026,combined,True,0.8794162142920708,0.0,1.0,0.5783016870053683,0.0,0.0
31098076,clip_crop,310980,combined,True,0.6847482816273454,0.0,0.0,0.027121162983277602,0.027121162983277602,0.0
31098073,clip_crop,310980,combined,True,0.1500507831293099,1.0,1.0,0.0,0.0,1.0
13556180,clip_crop,135561,combined,True,0.5574433656957929,0.0,0.0,0.49111058884548686,0.49111058884548686,0.0
13556182,clip_crop,135561,combined,True,0.484676118516003,0.0,0.0,0.10738504460612408,0.10738504460612408,1.0
54714473,clip_crop,547144,combined,True,0.8275684047496128,0.0,0.0,0.6136440171031805,0.6136440171031805,0.0
54714476,clip_crop,547144,combined,True,0.7147405284941102,1.0,0.0,0.0,0.5476307065619532,0.0
57932118,clip_crop,579321,combined,True,0.907088506207449,0.0,0.0,0.3155420452882943,0.08821351456809379,0.0
57932101,clip_crop,579321,combined,True,0.0035993858390596,1.0,0.0,0.0,0.0026168952253539,1.0
39538801,clip_crop,395388,combined,True,0.0109974918001157,1.0,1.0,0.0,0.0,1.0
39538820,clip_crop,395388,combined,True,0.5145964510589582,0.0,0.0,0.16002373741577985,0.16002373741577985,0.0
24320454,clip_crop,243204,combined,True,0.4952520087655223,0.0,0.0,0.2564355240878189,0.2564355240878189,1.0
24320450,clip_crop,243204,combined,True,0.7121831561733443,1.0,0.0,0.0,0.4237471058088645,0.0
58041084,clip_crop,580410,combined,True,0.163868752384586,0.0,0.0,0.04822614438887901,0.04822614438887901,1.0
58041031,clip_crop,580410,combined,True,0.3969434118133003,1.0,1.0,0.0,0.0,1.0
8964862,clip_crop,89648,combined,True,0.0714480594775254,0.0,1.0,0.044306883821498305,0.0,1.0
8964801,clip_crop,89648,combined,True,0.2266114531684193,1.0,0.0,0.0,0.0985860817780004,1.0
37549317,clip_crop,375493,combined,True,0.231524989320803,0.0,1.0,0.0937815758041936,0.0,1.0
37549311,clip_crop,375493,combined,True,0.9012345679012346,1.0,1.0,0.0,0.0,0.0
355341,clip_crop,3553,combined,True,0.7240746405628633,1.0,0.0,0.0,0.2955828129254191,0.0
355301,clip_crop,3553,combined,True,0.9367489339707972,0.0,1.0,0.1047951828211453,0.0,0.0
35661206,clip_crop,356612,combined,True,0.0,1.0,1.0,0.0,0.0,1.0
35661208,clip_crop,356612,combined,True,0.8068715608643136,1.0,1.0,0.0,0.0,0.0
30717259,clip_crop,307172,combined,True,0.9103876306620208,0.0,1.0,0.6931555007504651,0.0,0.0
30717201,clip_crop,307172,combined,True,0.4946679265658747,0.0,0.0,0.21089646956280644,0.2475569348969685,1.0
46580647,clip_crop,465806,combined,True,0.7599866844207723,1.0,0.0,0.0,0.4230992919778243,0.0
46580651,clip_crop,465806,combined,True,0.0312140501572206,0.0,0.0,0.0168165103193677,0.0168165103193677,1.0
18432401,clip_crop,184324,combined,True,0.0698269558859371,0.0,0.0,0.0451583255472037,0.0367143731044802,1.0
18432403,clip_crop,184324,combined,True,0.4460028050490883,0.0,1.0,0.14608998900724002,0.0,1.0
51352442,clip_crop,513524,combined,True,0.768719806763285,1.0,0.0,0.0,0.010396040976832666,0.0
51352401,clip_crop,513524,combined,True,0.6637768144937202,0.0,1.0,0.2350329388990316,0.0,0.0
57915833,clip_crop,579158,combined,True,0.0,1.0,1.0,0.0,0.0,1.0
57915805,clip_crop,579158,combined,True,0.8834381551362683,1.0,1.0,0.0,0.0,0.0
214953,clip_crop,2149,combined,True,0.2521637250085037,0.0,1.0,0.2521637250085037,0.0,1.0
214951,clip_crop,2149,combined,True,0.3406525116519938,0.0,0.0,0.1681556211047301,0.1681556211047301,1.0
19684306,clip_crop,196843,combined,True,0.945873360190063,1.0,1.0,0.0,0.0,0.0
19684302,clip_crop,196843,combined,True,0.5272503082614056,0.0,0.0,0.4484866669681094,0.4484866669681094,0.0
30023350,clip_crop,300233,combined,True,0.0010831669092509,1.0,1.0,0.0,0.0,1.0
30023351,clip_crop,300233,combined,True,0.3086637816832995,0.0,1.0,0.0506151614467687,0.0,1.0
37851501,clip_crop,378515,combined,True,0.6204218822438572,1.0,1.0,0.0,0.0,0.0
37851502,clip_crop,378515,combined,True,0.0,1.0,1.0,0.0,0.0,1.0
49328605,clip_crop,493286,combined,True,0.660602301702157,0.0,1.0,0.44031133692420904,0.0,0.0
49328603,clip_crop,493286,combined,True,0.8701945285633629,0.0,1.0,0.2016079725586407,0.0,0.0
47229801,clip_crop,472298,combined,True,0.6935946462715105,1.0,1.0,0.0,0.0,0.0
47229809,clip_crop,472298,combined,True,0.6691214249015243,0.0,0.0,0.0015826471029819489,0.0015826471029819489,0.0
1036303,clip_crop,10363,combined,True,0.8137371191341093,0.0,0.0,0.0869569046549078,0.0869569046549078,0.0
1036317,clip_crop,10363,combined,True,0.9242310577644413,1.0,1.0,0.0,0.0,0.0
21112008,clip_crop,211120,combined,True,0.5891708363116511,0.0,1.0,0.4461339989351911,0.0,0.0
21112088,clip_crop,211120,combined,True,0.7725280898876404,0.0,1.0,0.5251571240953039,0.0,0.0
29663456,clip_crop,296634,combined,True,0.9570164348925412,1.0,1.0,0.0,0.0,0.0
29663451,clip_crop,296634,combined,True,0.1786650223523971,0.0,1.0,0.10713015295228419,0.0,1.0
28326858,clip_crop,283268,combined,True,0.9485955970068324,1.0,1.0,0.0,0.0,0.0
28326801,clip_crop,283268,combined,True,0.0540326414197433,0.0,1.0,0.0512973760338756,0.0,1.0
977272,clip_crop,9772,combined,True,0.7679882525697503,0.0,0.0,0.1658005726618632,0.1658005726618632,0.0
977201,clip_crop,9772,combined,True,0.0594017987868646,1.0,1.0,0.0,0.0,1.0
18980617,clip_crop,189806,combined,True,0.9277320799059928,1.0,1.0,0.0,0.0,0.0
18980618,clip_crop,189806,combined,True,0.9125573394495412,1.0,1.0,0.0,0.0,0.0
18038372,clip_crop,180383,combined,True,0.9252055660974068,1.0,0.0,0.0,0.12315670872940043,0.0
18038321,clip_crop,180383,combined,True,0.7906697809481724,1.0,1.0,0.0,0.0,0.0
50578901,clip_crop,505789,combined,True,0.0014877546349279,0.0,1.0,0.0003935538988292999,0.0,1.0
50578964,clip_crop,505789,combined,True,0.5414201183431953,1.0,0.0,0.0,0.06660439352747044,0.0
12753001,clip_crop,127530,combined,True,0.8980459840966529,1.0,1.0,0.0,0.0,0.0
12753043,clip_crop,127530,combined,True,0.5948632974316487,0.0,0.0,1.3512023923301086e-05,1.3512023923301086e-05,0.0
47641501,clip_crop,476415,combined,True,0.9685623192704086,1.0,1.0,0.0,0.0,0.0
47641532,clip_crop,476415,combined,True,0.947797223898612,1.0,0.0,0.0,0.0035033365152935536,0.0
51328349,clip_crop,513283,combined,True,0.0,1.0,1.0,0.0,0.0,1.0
51328344,clip_crop,513283,combined,True,0.2106046511627907,1.0,1.0,0.0,0.0,1.0
23678418,clip_crop,236784,combined,True,0.9012479652740096,1.0,1.0,0.0,0.0,0.0
23678463,clip_crop,236784,combined,True,0.6618042364072972,0.0,1.0,0.47879109181680185,0.0,0.0
30670059,clip_crop,306700,combined,True,0.9336586026970252,1.0,1.0,0.0,0.0,0.0
30670001,clip_crop,306700,combined,True,0.4496400287976962,1.0,1.0,0.0,0.0,1.0
16241540,clip_crop,162415,combined,True,0.9291323125245388,1.0,1.0,0.0,0.0,0.0
16241501,clip_crop,162415,combined,True,0.7608587501435077,0.0,0.0,0.532763000565481,0.5051045687717108,0.0
7420967,clip_crop,74209,combined,True,0.8584480761806718,0.0,0.0,0.03781971990636768,0.03781971990636768,0.0
7420982,clip_crop,74209,combined,True,0.0877796901893287,0.0,0.0,0.0386066339824978,0.0191610592904983,1.0
34733567,clip_crop,347335,combined,True,0.256277887828401,0.0,1.0,0.09314411813725429,0.0,1.0
34733547,clip_crop,347335,combined,True,0.9364562118126272,1.0,1.0,0.0,0.0,0.0
17233003,clip_crop,172330,combined,True,0.9643005973051813,1.0,1.0,0.0,0.0,0.0
17233017,clip_crop,172330,combined,True,0.8456123885499766,1.0,1.0,0.0,0.0,0.0
46612501,clip_crop,466125,combined,True,0.0441700721676375,0.0,0.0,0.0077474252148787975,0.016135476283354797,1.0
46612584,clip_crop,466125,combined,True,0.0,1.0,1.0,0.0,0.0,1.0
29416273,clip_crop,294162,combined,True,0.989979140251135,0.0,1.0,0.49300969148383217,0.0,0.0
29416274,clip_crop,294162,combined,True,0.952705775352433,1.0,1.0,0.0,0.0,0.0
7922918,clip_crop,79229,combined,True,0.390388413429888,0.0,1.0,0.07019402898064392,0.0,1.0
7922919,clip_crop,79229,combined,True,0.8393260735566057,1.0,1.0,0.0,0.0,0.0
21322486,clip_crop,213224,combined,True,0.6515538033395176,1.0,0.0,0.0,0.34696036539372593,0.0
21322462,clip_crop,213224,combined,True,0.3501535761298815,1.0,1.0,0.0,0.0,1.0
56334901,clip_crop,563349,combined,True,0.7101526922046612,0.0,1.0,0.006091926794202451,0.0,0.0
56334936,clip_crop,563349,combined,True,0.419194205522861,0.0,0.0,0.1940774692240161,0.1940774692240161,1.0
36346172,clip_crop,363461,combined,True,0.8078280397818415,0.0,0.0,0.07565323783959765,0.07565323783959765,0.0
36346173,clip_crop,363461,combined,True,0.7736829087311402,1.0,1.0,0.0,0.0,0.0
6486818,clip_crop,64868,combined,True,0.7394392523364486,1.0,1.0,0.0,0.0,0.0
6486879,clip_crop,64868,combined,True,0.8216094948617745,0.0,1.0,0.45248544497615717,0.0,0.0
23977339,clip_crop,239773,combined,True,0.2672521957340025,0.0,1.0,0.21104501886720428,0.0,1.0
23977340,clip_crop,239773,combined,True,0.1439613526570048,0.0,1.0,0.1009109221526998,0.0,1.0
39322608,clip_crop,393226,combined,True,0.8454049844236761,0.0,1.0,0.13792397916359422,0.0,0.0
39322603,clip_crop,393226,combined,True,0.0,1.0,1.0,0.0,0.0,1.0
3413933,clip_crop,34139,combined,True,0.9666650057302308,1.0,0.0,0.0,0.14443173042558022,0.0
3413901,clip_crop,34139,combined,True,0.8096460663854759,0.0,0.0,0.40629263759873885,0.40629263759873885,0.0
11643909,clip_crop,116439,combined,True,0.8983592880978866,0.0,0.0,0.0002737835635552299,0.0002737835635552299,0.0
11643962,clip_crop,116439,combined,True,0.0152291917973462,1.0,0.0,0.0,0.0024779790461335015,1.0
12159141,clip_crop,121591,combined,True,0.0004577240940877,1.0,1.0,0.0,0.0,1.0
12159101,clip_crop,121591,combined,True,0.0298772686347912,0.0,0.0,0.0298772686347912,0.0298772686347912,1.0
15637209,clip_crop,156372,combined,True,0.252826546557588,0.0,1.0,0.10581441366270203,0.0,1.0
15637262,clip_crop,156372,combined,True,0.6083192170148692,1.0,1.0,0.0,0.0,0.0
26010547,clip_crop,260105,combined,True,0.0114455277660025,0.0,1.0,0.0109827790385616,0.0,1.0
26010548,clip_crop,260105,combined,True,0.4014379868184541,1.0,1.0,0.0,0.0,1.0
4419501,clip_crop,44195,combined,True,0.8304137722742374,1.0,0.0,0.0,0.4198484339980558,0.0
4419536,clip_crop,44195,combined,True,0.3890189955763726,0.0,0.0,0.2539397947485449,0.2539397947485449,1.0
28093079,clip_crop,280930,combined,True,0.571085577087978,0.0,1.0,0.12982234613187882,0.0,0.0
28093001,clip_crop,280930,combined,True,0.8533108344000931,1.0,1.0,0.0,0.0,0.0
22467538,clip_crop,224675,combined,True,0.005664877757901,0.0,0.0,0.0010772878978935006,0.0001822522752756,1.0
22467531,clip_crop,224675,combined,True,0.4205960854092527,0.0,0.0,0.25571595631750543,0.25571595631750543,1.0
40234651,clip_crop,402346,combined,True,0.9601063829787234,0.0,0.0,0.5301150260210743,0.5178591089073872,0.0
40234686,clip_crop,402346,combined,True,0.0003292994154935,1.0,0.0,0.0,0.00017392340554949997,1.0
6681750,clip_crop,66817,combined,True,0.0785932721712538,0.0,0.0,0.04848834441209329,0.04848834441209329,1.0
6681767,clip_crop,66817,combined,True,0.0,1.0,1.0,0.0,0.0,1.0
53607344,clip_crop,536073,combined,True,0.7520476545048399,1.0,1.0,0.0,0.0,0.0
53607347,clip_crop,536073,combined,True,0.9592797783933518,1.0,1.0,0.0,0.0,0.0
48399967,clip_crop,483999,combined,True,0.0716906576347728,0.0,1.0,0.033434240085174594,0.0,1.0
48399901,clip_crop,483999,combined,True,0.2219800390042445,0.0,1.0,0.12489209150321921,0.0,1.0
40543275,clip_crop,405432,combined,True,0.0463470319634703,1.0,1.0,0.0,0.0,1.0
40543260,clip_crop,405432,combined,True,0.1742290316244353,1.0,0.0,0.0,0.17284508540063148,1.0
13364509,clip_crop,133645,combined,True,0.6562809099901088,0.0,0.0,0.04747328701817988,0.04747328701817988,0.0
13364515,clip_crop,133645,combined,True,0.5032835820895523,0.0,0.0,0.12490520371117386,0.12490520371117386,0.0
29163404,clip_crop,291634,combined,True,0.5497664193459741,0.0,0.0,0.010418191083557793,0.010418191083557793,0.0
29163402,clip_crop,291634,combined,True,0.5497057669674382,0.0,0.0,0.10144713507816633,0.10144713507816633,0.0
18977562,clip_crop,189775,combined,True,0.0121686509241597,0.0,1.0,0.0041637248157854,0.0,1.0
18977501,clip_crop,189775,combined,True,0.0154930433197642,1.0,0.0,0.0,0.0099860984504012,1.0
24912962,clip_crop,249129,combined,True,0.2026143790849673,0.0,1.0,0.1113933901848664,0.0,1.0
24912967,clip_crop,249129,combined,True,0.4223194748358862,1.0,1.0,0.0,0.0,1.0
48158219,clip_crop,481582,combined,True,0.8788845960020157,1.0,1.0,0.0,0.0,0.0
48158201,clip_crop,481582,combined,True,0.3389158219479947,1.0,1.0,0.0,0.0,1.0
37226003,clip_crop,372260,combined,True,0.8952897916301874,0.0,1.0,0.017013626282781913,0.0,0.0
37226085,clip_crop,372260,combined,True,0.6526181353767561,0.0,0.0,0.037972277033418766,0.037972277033418766,0.0
19955101,clip_crop,199551,combined,True,0.8670474689777428,0.0,0.0,0.5689656492527386,0.5689656492527386,0.0
19955165,clip_crop,199551,combined,True,0.9632665069558274,0.0,0.0,0.013015895962082191,0.013015895962082191,0.0
7187701,clip_crop,71877,combined,True,0.9077009136677232,0.0,1.0,0.6810214510957463,0.0,0.0
7187741,clip_crop,71877,combined,True,0.5202086049543677,1.0,1.0,0.0,0.0,0.0
50047862,clip_crop,500478,combined,True,0.0,1.0,1.0,0.0,0.0,1.0
50047801,clip_crop,500478,combined,True,0.4974967190006319,1.0,1.0,0.0,0.0,1.0
35014867,clip_crop,350148,combined,True,0.0465408805031446,0.0,0.0,0.0029758323470490053,0.0029758323470490053,1.0
35014803,clip_crop,350148,combined,True,0.5261976047904192,0.0,0.0,0.0004944040144735373,0.0004944040144735373,0.0
22613067,clip_crop,226130,combined,True,0.0684994964753272,0.0,1.0,0.0131644838808688,0.0,1.0
22613058,clip_crop,226130,combined,True,0.1934955899736307,0.0,0.0,0.027672690043355208,0.027672690043355208,1.0
12577862,clip_crop,125778,combined,True,0.5982166981896785,1.0,1.0,0.0,0.0,0.0
12577863,clip_crop,125778,combined,True,0.7023184425236287,1.0,1.0,0.0,0.0,0.0
40356501,clip_crop,403565,combined,True,0.7707736389684814,0.0,0.0,0.056948135612776674,0.056948135612776674,0.0
40356527,clip_crop,403565,combined,True,0.0529087261785356,0.0,1.0,0.0529087261785356,0.0,1.0
8424101,clip_crop,84241,combined,True,0.3342150303407499,0.0,0.0,0.3053708296501142,0.21969246356150518,1.0
8424179,clip_crop,84241,combined,True,0.0,1.0,1.0,0.0,0.0,1.0
11229844,clip_crop,112298,combined,True,0.4236626317844592,1.0,1.0,0.0,0.0,1.0
11229801,clip_crop,112298,combined,True,0.9707165986203012,1.0,1.0,0.0,0.0,0.0
23182267,clip_crop,231822,combined,True,0.1722007085770783,0.0,0.0,0.07378264810084861,0.07378264810084861,1.0
23182256,clip_crop,231822,combined,True,0.2550403225806452,0.0,1.0,0.24520195293904298,0.0,1.0
43661746,clip_crop,436617,combined,True,0.2696214219759926,0.0,0.0,0.26583672895664867,0.1450072244451284,1.0
43661731,clip_crop,436617,combined,True,0.2722937529804483,0.0,0.0,0.04951486186488388,0.04951486186488388,1.0
43447962,clip_crop,434479,combined,True,0.0,1.0,1.0,0.0,0.0,1.0
43447959,clip_crop,434479,combined,True,0.7771385692846423,1.0,1.0,0.0,0.0,0.0
1622801,clip_crop,16228,combined,True,0.000605815831987,0.0,0.0,0.000605815831987,0.000605815831987,1.0
1622828,clip_crop,16228,combined,True,0.811949069539667,1.0,0.0,0.0,0.05194906953966694,0.0
21038801,clip_crop,210388,combined,True,0.4508435136707388,1.0,1.0,0.0,0.0,1.0
21038833,clip_crop,210388,combined,True,0.8673684210526316,1.0,1.0,0.0,0.0,0.0
1070727,clip_crop,10707,combined,True,0.0233463035019455,0.0,1.0,0.012717428391228101,0.0,1.0
1070767,clip_crop,10707,combined,True,0.7042117930204573,1.0,1.0,0.0,0.0,0.0
8846206,clip_crop,88462,combined,True,0.9184408104494498,1.0,0.0,0.0,0.15322521317278381,0.0
8846203,clip_crop,88462,combined,True,0.432300163132137,0.0,0.0,0.12881757606746036,0.12881757606746036,1.0
45171401,clip_crop,451714,combined,True,0.8990522841017996,0.0,1.0,0.5532899354464905,0.0,0.0
45171435,clip_crop,451714,combined,True,0.0070216500877706,0.0,0.0,0.0070216500877706,0.0070216500877706,1.0
34793063,clip_crop,347930,combined,True,0.9128798842257596,0.0,0.0,0.11755907801715737,0.11755907801715737,0.0
34793018,clip_crop,347930,combined,True,0.8548329989378024,1.0,0.0,0.0,0.05025624721645772,0.0
34192115,clip_crop,341921,combined,True,0.8176303317535545,0.0,0.0,0.006688905115240118,0.006688905115240118,0.0
34192101,clip_crop,341921,combined,True,0.2110504336652746,0.0,0.0,0.0713503547386764,0.020799126530850587,1.0
18261161,clip_crop,182611,combined,True,0.5139251523063534,1.0,0.0,0.0,0.1526269281789805,0.0
18261167,clip_crop,182611,combined,True,0.0699520511454448,1.0,1.0,0.0,0.0,1.0
28472503,clip_crop,284725,combined,True,0.8755629296041716,1.0,1.0,0.0,0.0,0.0
28472506,clip_crop,284725,combined,True,0.9371715428661072,1.0,1.0,0.0,0.0,0.0
2560359,clip_crop,25603,combined,True,0.1360955258236225,1.0,1.0,0.0,0.0,1.0
2560362,clip_crop,25603,combined,True,0.1087397086763774,1.0,1.0,0.0,0.0,1.0
44931203,clip_crop,449312,combined,True,0.0927219014368202,0.0,0.0,0.021350250874015195,0.021350250874015195,1.0
44931201,clip_crop,449312,combined,True,0.8218360003062553,1.0,0.0,0.0,0.044891693463144366,0.0
17911201,clip_crop,179112,combined,True,0.9546221504218272,1.0,1.0,0.0,0.0,0.0
17911277,clip_crop,179112,combined,True,0.6634753470560076,1.0,0.0,0.0,0.5019761988447641,0.0
15352933,clip_crop,153529,combined,True,0.6459464896399115,1.0,0.0,0.0,0.21591802664180904,0.0
15352901,clip_crop,153529,combined,True,0.6048832538287723,0.0,1.0,0.5658349771007919,0.0,0.0
37527833,clip_crop,375278,combined,True,0.870555193339686,0.0,0.0,0.01582055139130356,0.01582055139130356,0.0
37527817,clip_crop,375278,combined,True,0.7929224055638893,0.0,1.0,0.047857969040719484,0.0,0.0
24696301,clip_crop,246963,combined,True,0.3357942973523422,0.0,0.0,0.2627542522310788,0.3267363263378495,1.0
24696304,clip_crop,246963,combined,True,0.1174549069734412,0.0,1.0,0.1142539132321007,0.0,1.0
25964001,clip_crop,259640,combined,True,0.2548485879550867,0.0,0.0,0.1887458926963813,0.1887458926963813,1.0
25964008,clip_crop,259640,combined,True,0.8886539351087028,0.0,1.0,0.0401888795894344,0.0,0.0
17786101,clip_crop,177861,combined,True,0.3482840021790448,0.0,0.0,0.016486767156003335,0.02196044563966093,1.0
17786128,clip_crop,177861,combined,True,0.6234498308906427,1.0,0.0,0.0,0.07087046581127754,0.0
52839951,clip_crop,528399,combined,True,0.6165389269866882,0.0,1.0,0.23755858941926172,0.0,0.0
52839967,clip_crop,528399,combined,True,0.0,1.0,1.0,0.0,0.0,1.0
55432801,clip_crop,554328,combined,True,0.3941704363052677,1.0,1.0,0.0,0.0,1.0
55432840,clip_crop,554328,combined,True,0.3781176470588235,0.0,0.0,0.2136916871013808,0.1785501834038914,1.0
9733763,clip_crop,97337,combined,True,0.0013850415512465,0.0,0.0,0.0013850415512465,0.0013850415512465,1.0
9733701,clip_crop,97337,combined,True,0.0,1.0,1.0,0.0,0.0,1.0
51256406,clip_crop,512564,combined,True,0.5623145400593472,1.0,1.0,0.0,0.0,0.0
51256408,clip_crop,512564,combined,True,0.3020009306654257,1.0,1.0,0.0,0.0,1.0
29208201,clip_crop,292082,combined,True,0.4084737981242211,0.0,0.0,0.2709912156811185,0.2709912156811185,1.0
29208262,clip_crop,292082,combined,True,0.4491964748574391,0.0,1.0,0.16232620599813347,0.0,1.0
53509421,clip_crop,535094,combined,True,0.7810386473429952,1.0,0.0,0.0,0.10903864734299518,0.0
53509401,clip_crop,535094,combined,True,0.0,1.0,1.0,0.0,0.0,1.0
32379901,clip_crop,323799,combined,True,0.2203497459945291,0.0,0.0,0.004494595517406524,0.004494595517406524,1.0
32379934,clip_crop,323799,combined,True,0.3355018587360595,1.0,1.0,0.0,0.0,1.0
29016301,clip_crop,290163,combined,True,0.3238794349905461,0.0,1.0,0.17632575367895792,0.0,1.0
29016351,clip_crop,290163,combined,True,0.0206076056936477,0.0,0.0,0.0206076056936477,0.0206076056936477,1.0
28843001,clip_crop,288430,combined,True,0.5010893246187363,0.0,0.0,0.49937596037765597,0.04665192366786475,0.0
28843038,clip_crop,288430,combined,True,0.0036732552037782,0.0,1.0,0.0022480605430440998,0.0,1.0
2150376,clip_crop,21503,combined,True,0.4558823529411764,0.0,0.0,0.03562091503267972,0.03562091503267972,1.0
2150354,clip_crop,21503,combined,True,0.7846053489889107,0.0,1.0,0.4774615263341391,0.0,0.0
25640785,clip_crop,256407,combined,True,0.2515452294187521,1.0,1.0,0.0,0.0,1.0
25640747,clip_crop,256407,combined,True,0.2990170719089498,0.0,0.0,0.011335734313670742,0.06958155611447592,1.0
1422673,clip_crop,14226,combined,True,0.9462272333044232,0.0,1.0,0.06471757853555249,0.0,0.0
1422662,clip_crop,14226,combined,True,0.1991572004397215,0.0,0.0,0.004326953526141292,0.011358596985109298,1.0
18724301,clip_crop,187243,combined,True,0.0150838848699399,1.0,0.0,0.0,0.0015696716456868997,1.0
18724370,clip_crop,187243,combined,True,0.9103426192763368,0.0,0.0,0.0220351785567946,0.0220351785567946,0.0
31118087,clip_crop,311180,combined,True,0.4515073212747631,0.0,1.0,0.1871153702686389,0.0,1.0
31118001,clip_crop,311180,combined,True,0.9471225950207824,1.0,1.0,0.0,0.0,0.0
45030367,clip_crop,450303,combined,True,0.3033432296372789,0.0,0.0,0.05710986331153389,0.0017781450209155003,1.0
45030362,clip_crop,450303,combined,True,0.24375,1.0,0.0,0.0,0.019624906924795293,1.0
36588601,clip_crop,365886,combined,True,0.7658805770705996,1.0,0.0,0.0,0.198081187580451,0.0
36588677,clip_crop,365886,combined,True,0.9534250718282172,1.0,1.0,0.0,0.0,0.0
49880701,clip_crop,498807,combined,True,0.014847568070747,0.0,0.0,0.0146448465341178,0.0110274604131676,1.0
49880742,clip_crop,498807,combined,True,0.8613829093281148,0.0,1.0,0.5772219814556974,0.0,0.0
17300449,clip_crop,173004,combined,True,0.3319578175149014,0.0,0.0,0.21998870554578948,0.2804687733523616,1.0
17300462,clip_crop,173004,combined,True,0.518978102189781,0.0,0.0,0.07089067049579201,0.07089067049579201,0.0
18595001,clip_crop,185950,combined,True,0.870870522777327,0.0,1.0,0.819840878061328,0.0,0.0
18595041,clip_crop,185950,combined,True,0.3245331616226658,0.0,1.0,0.058609594743684934,0.0,1.0
51199907,clip_crop,511999,combined,True,0.926876167454126,0.0,1.0,0.048870529291503706,0.0,0.0
51199901,clip_crop,511999,combined,True,0.7746697746697747,1.0,1.0,0.0,0.0,0.0
8015318,clip_crop,80153,combined,True,0.9042200094831674,0.0,0.0,0.6178028333984797,0.0906392418745634,0.0
8015301,clip_crop,80153,combined,True,0.0015877704748541,0.0,1.0,0.0002034958347655999,0.0,1.0
36412601,clip_crop,364126,combined,True,0.7977272727272727,0.0,1.0,0.746367070399203,0.0,0.0
36412642,clip_crop,364126,combined,True,0.2658592848904267,0.0,0.0,0.2586215690869739,0.2586215690869739,1.0
35407281,clip_crop,354072,combined,True,0.8704616763783057,1.0,0.0,0.0,0.4628995288955399,0.0
35407264,clip_crop,354072,combined,True,0.4268230494645589,1.0,0.0,0.0,0.008773476694274307,1.0
27601888,clip_crop,276018,combined,True,0.6800670016750419,1.0,0.0,0.0,0.10174984957148203,0.0
27601801,clip_crop,276018,combined,True,0.2186838709677419,0.0,0.0,0.0315760999907527,0.03094994566896289,1.0
5628872,clip_crop,56288,combined,True,0.9275841701122268,1.0,1.0,0.0,0.0,0.0
5628876,clip_crop,56288,combined,True,0.0,1.0,1.0,0.0,0.0,1.0
56409101,clip_crop,564091,combined,True,0.7582281740921968,1.0,1.0,0.0,0.0,0.0
56409131,clip_crop,564091,combined,True,0.0051448383849681,0.0,0.0,0.0051448383849681,0.0051448383849681,1.0
676332,clip_crop,6763,combined,True,0.8785046728971962,1.0,0.0,0.0,0.7584061160510154,0.0
676301,clip_crop,6763,combined,True,0.3371691224409962,0.0,0.0,0.13925701602577484,0.13925701602577484,1.0
18687309,clip_crop,186873,combined,True,0.7383097383097383,1.0,0.0,0.0,0.11529789397809709,0.0
18687301,clip_crop,186873,combined,True,0.000376151965394,1.0,1.0,0.0,0.0,1.0
38091301,clip_crop,380913,combined,True,0.3644244734931009,1.0,1.0,0.0,0.0,1.0
38091331,clip_crop,380913,combined,True,0.518943343760862,1.0,1.0,0.0,0.0,0.0
12837206,clip_crop,128372,combined,True,0.94074540562203,0.0,0.0,0.004297449593174019,0.004297449593174019,0.0
12837201,clip_crop,128372,combined,True,0.0791679974449057,1.0,1.0,0.0,0.0,1.0
35642444,clip_crop,356424,combined,True,0.1444005270092226,1.0,1.0,0.0,0.0,1.0
35642447,clip_crop,356424,combined,True,0.4913470533208606,0.0,0.0,0.19388450364186338,0.19388450364186338,1.0
6158419,clip_crop,61584,combined,True,0.6941778630838131,0.0,1.0,0.16281101638667972,0.0,0.0
6158401,clip_crop,61584,combined,True,0.0522224781206817,0.0,0.0,0.009616440673222794,0.0013637376067687987,1.0
25013728,clip_crop,250137,combined,True,0.7186754595201347,0.0,1.0,0.06694690638313083,0.0,0.0
25013731,clip_crop,250137,combined,True,0.5481061373303626,1.0,0.0,0.0,0.26695871332579574,0.0
18461101,clip_crop,184611,combined,True,0.0005949345571987,0.0,0.0,0.00045503528467500005,0.0004598997857451,1.0
18461102,clip_crop,184611,combined,True,0.5957759657799759,0.0,1.0,0.39139392806460493,0.0,0.0
413432,clip_crop,4134,combined,True,0.1132902377561082,0.0,0.0,0.031080977821729805,0.05054020918141401,1.0
413401,clip_crop,4134,combined,True,0.7413927309741931,0.0,1.0,0.6284177659214546,0.0,0.0
21360506,clip_crop,213605,combined,True,0.8746449984222152,0.0,0.0,0.041891558599346346,0.041891558599346346,0.0
21360503,clip_crop,213605,combined,True,0.5875379939209726,0.0,0.0,0.4456387154427276,0.4456387154427276,0.0
37543051,clip_crop,375430,combined,True,0.0002575328354365,0.0,0.0,0.0002575328354365,0.0002575328354365,1.0
37543067,clip_crop,375430,combined,True,0.2258117214621196,0.0,0.0,0.0030080748409676006,0.0030080748409676006,1.0
41940815,clip_crop,419408,combined,True,0.7572440437862202,0.0,0.0,0.006759234477881515,0.006759234477881515,0.0
41940801,clip_crop,419408,combined,True,0.7001349527665317,1.0,1.0,0.0,0.0,0.0
728101,clip_crop,7281,combined,True,0.2542502680349211,0.0,1.0,0.18424026660614562,0.0,1.0
728119,clip_crop,7281,combined,True,0.7426073540755979,0.0,0.0,0.07047969450112979,0.07047969450112979,0.0
36709501,clip_crop,367095,combined,True,0.1990862522497577,0.0,1.0,0.18281718693884652,0.0,1.0
36709572,clip_crop,367095,combined,True,0.0040637699281025,0.0,0.0,7.122268296010006e-05,7.122268296010006e-05,1.0
43429757,clip_crop,434297,combined,True,0.8410274210343631,1.0,0.0,0.0,0.008406572629233278,0.0
43429754,clip_crop,434297,combined,True,0.7107969151670951,0.0,1.0,0.03773924210942203,0.0,0.0
40057360,clip_crop,400573,combined,True,0.9227674979887368,1.0,1.0,0.0,0.0,0.0
40057301,clip_crop,400573,combined,True,0.6899653090068097,1.0,1.0,0.0,0.0,0.0
36890072,clip_crop,368900,combined,True,0.7623305451398904,0.0,1.0,0.32676112236297933,0.0,0.0
36890082,clip_crop,368900,combined,True,0.06049666338475,0.0,0.0,0.025794083910777005,0.025794083910777005,1.0
43420415,clip_crop,434204,combined,True,0.0024559967253376,0.0,0.0,0.001634828842126,0.001634828842126,1.0
43420401,clip_crop,434204,combined,True,0.026084754347459,1.0,1.0,0.0,0.0,1.0
21359303,clip_crop,213593,combined,True,0.4094117647058823,0.0,0.0,0.02205161955922369,0.02205161955922369,1.0
21359313,clip_crop,213593,combined,True,0.9594337054179144,0.0,0.0,0.0032411689116947917,0.0032411689116947917,0.0
6044973,clip_crop,60449,combined,True,0.9604160647211788,1.0,1.0,0.0,0.0,0.0
6044962,clip_crop,60449,combined,True,0.1546726636681659,0.0,1.0,0.0775950839543824,0.0,1.0
11967761,clip_crop,119677,combined,True,0.9576104746317512,1.0,0.0,0.0,0.7521823847827608,0.0
11967748,clip_crop,119677,combined,True,0.0108823760509153,1.0,1.0,0.0,0.0,1.0
1645142,clip_crop,16451,combined,True,0.3633980073413739,0.0,0.0,0.311482760772229,0.1537671399556835,1.0
1645162,clip_crop,16451,combined,True,0.131551901336074,0.0,0.0,0.094660982177713,0.08087985832532141,1.0
57854562,clip_crop,578545,combined,True,0.3450799152705565,0.0,0.0,0.13971173586034988,0.1845918814836021,1.0
57854501,clip_crop,578545,combined,True,0.7252040326452233,0.0,1.0,0.28716110980413995,0.0,0.0
49695455,clip_crop,496954,combined,True,0.6812627291242362,0.0,0.0,0.25441551099058896,0.25441551099058896,0.0
49695448,clip_crop,496954,combined,True,0.7268722466960352,1.0,1.0,0.0,0.0,0.0
39713367,clip_crop,397133,combined,True,0.0676138308798356,0.0,0.0,0.014683620942249509,0.014683620942249509,1.0
39713301,clip_crop,397133,combined,True,0.8988416988416988,1.0,1.0,0.0,0.0,0.0
12158684,clip_crop,121586,combined,True,0.2382058353897518,0.0,1.0,0.128572008013989,0.0,1.0
12158672,clip_crop,121586,combined,True,0.9553431798436144,0.0,0.0,0.0067171344433754054,0.0067171344433754054,0.0
2776801,clip_crop,27768,combined,True,0.0514763669024362,0.0,0.0,0.0190182947357413,0.016129726309144,1.0
2776806,clip_crop,27768,combined,True,0.9638760242251514,0.0,1.0,0.17644383878316006,0.0,0.0
49290576,clip_crop,492905,combined,True,0.0416463116756228,0.0,0.0,0.008506840590359999,0.0207215286794844,1.0
49290572,clip_crop,492905,combined,True,0.0101209253417455,0.0,1.0,0.0101209253417455,0.0,1.0
17802881,clip_crop,178028,combined,True,0.5425383542538355,1.0,1.0,0.0,0.0,0.0
17802847,clip_crop,178028,combined,True,0.0,1.0,1.0,0.0,0.0,1.0
52171762,clip_crop,521717,combined,True,0.2616279069767442,0.0,1.0,0.2494333659392556,0.0,1.0
52171701,clip_crop,521717,combined,True,0.0114375862748964,0.0,0.0,0.0076829551487558,0.0070421712960117,1.0
1151115,clip_crop,11511,combined,True,0.7655464408573697,0.0,1.0,0.11314155930675951,0.0,0.0
1151131,clip_crop,11511,combined,True,0.817899637868598,1.0,1.0,0.0,0.0,0.0
57246227,clip_crop,572462,combined,True,0.2701949860724233,0.0,0.0,0.20207945847734182,0.20207945847734182,1.0
57246215,clip_crop,572462,combined,True,0.0,1.0,1.0,0.0,0.0,1.0
41451003,clip_crop,414510,combined,True,0.6664935064935065,0.0,1.0,0.1516472710746305,0.0,0.0
41451008,clip_crop,414510,combined,True,0.9573434125269978,1.0,1.0,0.0,0.0,0.0
6082301,clip_crop,60823,combined,True,0.4140711902113459,1.0,0.0,0.0,0.057686685189825115,1.0
6082321,clip_crop,60823,combined,True,0.7507085643869378,1.0,1.0,0.0,0.0,0.0
42416218,clip_crop,424162,combined,True,0.913978494623656,1.0,1.0,0.0,0.0,0.0
42416201,clip_crop,424162,combined,True,0.0018241517694272,0.0,0.0,0.0003808899978234,0.0003808899978234,1.0
55559714,clip_crop,555597,combined,True,0.1131760781510602,0.0,0.0,0.0264005951397345,0.0264005951397345,1.0
55559708,clip_crop,555597,combined,True,0.0008890469416785,1.0,0.0,0.0,0.0006711820179313001,1.0
19324501,clip_crop,193245,combined,True,0.0079201101928374,0.0,1.0,0.0024499356682216996,0.0,1.0
19324538,clip_crop,193245,combined,True,0.0361900097943192,0.0,1.0,0.024311066576653603,0.0,1.0
45707872,clip_crop,457078,combined,True,0.9404296875,0.0,1.0,0.32095626474788874,0.0,0.0
45707801,clip_crop,457078,combined,True,0.0041020382002307,0.0,0.0,0.0029996542950357996,0.0029996542950357996,1.0
15471801,clip_crop,154718,combined,True,8.712319219376198e-05,0.0,1.0,4.792441519560433e-05,0.0,1.0
15471870,clip_crop,154718,combined,True,0.7006437768240343,0.0,0.0,0.40531107420656354,0.40531107420656354,0.0
26306801,clip_crop,263068,combined,True,0.0034086831718693,0.0,0.0,0.0024446233230339,0.0024446233230339,1.0
26306841,clip_crop,263068,combined,True,0.0,1.0,1.0,0.0,0.0,1.0
21422444,clip_crop,214224,combined,True,0.5676248821866164,1.0,1.0,0.0,0.0,0.0
21422484,clip_crop,214224,combined,True,0.0,1.0,1.0,0.0,0.0,1.0
56782554,clip_crop,567825,combined,True,0.9694320712694876,0.0,1.0,0.17695715488152775,0.0,0.0
56782546,clip_crop,567825,combined,True,0.8490596627756161,0.0,0.0,0.19052307740976238,0.19052307740976238,0.0
54697604,clip_crop,546976,combined,True,0.6604488211343623,0.0,0.0,0.5790744992537114,0.5232144744270336,0.0
54697601,clip_crop,546976,combined,True,0.8191502463054188,1.0,1.0,0.0,0.0,0.0
10785101,clip_crop,107851,combined,True,0.0008241645032348,1.0,0.0,0.0,0.0008241645032348,1.0
10785122,clip_crop,107851,combined,True,0.6885017421602787,0.0,1.0,0.03998689067513017,0.0,0.0
49976811,clip_crop,499768,combined,True,0.2774061687105165,1.0,1.0,0.0,0.0,1.0
49976803,clip_crop,499768,combined,True,0.6947658402203857,0.0,0.0,0.17377818589939797,0.17377818589939797,0.0
36868473,clip_crop,368684,combined,True,0.9504769921436588,1.0,1.0,0.0,0.0,0.0
36868465,clip_crop,368684,combined,True,0.7084241569431978,0.0,0.0,0.014151137935545344,0.014151137935545344,0.0
45629217,clip_crop,456292,combined,True,0.7497546614327772,0.0,0.0,0.013293704253935945,0.013293704253935945,0.0
45629244,clip_crop,456292,combined,True,0.1302736602052451,0.0,0.0,0.12427510216631221,0.1075926687018395,1.0
33374506,clip_crop,333745,combined,True,0.604263346538389,1.0,1.0,0.0,0.0,0.0
33374501,clip_crop,333745,combined,True,0.0023091611528042,1.0,1.0,0.0,0.0,1.0
3425756,clip_crop,34257,combined,True,0.6954863318499682,0.0,1.0,0.20179769229877614,0.0,0.0
3425757,clip_crop,34257,combined,True,0.8208457307726986,0.0,1.0,0.7000242923345368,0.0,0.0
10042832,clip_crop,100428,combined,True,0.2849364791288566,1.0,1.0,0.0,0.0,1.0
10042801,clip_crop,100428,combined,True,0.8816700054634857,0.0,0.0,0.6550566747005574,0.698831848772582,0.0
2692611,clip_crop,26926,combined,True,0.962170463271052,1.0,1.0,0.0,0.0,0.0
2692603,clip_crop,26926,combined,True,0.0313045163791432,0.0,1.0,0.0294771979689103,0.0,1.0
9165450,clip_crop,91654,combined,True,0.2594675665541807,0.0,0.0,0.04248210366206137,0.12815738271992339,1.0
9165467,clip_crop,91654,combined,True,0.0081337894336754,0.0,0.0,0.0044072260238699,0.0065985927930469,1.0
19977147,clip_crop,199771,combined,True,0.9288199936728884,1.0,1.0,0.0,0.0,0.0
19977151,clip_crop,199771,combined,True,0.5224619738238415,0.0,0.0,0.3504312133567381,0.3504312133567381,0.0
32954261,clip_crop,329542,combined,True,0.3104697812863983,1.0,1.0,0.0,0.0,1.0
32954247,clip_crop,329542,combined,True,0.1047265002655337,1.0,1.0,0.0,0.0,1.0
41368928,clip_crop,413689,combined,True,0.9408560311284048,1.0,1.0,0.0,0.0,0.0
41368901,clip_crop,413689,combined,True,0.6376323387872955,1.0,1.0,0.0,0.0,0.0
9885362,clip_crop,98853,combined,True,0.0610094287298946,0.0,0.0,0.045839277028377604,0.045839277028377604,1.0
9885343,clip_crop,98853,combined,True,0.2974217311233886,0.0,0.0,0.2074432828475266,0.103807600688606,1.0
40524967,clip_crop,405249,combined,True,0.561282932416953,0.0,1.0,0.02040603177125422,0.0,0.0
40524901,clip_crop,405249,combined,True,0.3217987612185564,0.0,1.0,0.1159511063386024,0.0,1.0
22318262,clip_crop,223182,combined,True,0.0305266929415979,0.0,1.0,0.0006003836655671009,0.0,1.0
22318243,clip_crop,223182,combined,True,0.3310358808027569,0.0,0.0,0.14218650310400152,0.14218650310400152,1.0
35153062,clip_crop,351530,combined,True,0.3725743855109961,0.0,0.0,0.13025085397425748,0.13025085397425748,1.0
35153015,clip_crop,351530,combined,True,0.0954864807323823,0.0,0.0,0.03306626117659991,0.03306626117659991,1.0
44396928,clip_crop,443969,combined,True,0.9071379071379072,1.0,1.0,0.0,0.0,0.0
44396901,clip_crop,443969,combined,True,0.2742132974164319,1.0,1.0,0.0,0.0,1.0
18154201,clip_crop,181542,combined,True,0.2909073652239939,1.0,1.0,0.0,0.0,1.0
18154208,clip_crop,181542,combined,True,0.4828134945894334,0.0,1.0,0.3173233776067792,0.0,1.0
35983301,clip_crop,359833,combined,True,0.8607556977209116,0.0,1.0,0.11022673046650355,0.0,0.0
35983353,clip_crop,359833,combined,True,0.633900659951372,0.0,1.0,0.35900469840163873,0.0,0.0
2303401,clip_crop,23034,combined,True,0.8554641598119859,1.0,1.0,0.0,0.0,0.0
2303419,clip_crop,23034,combined,True,0.7579560735096369,1.0,1.0,0.0,0.0,0.0
3693672,clip_crop,36936,combined,True,0.4253493503309635,1.0,1.0,0.0,0.0,1.0
3693663,clip_crop,36936,combined,True,0.0,1.0,1.0,0.0,0.0,1.0
18438467,clip_crop,184384,combined,True,0.1200828157349896,1.0,1.0,0.0,0.0,1.0
18438401,clip_crop,184384,combined,True,0.1055776892430278,1.0,0.0,0.0,0.03362834158377999,1.0
52083228,clip_crop,520832,combined,True,0.0519909380639711,0.0,0.0,0.0473257003890247,0.0473257003890247,1.0
52083231,clip_crop,520832,combined,True,0.1422018348623853,1.0,1.0,0.0,0.0,1.0
28905943,clip_crop,289059,combined,True,0.8670422535211267,1.0,1.0,0.0,0.0,0.0
28905901,clip_crop,289059,combined,True,0.6390103092783506,0.0,0.0,0.4165139078800367,0.4165139078800367,0.0
31549201,clip_crop,315492,combined,True,0.7285987565758011,0.0,1.0,0.6657430834896036,0.0,0.0
31549270,clip_crop,315492,combined,True,0.4861776631035753,0.0,0.0,0.0248419864779163,0.04633752848010031,1.0
39427501,clip_crop,394275,combined,True,0.0598336826448516,0.0,0.0,0.0016338402078769007,0.0016338402078769007,1.0
39427506,clip_crop,394275,combined,True,0.9608864475802632,1.0,1.0,0.0,0.0,0.0
41571663,clip_crop,415716,combined,True,0.2246023601847101,0.0,0.0,0.10576355401161881,0.10576355401161881,1.0
41571662,clip_crop,415716,combined,True,0.628731343283582,0.0,0.0,0.39414275060563725,0.39414275060563725,0.0
45526757,clip_crop,455267,combined,True,0.189516129032258,0.0,0.0,0.1256601366116043,0.1256601366116043,1.0
45526779,clip_crop,455267,combined,True,0.6466490040231577,1.0,1.0,0.0,0.0,0.0
19487504,clip_crop,194875,combined,True,0.8005395112662647,0.0,1.0,0.07110963548327287,0.0,0.0
19487501,clip_crop,194875,combined,True,0.3314624759461193,0.0,0.0,0.273979981238417,0.273979981238417,1.0
38136042,clip_crop,381360,combined,True,0.000453491887534,0.0,0.0,0.00037696713177551213,0.00018933762144270001,1.0
38136001,clip_crop,381360,combined,True,0.9505571030640668,1.0,1.0,0.0,0.0,0.0
1058367,clip_crop,10583,combined,True,0.2592545719167247,1.0,0.0,0.0,0.2449275036166744,1.0
1058354,clip_crop,10583,combined,True,0.8475972256626207,1.0,1.0,0.0,0.0,0.0
32945631,clip_crop,329456,combined,True,0.2797783933518005,0.0,1.0,0.054831698255851685,0.0,1.0
32945601,clip_crop,329456,combined,True,0.2897193042879283,1.0,1.0,0.0,0.0,1.0
33552915,clip_crop,335529,combined,True,0.4969285897107755,0.0,0.0,0.14715661784712863,0.14715661784712863,1.0
33552909,clip_crop,335529,combined,True,0.0060709082078678,0.0,0.0,0.003913512091180901,0.0010247721063684004,1.0
45108401,clip_crop,451084,combined,True,0.795021186440678,1.0,1.0,0.0,0.0,0.0
45108441,clip_crop,451084,combined,True,0.0927487352445193,0.0,1.0,0.0875642645428073,0.0,1.0
45870214,clip_crop,458702,combined,True,0.8056756756756757,0.0,1.0,0.43734234234234237,0.0,0.0
45870203,clip_crop,458702,combined,True,0.0835614095107766,0.0,1.0,0.05416620734837101,0.0,1.0
49962201,clip_crop,499622,combined,True,0.04724209993034,0.0,1.0,0.0116485425630702,0.0,1.0
49962204,clip_crop,499622,combined,True,0.6836589394543487,1.0,1.0,0.0,0.0,0.0
45810901,clip_crop,458109,combined,True,0.0667896678966789,0.0,0.0,0.044841405972669196,0.044841405972669196,1.0
45810907,clip_crop,458109,combined,True,0.8903689385662661,1.0,1.0,0.0,0.0,0.0
19219159,clip_crop,192191,combined,True,0.6815211928296196,1.0,1.0,0.0,0.0,0.0
19219179,clip_crop,192191,combined,True,0.8859711834579851,1.0,1.0,0.0,0.0,0.0
7856501,clip_crop,78565,combined,True,0.0010577657636481,1.0,0.0,0.0,0.0010577657636481,1.0
7856509,clip_crop,78565,combined,True,0.609008145663632,0.0,0.0,0.061730208700881306,0.061730208700881306,0.0
11851515,clip_crop,118515,combined,True,0.8017908467831085,0.0,1.0,0.5739801958955346,0.0,0.0
11851517,clip_crop,118515,combined,True,0.913666772857598,1.0,1.0,0.0,0.0,0.0
51107615,clip_crop,511076,combined,True,0.0979423868312757,0.0,1.0,0.08675392338025639,0.0,1.0
51107631,clip_crop,511076,combined,True,0.4479405034324942,0.0,0.0,0.3426425776827255,0.3426425776827255,1.0
45208467,clip_crop,452084,combined,True,0.0001252086811352,0.0,1.0,0.0001252086811352,0.0,1.0
45208458,clip_crop,452084,combined,True,0.9294636296840558,1.0,0.0,0.0,0.6179251681455944,0.0
44746536,clip_crop,447465,combined,True,0.0,1.0,1.0,0.0,0.0,1.0
44746501,clip_crop,447465,combined,True,0.3849765258215962,0.0,1.0,0.07681394604329589,0.0,1.0
2620408,clip_crop,26204,combined,True,0.6851372345934749,0.0,0.0,0.042835523862526204,0.28716587421161327,0.0
2620406,clip_crop,26204,combined,True,0.9053571428571427,1.0,1.0,0.0,0.0,0.0
35397017,clip_crop,353970,combined,True,0.8695441532702048,0.0,1.0,0.41616650325223864,0.0,0.0
35397062,clip_crop,353970,combined,True,0.6977092699636053,0.0,0.0,0.2933241995985227,0.2942666031322177,0.0
24863173,clip_crop,248631,combined,True,0.9714552881539446,0.0,1.0,0.5289634330843425,0.0,0.0
24863174,clip_crop,248631,combined,True,0.9176470588235294,0.0,1.0,0.07943442400072509,0.0,0.0
34959401,clip_crop,349594,combined,True,0.9217534458826948,0.0,1.0,0.7152710078661659,0.0,0.0
34959460,clip_crop,349594,combined,True,0.9041000694927032,1.0,0.0,0.0,0.5525817987773147,0.0
25221901,clip_crop,252219,combined,True,0.8073231425524351,1.0,1.0,0.0,0.0,0.0
25221910,clip_crop,252219,combined,True,0.3922452660054102,1.0,1.0,0.0,0.0,1.0
13232982,clip_crop,132329,combined,True,0.4325921579311356,0.0,1.0,0.04226545368335172,0.0,1.0
13232944,clip_crop,132329,combined,True,0.4274453600859907,0.0,0.0,0.0037956202690160312,0.0037956202690160312,1.0
43500372,clip_crop,435003,combined,True,0.0226881102814474,0.0,0.0,0.006824141439422202,0.0054484008383482024,1.0
43500362,clip_crop,435003,combined,True,0.7398225786851379,0.0,1.0,0.2815098011814379,0.0,0.0
16329024,clip_crop,163290,combined,True,0.7116256863213177,0.0,0.0,0.03888629507492802,0.03888629507492802,0.0
16329025,clip_crop,163290,combined,True,0.2514709644410335,0.0,0.0,0.0807929284074756,0.0807929284074756,1.0
23934701,clip_crop,239347,combined,True,0.166137662102113,1.0,1.0,0.0,0.0,1.0
23934765,clip_crop,239347,combined,True,0.5142004928024899,1.0,1.0,0.0,0.0,0.0
959001,clip_crop,9590,combined,True,0.2584809130263675,1.0,1.0,0.0,0.0,1.0
959051,clip_crop,9590,combined,True,0.2088091353996737,0.0,1.0,0.1752022577130774,0.0,1.0
16258143,clip_crop,162581,combined,True,0.0049295620357995,1.0,0.0,0.0,0.0034623204499809,1.0
16258101,clip_crop,162581,combined,True,0.0119712852306562,0.0,0.0,0.0036346017072437006,0.0050579174739150004,1.0
49012516,clip_crop,490125,combined,True,0.3658021712907117,1.0,1.0,0.0,0.0,1.0
49012508,clip_crop,490125,combined,True,0.9296040226272784,1.0,1.0,0.0,0.0,0.0
31356201,clip_crop,313562,combined,True,0.8701131023085266,1.0,1.0,0.0,0.0,0.0
31356257,clip_crop,313562,combined,True,0.6041818623875517,0.0,1.0,0.23054380764399607,0.0,0.0
40272001,clip_crop,402720,combined,True,0.2001350236291351,1.0,1.0,0.0,0.0,1.0
40272044,clip_crop,402720,combined,True,0.035563973063973,0.0,1.0,0.035563973063973,0.0,1.0
26188802,clip_crop,261888,combined,True,0.5661815661815662,0.0,0.0,0.19876140112953894,0.060376494381993995,0.0
26188801,clip_crop,261888,combined,True,0.0015426292422304,0.0,0.0,0.0005085442086226999,0.0005085442086226999,1.0
22984901,clip_crop,229849,combined,True,0.0446668200291388,0.0,0.0,0.015749124240230398,0.015749124240230398,1.0
22984943,clip_crop,229849,combined,True,0.0,1.0,1.0,0.0,0.0,1.0
47506460,clip_crop,475064,combined,True,0.9353194825558604,0.0,0.0,0.0012662623476074053,0.0012662623476074053,0.0
47506401,clip_crop,475064,combined,True,0.0029437085173151,0.0,1.0,0.0029437085173151,0.0,1.0
18185981,clip_crop,181859,combined,True,0.2781150932244371,0.0,0.0,0.12392260111825071,0.1211012461443649,1.0
18185917,clip_crop,181859,combined,True,0.8918470670391061,1.0,1.0,0.0,0.0,0.0
46100953,clip_crop,461009,combined,True,0.905425219941349,1.0,1.0,0.0,0.0,0.0
46100962,clip_crop,461009,combined,True,0.0156701489219826,0.0,0.0,0.0097366489033238,0.0030370195315452993,1.0
50797501,clip_crop,507975,combined,True,0.1890091590341382,1.0,1.0,0.0,0.0,1.0
50797519,clip_crop,507975,combined,True,0.3817427385892116,0.0,1.0,0.19778721023343848,0.0,1.0
18714401,clip_crop,187144,combined,True,0.0374882849109653,0.0,1.0,0.0264911572950441,0.0,1.0
18714406,clip_crop,187144,combined,True,0.9393395549174444,1.0,1.0,0.0,0.0,0.0
15268643,clip_crop,152686,combined,True,0.0111764139127083,1.0,1.0,0.0,0.0,1.0
15268601,clip_crop,152686,combined,True,0.9032493610806864,1.0,1.0,0.0,0.0,0.0
11587001,clip_crop,115870,combined,True,0.3523011059579022,1.0,0.0,0.0,0.2734439631007594,1.0
11587063,clip_crop,115870,combined,True,0.6017210018189451,0.0,1.0,0.25863007990316605,0.0,0.0
3261073,clip_crop,32610,combined,True,0.489538563264535,0.0,0.0,0.3145114802255826,0.3145114802255826,1.0
3261027,clip_crop,32610,combined,True,0.7880278107512294,0.0,1.0,0.09701581775837131,0.0,0.0
53006167,clip_crop,530061,combined,True,0.8692384769539078,1.0,1.0,0.0,0.0,0.0
53006151,clip_crop,530061,combined,True,0.823469387755102,0.0,1.0,0.22780863824819864,0.0,0.0
32121401,clip_crop,321214,combined,True,0.7014835320840431,0.0,1.0,0.252515713055653,0.0,0.0
32121462,clip_crop,321214,combined,True,0.0,1.0,1.0,0.0,0.0,1.0
29149065,clip_crop,291490,combined,True,0.7459108687922247,1.0,1.0,0.0,0.0,0.0
29149017,clip_crop,291490,combined,True,0.9634187648187874,1.0,1.0,0.0,0.0,0.0
2146562,clip_crop,21465,combined,True,0.3292706519636293,0.0,0.0,0.038112115378263534,0.038112115378263534,1.0
2146586,clip_crop,21465,combined,True,0.5562913907284768,1.0,1.0,0.0,0.0,0.0
31666644,clip_crop,316666,combined,True,0.2300487073810415,0.0,1.0,0.0964833386623119,0.0,1.0
31666667,clip_crop,316666,combined,True,0.0662899174739863,0.0,0.0,0.0123847613286159,0.0123847613286159,1.0
4926919,clip_crop,49269,combined,True,0.9165727170236752,1.0,0.0,0.0,0.3495886127704888,0.0
4926918,clip_crop,49269,combined,True,0.9473028010971656,0.0,1.0,0.01772767845644041,0.0,0.0
8955611,clip_crop,89556,combined,True,0.6867924528301886,0.0,0.0,0.20221095503283182,0.20221095503283182,0.0
8955603,clip_crop,89556,combined,True,0.3903733955659276,0.0,1.0,0.2937665858644351,0.0,1.0
17989884,clip_crop,179898,combined,True,0.0582942097026604,0.0,0.0,0.018831231671741,0.018831231671741,1.0
17989867,clip_crop,179898,combined,True,0.1592683929305384,0.0,0.0,0.058736478036921405,0.058736478036921405,1.0
49149762,clip_crop,491497,combined,True,0.5711826476157686,0.0,0.0,0.32178064958565755,0.32178064958565755,0.0
49149784,clip_crop,491497,combined,True,0.6372937293729373,1.0,1.0,0.0,0.0,0.0
26116118,clip_crop,261161,combined,True,0.9025437727122564,1.0,1.0,0.0,0.0,0.0
26116115,clip_crop,261161,combined,True,0.8152364273204904,0.0,0.0,0.13196999480669214,0.13196999480669214,0.0
49211077,clip_crop,492110,combined,True,0.0181315010974329,0.0,0.0,0.0172460229392275,0.0134756979713937,1.0
49211001,clip_crop,492110,combined,True,0.8899813703167047,1.0,1.0,0.0,0.0,0.0
28168731,clip_crop,281687,combined,True,0.6996592844974446,0.0,0.0,0.16492217694480305,0.16492217694480305,0.0
28168701,clip_crop,281687,combined,True,0.2518196994991653,1.0,1.0,0.0,0.0,1.0
49846378,clip_crop,498463,combined,True,0.0,1.0,1.0,0.0,0.0,1.0
49846382,clip_crop,498463,combined,True,0.939420803782506,0.0,1.0,0.2843447751599658,0.0,0.0
18723663,clip_crop,187236,combined,True,0.2374005305039787,0.0,0.0,0.17678050536782458,0.0632533854081456,1.0
18723617,clip_crop,187236,combined,True,0.2575694347846247,0.0,1.0,0.08680357862183949,0.0,1.0
47095201,clip_crop,470952,combined,True,0.5822732868280673,1.0,1.0,0.0,0.0,0.0
47095235,clip_crop,470952,combined,True,0.0073055436183927,1.0,1.0,0.0,0.0,1.0
16715965,clip_crop,167159,combined,True,0.3959742719760205,0.0,0.0,0.014347947751823353,0.17552705408730498,1.0
16715984,clip_crop,167159,combined,True,0.9306042884990252,1.0,1.0,0.0,0.0,0.0
13324401,clip_crop,133244,combined,True,0.2391587312461464,1.0,1.0,0.0,0.0,1.0
13324462,clip_crop,133244,combined,True,0.0,1.0,1.0,0.0,0.0,1.0
54041428,clip_crop,540414,combined,True,0.0387355875113356,0.0,0.0,0.0027036091305226995,0.0027036091305226995,1.0
54041401,clip_crop,540414,combined,True,0.1125146198830409,1.0,0.0,0.0,0.014882177313889494,1.0
57255510,clip_crop,572555,combined,True,0.0011291779584462,1.0,1.0,0.0,0.0,1.0
57255507,clip_crop,572555,combined,True,0.9551357200829652,1.0,1.0,0.0,0.0,0.0
46380288,clip_crop,463802,combined,True,0.9348495617152334,0.0,1.0,0.4802028595744093,0.0,0.0
46380243,clip_crop,463802,combined,True,0.7404620048081948,1.0,0.0,0.0,0.039181511304128946,0.0
350151,clip_crop,3501,combined,True,0.6252146596858639,0.0,1.0,0.26028790086597536,0.0,0.0
350156,clip_crop,3501,combined,True,0.6332945285215367,1.0,1.0,0.0,0.0,0.0
34870867,clip_crop,348708,combined,True,0.887549074593382,1.0,0.0,0.0,0.10318774388187668,0.0
34870851,clip_crop,348708,combined,True,0.9233014200804356,0.0,0.0,0.09055455401489787,0.09055455401489787,0.0
33290120,clip_crop,332901,combined,True,0.6803565743393823,0.0,0.0,0.15314525647040456,0.15314525647040456,0.0
33290101,clip_crop,332901,combined,True,0.007963839862247,1.0,0.0,0.0,0.0034964859103569996,1.0
40935870,clip_crop,409358,combined,True,0.4476656626506024,0.0,1.0,0.2731199448485319,0.0,1.0
40935881,clip_crop,409358,combined,True,0.7377731529656608,0.0,0.0,0.5952601446789004,0.11023936918187704,0.0
4649701,clip_crop,46497,combined,True,0.8474419831223629,1.0,1.0,0.0,0.0,0.0
4649709,clip_crop,46497,combined,True,0.7474162229877858,0.0,1.0,0.6603941443663534,0.0,0.0
13113876,clip_crop,131138,combined,True,0.5005351409204424,1.0,1.0,0.0,0.0,0.0
13113872,clip_crop,131138,combined,True,0.0004957038995373,0.0,0.0,0.0004518826900719188,0.00045115650110536844,1.0
47621519,clip_crop,476215,combined,True,0.7683735738922791,1.0,1.0,0.0,0.0,0.0
47621501,clip_crop,476215,combined,True,0.0004652244708071,0.0,0.0,0.0004652244708071,0.00012700575603829997,1.0
28089144,clip_crop,280891,combined,True,0.0829927695693178,0.0,1.0,0.05095679935714979,0.0,1.0
28089155,clip_crop,280891,combined,True,0.586779324055666,0.0,1.0,0.08222218453708696,0.0,0.0
53285501,clip_crop,532855,combined,True,0.1651590312226437,1.0,1.0,0.0,0.0,1.0
53285541,clip_crop,532855,combined,True,0.0003706792697618,0.0,0.0,0.00010388810054959996,0.00010388810054959996,1.0
29623184,clip_crop,296231,combined,True,0.2195172700790678,0.0,1.0,0.0348569012081727,0.0,1.0
29623172,clip_crop,296231,combined,True,0.8265664961636828,1.0,1.0,0.0,0.0,0.0
46352219,clip_crop,463522,combined,True,0.9067731792300502,0.0,1.0,0.7358992237982954,0.0,0.0
46352201,clip_crop,463522,combined,True,0.0142877553936276,0.0,0.0,0.0020344480850177996,0.0108034348361364,1.0
11594603,clip_crop,115946,combined,True,0.0443458980044345,0.0,0.0,0.0033566605416453996,0.023439974659486804,1.0
11594610,clip_crop,115946,combined,True,0.0309675161835889,0.0,1.0,0.0017937657585634023,0.0,1.0
42725601,clip_crop,427256,combined,True,0.1098572679960838,0.0,1.0,0.05323499071725659,0.0,1.0
42725640,clip_crop,427256,combined,True,0.2690296339337594,0.0,1.0,0.1496226972114931,0.0,1.0
1274819,clip_crop,12748,combined,True,0.9433797323650056,0.0,1.0,0.17353900040973624,0.0,0.0
1274801,clip_crop,12748,combined,True,0.2165629463374821,1.0,0.0,0.0,0.167508859507504,1.0
10028303,clip_crop,100283,combined,True,0.0253177531775317,0.0,0.0,0.009509152329560799,0.009509152329560799,1.0
10028313,clip_crop,100283,combined,True,0.9738713411609062,1.0,1.0,0.0,0.0,0.0
6721301,clip_crop,67213,combined,True,0.0004315460135936,0.0,0.0,0.0004315460135936,6.889868811769999e-05,1.0
6721303,clip_crop,67213,combined,True,0.4010996379240981,0.0,1.0,0.1153020292918438,0.0,1.0
22395501,clip_crop,223955,combined,True,0.8864265927977839,0.0,0.0,0.4867172904722025,0.408825289600879,0.0
22395534,clip_crop,223955,combined,True,0.2021234762092017,1.0,1.0,0.0,0.0,1.0
33231808,clip_crop,332318,combined,True,0.7365638766519824,0.0,0.0,0.004133732706173787,0.004133732706173787,0.0
33231821,clip_crop,332318,combined,True,0.3386850152905198,0.0,0.0,0.2824810289374942,0.2824810289374942,1.0
47321984,clip_crop,473219,combined,True,0.1302722904431393,0.0,1.0,0.0821278571432397,0.0,1.0
47321962,clip_crop,473219,combined,True,0.002175914302452,0.0,0.0,9.625713078579992e-05,9.625713078579992e-05,1.0
33448301,clip_crop,334483,combined,True,0.2321740189115701,0.0,1.0,0.2023648586062266,0.0,1.0
33448361,clip_crop,334483,combined,True,0.0229221347331583,0.0,1.0,0.012821124632148202,0.0,1.0
30356653,clip_crop,303566,combined,True,0.3900245298446443,0.0,1.0,0.3324749008091521,0.0,1.0
30356655,clip_crop,303566,combined,True,0.2514551804423748,0.0,1.0,0.11082045735587831,0.0,1.0
53062465,clip_crop,530624,combined,True,0.7341260731830495,1.0,1.0,0.0,0.0,0.0
53062418,clip_crop,530624,combined,True,0.9257177978751426,1.0,1.0,0.0,0.0,0.0
38269682,clip_crop,382696,combined,True,0.181254118163848,0.0,1.0,0.12984350677419002,0.0,1.0
38269679,clip_crop,382696,combined,True,0.7482730597318163,1.0,0.0,0.0,0.40677856623950726,0.0
17525190,clip_crop,175251,combined,True,0.7642752562225475,0.0,1.0,0.006435534968192158,0.0,0.0
17525101,clip_crop,175251,combined,True,0.896884245899843,0.0,0.0,0.17432192107317235,0.5692513811324973,0.0
51450801,clip_crop,514508,combined,True,0.5014646130586791,1.0,1.0,0.0,0.0,0.0
51450872,clip_crop,514508,combined,True,0.5941735225150033,0.0,1.0,0.13653998890096164,0.0,0.0
15713861,clip_crop,157138,combined,True,0.8070067609096496,0.0,1.0,0.028354952759316432,0.0,0.0
15713848,clip_crop,157138,combined,True,0.6801736613603473,1.0,1.0,0.0,0.0,0.0
11647965,clip_crop,116479,combined,True,0.2289013133953088,0.0,0.0,0.05170287496481851,0.05170287496481851,1.0
11647963,clip_crop,116479,combined,True,0.6844526218951242,1.0,1.0,0.0,0.0,0.0
28378584,clip_crop,283785,combined,True,0.1623339110340843,0.0,0.0,0.03525712612164608,0.03525712612164608,1.0
28378501,clip_crop,283785,combined,True,0.3015308911973756,1.0,1.0,0.0,0.0,1.0
40080301,clip_crop,400803,combined,True,0.0,1.0,1.0,0.0,0.0,1.0
40080309,clip_crop,400803,combined,True,0.9447471729067792,1.0,1.0,0.0,0.0,0.0
39620008,clip_crop,396200,combined,True,0.5851769911504425,1.0,0.0,0.0,0.05851656084174284,0.0
39620001,clip_crop,396200,combined,True,0.745248416138713,0.0,0.0,0.03497400643864912,0.03497400643864912,0.0
39837763,clip_crop,398377,combined,True,0.2476149176062445,0.0,1.0,0.0667538534964495,0.0,1.0
39837701,clip_crop,398377,combined,True,0.4008599594490666,0.0,1.0,0.1713606262839439,0.0,1.0
6374073,clip_crop,63740,combined,True,0.29073856975381,0.0,1.0,0.008059931519616204,0.0,1.0
6374076,clip_crop,63740,combined,True,0.7634965473948525,0.0,0.0,0.22209929144153284,0.22209929144153284,0.0
20042165,clip_crop,200421,combined,True,0.6926031802751474,1.0,1.0,0.0,0.0,0.0
20042101,clip_crop,200421,combined,True,0.8675714698238521,0.0,1.0,0.692795581106696,0.0,0.0
7903101,clip_crop,79031,combined,True,0.0005563753356394,0.0,0.0,0.0005311908593505844,0.0005212876163411544,1.0
7903142,clip_crop,79031,combined,True,0.7177461274560765,1.0,1.0,0.0,0.0,0.0
19516581,clip_crop,195165,combined,True,0.5545685279187818,1.0,1.0,0.0,0.0,0.0
19516544,clip_crop,195165,combined,True,0.329605650382578,0.0,1.0,0.02617557122690517,0.0,1.0
44154301,clip_crop,441543,combined,True,0.0,1.0,1.0,0.0,0.0,1.0
44154328,clip_crop,441543,combined,True,0.8927460004383081,1.0,1.0,0.0,0.0,0.0
27047439,clip_crop,270474,combined,True,0.7976878612716763,1.0,0.0,0.0,0.16953660076747468,0.0
27047401,clip_crop,270474,combined,True,0.005351079722939,1.0,0.0,0.0,0.0004586414180250001,1.0
57159832,clip_crop,571598,combined,True,0.7884028484231943,1.0,0.0,0.0,0.6397652092451369,0.0
57159801,clip_crop,571598,combined,True,0.6571063515012945,1.0,1.0,0.0,0.0,0.0
3124884,clip_crop,31248,combined,True,0.7783505154639175,1.0,0.0,0.0,0.04527000204501441,0.0
3124862,clip_crop,31248,combined,True,0.877985699071961,1.0,1.0,0.0,0.0,0.0
57470201,clip_crop,574702,combined,True,0.0,1.0,1.0,0.0,0.0,1.0
57470204,clip_crop,574702,combined,True,0.4503767317507899,1.0,1.0,0.0,0.0,1.0
18559955,clip_crop,185599,combined,True,0.571348072524777,1.0,0.0,0.0,0.19878020484603404,0.0
18559953,clip_crop,185599,combined,True,0.7187195664140238,0.0,0.0,0.2582463598934967,0.1185861158059136,0.0
19269901,clip_crop,192699,combined,True,0.5610458674939065,1.0,1.0,0.0,0.0,0.0
19269904,clip_crop,192699,combined,True,0.0270861833105335,0.0,0.0,0.0156582715016913,0.0156582715016913,1.0
1320141,clip_crop,13201,combined,True,0.5659787367104441,0.0,0.0,0.0012388523173805233,0.0012388523173805233,0.0
1320101,clip_crop,13201,combined,True,0.7501679623764277,1.0,1.0,0.0,0.0,0.0
2798281,clip_crop,27982,combined,True,0.0566252587991718,1.0,1.0,0.0,0.0,1.0
2798270,clip_crop,27982,combined,True,0.954623878536922,0.0,1.0,0.5994950080992815,0.0,0.0
48933942,clip_crop,489339,combined,True,0.9441978158572316,0.0,1.0,0.2918172931347437,0.0,0.0
48933901,clip_crop,489339,combined,True,0.8181606879987604,0.0,0.0,0.5287260991671603,0.5287260991671603,0.0
13587262,clip_crop,135872,combined,True,0.0105494505494505,1.0,0.0,0.0,0.008363290623443698,1.0
13587276,clip_crop,135872,combined,True,0.1341313689379987,1.0,1.0,0.0,0.0,1.0
35797801,clip_crop,357978,combined,True,0.1592204092204092,0.0,0.0,0.0931830398384413,0.0931830398384413,1.0
35797862,clip_crop,357978,combined,True,0.0935035674051821,0.0,1.0,0.0717605625932057,0.0,1.0
36671155,clip_crop,366711,combined,True,0.4818763326226012,1.0,1.0,0.0,0.0,1.0
36671101,clip_crop,366711,combined,True,0.8215316692137884,1.0,0.0,0.0,0.5882173509023224,0.0
18580252,clip_crop,185802,combined,True,0.8903691813804173,0.0,1.0,0.029148708939472412,0.0,0.0
18580262,clip_crop,185802,combined,True,0.5180480442711609,0.0,1.0,0.25144156935822404,0.0,0.0
12659213,clip_crop,126592,combined,True,0.7106884057971015,0.0,0.0,0.061195438836028515,0.061195438836028515,0.0
12659203,clip_crop,126592,combined,True,0.5237974039195724,0.0,0.0,0.2326663819743705,0.2326663819743705,0.0
43324325,clip_crop,433243,combined,True,0.7738716788490544,1.0,0.0,0.0,0.2754768678682512,0.0
43324324,clip_crop,433243,combined,True,0.8211640211640212,0.0,0.0,0.3846192955313477,0.3846192955313477,0.0
17337159,clip_crop,173371,combined,True,0.7914900177291297,0.0,1.0,0.42457119997977316,0.0,0.0
17337147,clip_crop,173371,combined,True,0.8113425925925926,1.0,1.0,0.0,0.0,0.0
47728828,clip_crop,477288,combined,True,0.7356099278296074,0.0,1.0,0.19232954232184374,0.0,0.0
47728801,clip_crop,477288,combined,True,0.3281815986476696,1.0,0.0,0.0,0.0624226824187506,1.0
3995101,clip_crop,39951,combined,True,0.7232275289231682,1.0,0.0,0.0,0.525861146274059,0.0
3995143,clip_crop,39951,combined,True,0.1009457236842105,0.0,0.0,0.0649838010140965,0.067195249660699,1.0
647101,clip_crop,6471,combined,True,0.3266671312103686,0.0,1.0,0.1753382470047721,0.0,1.0
647115,clip_crop,6471,combined,True,0.2213188798554652,0.0,1.0,0.2072090029416256,0.0,1.0
18907855,clip_crop,189078,combined,True,0.6651688122419237,1.0,1.0,0.0,0.0,0.0
18907853,clip_crop,189078,combined,True,0.3944335554684438,0.0,1.0,0.12176028814171108,0.0,1.0
18945161,clip_crop,189451,combined,True,0.9639976224845036,1.0,1.0,0.0,0.0,0.0
18945149,clip_crop,189451,combined,True,0.8182242990654206,1.0,0.0,0.0,0.4322311876991749,0.0
17239659,clip_crop,172396,combined,True,0.8562189352655848,1.0,1.0,0.0,0.0,0.0
17239679,clip_crop,172396,combined,True,0.5477272727272727,0.0,1.0,0.21903409090909093,0.0,0.0
11620846,clip_crop,116208,combined,True,0.0563655493762212,0.0,0.0,0.0259458343203876,0.0259458343203876,1.0
11620847,clip_crop,116208,combined,True,0.5071248952221291,0.0,0.0,0.0798650082164794,0.0798650082164794,0.0
46751104,clip_crop,467511,combined,True,0.821946065606762,1.0,1.0,0.0,0.0,0.0
46751101,clip_crop,467511,combined,True,0.0311792808649736,0.0,1.0,0.011468027651182398,0.0,1.0
9883972,clip_crop,98839,combined,True,0.9318860463239448,0.0,1.0,0.3033669250871669,0.0,0.0
9883917,clip_crop,98839,combined,True,0.9431089058088802,1.0,1.0,0.0,0.0,0.0
20914256,clip_crop,209142,combined,True,0.3649468225366968,0.0,1.0,0.2262965157882306,0.0,1.0
20914248,clip_crop,209142,combined,True,0.5419557317476049,0.0,0.0,0.09605954455197602,0.09605954455197602,0.0
6489842,clip_crop,64898,combined,True,0.3577926015767131,0.0,0.0,0.3569899943191978,0.1538429931327227,1.0
6489801,clip_crop,64898,combined,True,0.0058712309682555,0.0,1.0,0.0034844896508636,0.0,1.0
20141801,clip_crop,201418,combined,True,0.6438728565453785,1.0,1.0,0.0,0.0,0.0
20141872,clip_crop,201418,combined,True,0.4466251795117281,0.0,0.0,0.047218148592626075,0.047218148592626075,1.0
7394642,clip_crop,73946,combined,True,0.8870436105476673,1.0,1.0,0.0,0.0,0.0
7394601,clip_crop,73946,combined,True,0.3003559645771835,0.0,0.0,0.032467581092229025,0.04479641078085389,1.0
57997072,clip_crop,579970,combined,True,0.295,0.0,0.0,0.20750488981614298,0.20750488981614298,1.0
57997063,clip_crop,579970,combined,True,0.7535436671239141,0.0,0.0,0.14677833942835383,0.14677833942835383,0.0
6133317,clip_crop,61333,combined,True,0.9664200341491178,0.0,1.0,0.6605967905942212,0.0,0.0
6133384,clip_crop,61333,combined,True,0.6872932745314223,0.0,1.0,0.3247040093851427,0.0,0.0
40919801,clip_crop,409198,combined,True,0.796543516506261,0.0,0.0,0.43819132094265756,0.43819132094265756,0.0
40919834,clip_crop,409198,combined,True,0.6068139963167587,0.0,1.0,0.4475902413483229,0.0,0.0
21104217,clip_crop,211042,combined,True,0.8400417101147029,0.0,0.0,0.08805009585893764,0.2636429044545704,0.0
21104270,clip_crop,211042,combined,True,0.732037691401649,0.0,0.0,0.1812808800999336,0.1812808800999336,0.0
34089401,clip_crop,340894,combined,True,0.1170092043878451,0.0,1.0,0.052759278068953294,0.0,1.0
34089476,clip_crop,340894,combined,True,0.620020903495529,1.0,1.0,0.0,0.0,0.0
50213664,clip_crop,502136,combined,True,0.1164069660861594,1.0,1.0,0.0,0.0,1.0
50213686,clip_crop,502136,combined,True,0.0055931704445098,1.0,1.0,0.0,0.0,1.0
9149501,clip_crop,91495,combined,True,0.0275807393807894,0.0,0.0,0.0214006334361161,0.0214006334361161,1.0
9149540,clip_crop,91495,combined,True,0.2106002106002106,1.0,0.0,0.0,0.11499297545809181,1.0
1257647,clip_crop,12576,combined,True,0.4537286612758311,1.0,1.0,0.0,0.0,1.0
1257667,clip_crop,12576,combined,True,0.0820501954136648,0.0,0.0,0.025908770810303405,0.025908770810303405,1.0
33128019,clip_crop,331280,combined,True,0.8102372034956304,0.0,1.0,0.06802469666449606,0.0,0.0
33128001,clip_crop,331280,combined,True,0.0887291399229781,1.0,0.0,0.0,0.07061649858542929,1.0
14055611,clip_crop,140556,combined,True,0.7089726918075423,1.0,1.0,0.0,0.0,0.0
14055601,clip_crop,140556,combined,True,0.1969196559955528,1.0,0.0,0.0,0.1701696735480348,1.0
39735157,clip_crop,397351,combined,True,0.6634644250975683,1.0,1.0,0.0,0.0,0.0
39735101,clip_crop,397351,combined,True,0.8638430557360011,1.0,1.0,0.0,0.0,0.0
8093262,clip_crop,80932,combined,True,0.0,1.0,1.0,0.0,0.0,1.0
8093248,clip_crop,80932,combined,True,0.0564058469475494,0.0,0.0,0.005886216462561003,0.005886216462561003,1.0
5082833,clip_crop,50828,combined,True,0.0846186803770351,1.0,1.0,0.0,0.0,1.0
5082865,clip_crop,50828,combined,True,0.6716417910447762,0.0,1.0,0.41697251026879845,0.0,0.0
43520588,clip_crop,435205,combined,True,0.9181574869699958,0.0,1.0,0.6286576995249058,0.0,0.0
43520501,clip_crop,435205,combined,True,0.0259069892604643,1.0,0.0,0.0,0.0180362556394365,1.0
49146439,clip_crop,491464,combined,True,0.8851851851851852,1.0,1.0,0.0,0.0,0.0
49146401,clip_crop,491464,combined,True,0.9254513686662784,0.0,0.0,0.6270867411677927,0.6270867411677927,0.0
41289401,clip_crop,412894,combined,True,0.0003268459367107,1.0,0.0,0.0,3.196700089609997e-05,1.0
41289410,clip_crop,412894,combined,True,0.3764677689911335,0.0,0.0,0.2016355878469596,0.1481302019575462,1.0
48157341,clip_crop,481573,combined,True,0.8961498812245081,0.0,0.0,0.015267065563969617,0.015267065563969617,0.0
48157301,clip_crop,481573,combined,True,0.192155596804132,1.0,1.0,0.0,0.0,1.0
5802970,clip_crop,58029,combined,True,0.205081001472754,1.0,0.0,0.0,0.04431520026635488,1.0
5802981,clip_crop,58029,combined,True,0.6533278889342589,0.0,0.0,0.28677196423879936,0.28677196423879936,0.0
32961403,clip_crop,329614,combined,True,0.6514236410698878,0.0,1.0,0.19380533633769853,0.0,0.0
32961406,clip_crop,329614,combined,True,0.901880621422731,1.0,1.0,0.0,0.0,0.0
35525701,clip_crop,355257,combined,True,0.0529641330607693,0.0,1.0,0.010004499557441503,0.0,1.0
35525765,clip_crop,355257,combined,True,0.3265285799641506,0.0,1.0,0.2711677676832368,0.0,1.0
30846670,clip_crop,308466,combined,True,0.464856635371733,1.0,1.0,0.0,0.0,1.0
30846681,clip_crop,308466,combined,True,0.4569348968863728,0.0,0.0,0.309674179362736,0.309674179362736,1.0
661455,clip_crop,6614,combined,True,0.6333752752437873,1.0,0.0,0.0,0.23341437210626415,0.0
661453,clip_crop,6614,combined,True,0.6862164197840823,0.0,1.0,0.4227950307768391,0.0,0.0
56556303,clip_crop,565563,combined,True,0.6035699460356995,1.0,1.0,0.0,0.0,0.0
56556365,clip_crop,565563,combined,True,0.3834388185654008,1.0,0.0,0.0,0.04654290778473169,1.0
7228141,clip_crop,72281,combined,True,0.0020278833967046,1.0,0.0,0.0,0.0018323990843207,1.0
7228101,clip_crop,72281,combined,True,0.9049600261054006,1.0,1.0,0.0,0.0,0.0
18736242,clip_crop,187362,combined,True,0.0003125976867771,0.0,1.0,0.00022932218365426862,0.0,1.0
18736201,clip_crop,187362,combined,True,0.8633147113594041,0.0,0.0,0.7016599070889414,0.7016599070889414,0.0
6034715,clip_crop,60347,combined,True,0.5220358814352574,0.0,0.0,0.2099050318214455,0.2099050318214455,0.0
6034701,clip_crop,60347,combined,True,0.8744677928855926,1.0,1.0,0.0,0.0,0.0
48909181,clip_crop,489091,combined,True,0.4919423240033927,0.0,0.0,0.34291535234070925,0.34291535234070925,1.0
48909170,clip_crop,489091,combined,True,0.1761526232114467,0.0,0.0,0.0914809743006501,0.0305788527196435,1.0
31961767,clip_crop,319617,combined,True,0.2577831099904427,0.0,0.0,0.14376991871697747,0.14376991871697747,1.0
31961758,clip_crop,319617,combined,True,0.3469855447173581,0.0,1.0,0.1247877747643065,0.0,1.0
48807562,clip_crop,488075,combined,True,0.0014911066141229,0.0,1.0,0.0008906262298155,0.0,1.0
48807582,clip_crop,488075,combined,True,0.0150425904669848,1.0,1.0,0.0,0.0,1.0
23187962,clip_crop,231879,combined,True,0.543261231281198,0.0,0.0,0.0038698181924109454,0.0038698181924109454,0.0
23187901,clip_crop,231879,combined,True,0.464852492370295,0.0,0.0,0.2535478757173684,0.37286819322764453,1.0
24955065,clip_crop,249550,combined,True,0.8012252285701026,0.0,1.0,0.052342755111358,0.0,0.0
24955064,clip_crop,249550,combined,True,0.6506453048509123,1.0,0.0,0.0,0.11099074016991128,0.0
37632246,clip_crop,376322,combined,True,0.2507442937479325,1.0,1.0,0.0,0.0,1.0
37632244,clip_crop,376322,combined,True,0.0064644455494778,0.0,1.0,0.0025322011453641005,0.0,1.0
29008155,clip_crop,290081,combined,True,0.5052300462366407,0.0,1.0,0.28700728114006846,0.0,0.0
29008151,clip_crop,290081,combined,True,0.9024523160762944,0.0,1.0,0.5801762671396,0.0,0.0
45875501,clip_crop,458755,combined,True,0.7057289726588691,0.0,1.0,0.22271700085414753,0.0,0.0
45875520,clip_crop,458755,combined,True,0.7581054745172149,0.0,1.0,0.09766637176241033,0.0,0.0
18013541,clip_crop,180135,combined,True,0.0394888122402051,0.0,0.0,0.011316661469089998,0.011316661469089998,1.0
18013501,clip_crop,180135,combined,True,0.8867068840114662,1.0,0.0,0.0,0.07721455191204796,0.0
56091133,clip_crop,560911,combined,True,0.7084150861129278,0.0,0.0,0.04327497053120277,0.04327497053120277,0.0
56091101,clip_crop,560911,combined,True,0.2018288309825484,0.0,1.0,0.12975133865356697,0.0,1.0
46049448,clip_crop,460494,combined,True,0.0,1.0,1.0,0.0,0.0,1.0
46049457,clip_crop,460494,combined,True,0.6309778729478943,1.0,0.0,0.0,0.4236410265757824,0.0
6761662,clip_crop,67616,combined,True,0.2582076308784383,1.0,0.0,0.0,0.07308506114048399,1.0
6761667,clip_crop,67616,combined,True,0.4495412844036697,0.0,1.0,0.02144763891871987,0.0,1.0
25686801,clip_crop,256868,combined,True,0.0052205220522052,0.0,0.0,0.0026923229079034,0.0010927961955074002,1.0
25686815,clip_crop,256868,combined,True,0.5260196905766527,1.0,1.0,0.0,0.0,0.0
10142063,clip_crop,101420,combined,True,0.8631701244813278,0.0,1.0,0.22910232787115825,0.0,0.0
10142017,clip_crop,101420,combined,True,0.906614785992218,1.0,1.0,0.0,0.0,0.0
46567508,clip_crop,465675,combined,True,0.4870931537598204,0.0,0.0,0.0493490512758335,0.0493490512758335,1.0
46567509,clip_crop,465675,combined,True,0.759683995922528,1.0,0.0,0.0,0.2152466557690753,0.0
13987218,clip_crop,139872,combined,True,0.9073185362927416,1.0,1.0,0.0,0.0,0.0
13987234,clip_crop,139872,combined,True,0.912621359223301,0.0,1.0,0.8799560951329456,0.0,0.0
54682319,clip_crop,546823,combined,True,0.6514251781472684,1.0,1.0,0.0,0.0,0.0
54682301,clip_crop,546823,combined,True,0.0266821345707656,0.0,0.0,0.006242908652087702,0.0052931723315261005,1.0
19063765,clip_crop,190637,combined,True,0.8771976276212666,1.0,1.0,0.0,0.0,0.0
19063775,clip_crop,190637,combined,True,0.028589108910891,0.0,0.0,0.0096689724799753,0.0096689724799753,1.0
55069103,clip_crop,550691,combined,True,0.0007102272727272,0.0,0.0,0.0004837138801229,0.0004837138801229,1.0
55069106,clip_crop,550691,combined,True,0.8728053890627486,0.0,1.0,0.005183308383343133,0.0,0.0
27371155,clip_crop,273711,combined,True,0.2187765505522514,1.0,0.0,0.0,0.0773052490162773,1.0
27371147,clip_crop,273711,combined,True,0.0,1.0,1.0,0.0,0.0,1.0
57075601,clip_crop,570756,combined,True,0.0099303028433972,0.0,1.0,0.0035365211095540992,0.0,1.0
57075638,clip_crop,570756,combined,True,0.0283761981588687,0.0,1.0,0.0040016196560267,0.0,1.0
2539446,clip_crop,25394,combined,True,0.1222807419280971,0.0,0.0,0.0996557715419327,0.0913585718811394,1.0
2539444,clip_crop,25394,combined,True,0.0594582593250444,1.0,0.0,0.0,0.012979287198385703,1.0
35819501,clip_crop,358195,combined,True,0.8605784855378615,1.0,1.0,0.0,0.0,0.0
35819541,clip_crop,358195,combined,True,0.2909460834181078,0.0,0.0,0.2901607189165833,0.2900450201634674,1.0
43890741,clip_crop,438907,combined,True,0.8132530120481928,0.0,1.0,0.1417919976651496,0.0,0.0
43890701,clip_crop,438907,combined,True,0.8594573104065202,1.0,1.0,0.0,0.0,0.0
26730065,clip_crop,267300,combined,True,0.8888472352389878,1.0,0.0,0.0,0.027720421596628686,0.0
26730064,clip_crop,267300,combined,True,0.693984962406015,0.0,0.0,0.03825063897367176,0.03825063897367176,0.0
36661137,clip_crop,366611,combined,True,0.1221079691516709,1.0,0.0,0.0,0.0018137242360500017,1.0
36661118,clip_crop,366611,combined,True,0.8562144597887896,1.0,0.0,0.0,0.1897525433268732,0.0
10997678,clip_crop,109976,combined,True,0.0,1.0,1.0,0.0,0.0,1.0
10997679,clip_crop,109976,combined,True,0.7711342395921835,0.0,0.0,0.49512304651154254,0.49512304651154254,0.0
37887301,clip_crop,378873,combined,True,0.4432839446198688,1.0,1.0,0.0,0.0,1.0
37887357,clip_crop,378873,combined,True,0.0860452289023717,0.0,1.0,0.018693321950789404,0.0,1.0
36252001,clip_crop,362520,combined,True,0.696721894332646,0.0,0.0,0.052957220944992334,0.052957220944992334,0.0
36252041,clip_crop,362520,combined,True,0.0121589892665474,1.0,0.0,0.0,0.005953171987393601,1.0
22704481,clip_crop,227044,combined,True,0.9071054164239952,0.0,0.0,0.19335748689530974,0.051265012018867906,0.0
22704417,clip_crop,227044,combined,True,0.8881441847366939,0.0,1.0,0.2571116148024677,0.0,0.0
12557201,clip_crop,125572,combined,True,0.0211183819155264,0.0,1.0,0.015420015447247401,0.0,1.0
12557202,clip_crop,125572,combined,True,0.8510416666666667,1.0,0.0,0.0,0.29970092108131674,0.0
27758417,clip_crop,277584,combined,True,0.8160086925027165,1.0,1.0,0.0,0.0,0.0
27758415,clip_crop,277584,combined,True,0.7010078023407023,1.0,1.0,0.0,0.0,0.0
44017122,clip_crop,440171,combined,True,0.8912310286677909,1.0,1.0,0.0,0.0,0.0
44017101,clip_crop,440171,combined,True,0.2360570687418936,1.0,1.0,0.0,0.0,1.0
45039951,clip_crop,450399,combined,True,0.0539328566234395,0.0,0.0,0.0537819587812787,0.0537819587812787,1.0
45039960,clip_crop,450399,combined,True,0.3250191864927091,1.0,1.0,0.0,0.0,1.0
56577801,clip_crop,565778,combined,True,4.778515792994696e-05,1.0,1.0,0.0,0.0,1.0
56577807,clip_crop,565778,combined,True,0.9124398163699474,1.0,1.0,0.0,0.0,0.0
36619917,clip_crop,366199,combined,True,0.8183397012851684,1.0,1.0,0.0,0.0,0.0
36619965,clip_crop,366199,combined,True,0.4082964343975763,1.0,1.0,0.0,0.0,1.0
16503903,clip_crop,165039,combined,True,0.9306005034160374,1.0,1.0,0.0,0.0,0.0
16503910,clip_crop,165039,combined,True,0.4173441734417344,0.0,1.0,0.3372651914320811,0.0,1.0
29783044,clip_crop,297830,combined,True,0.2219929245283018,0.0,1.0,0.1938230148246264,0.0,1.0
29783018,clip_crop,297830,combined,True,0.8883663972569189,1.0,1.0,0.0,0.0,0.0
26131801,clip_crop,261318,combined,True,0.8568935427574171,0.0,1.0,0.2917285222804237,0.0,0.0
26131831,clip_crop,261318,combined,True,0.0,1.0,1.0,0.0,0.0,1.0
30843051,clip_crop,308430,combined,True,0.1987953344733416,0.0,1.0,0.1354828152799749,0.0,1.0
30843057,clip_crop,308430,combined,True,0.1616868124405812,0.0,1.0,0.0023164238522880853,0.0,1.0
38466179,clip_crop,384661,combined,True,0.6855577213048435,0.0,0.0,0.16699612394126884,0.16699612394126884,0.0
38466185,clip_crop,384661,combined,True,0.2779356060606061,0.0,0.0,0.18129418360423466,0.18129418360423466,1.0
18075182,clip_crop,180751,combined,True,0.043939659708823,0.0,1.0,0.0341854654052725,0.0,1.0
18075101,clip_crop,180751,combined,True,0.946255060728745,1.0,1.0,0.0,0.0,0.0
47959655,clip_crop,479596,combined,True,0.4860413321593204,0.0,1.0,0.23128041309494446,0.0,1.0
47959653,clip_crop,479596,combined,True,0.4309224772628843,0.0,0.0,0.29797533750908267,0.29797533750908267,1.0
8298601,clip_crop,82986,combined,True,0.0650034332799267,0.0,0.0,0.0648820003716086,0.0648820003716086,1.0
8298631,clip_crop,82986,combined,True,0.2411347517730496,0.0,0.0,0.1911038685117773,0.1911038685117773,1.0
22309057,clip_crop,223090,combined,True,0.8354134165366615,0.0,1.0,0.41235162983851115,0.0,0.0
22309049,clip_crop,223090,combined,True,0.8864468864468864,0.0,0.0,0.019132970589281206,0.019132970589281206,0.0
3857674,clip_crop,38576,combined,True,0.0405097860719162,0.0,0.0,0.0190288661831116,0.0190288661831116,1.0
3857676,clip_crop,38576,combined,True,0.1996096110052516,1.0,1.0,0.0,0.0,1.0
54451901,clip_crop,544519,combined,True,0.6797279958942777,0.0,0.0,0.3599331670447017,0.347136023525237,0.0
54451990,clip_crop,544519,combined,True,0.7698237885462555,1.0,0.0,0.0,0.12617299489546185,0.0
22073203,clip_crop,220732,combined,True,0.0296632721853599,1.0,1.0,0.0,0.0,1.0
22073208,clip_crop,220732,combined,True,0.1880542077965534,1.0,1.0,0.0,0.0,1.0
23356721,clip_crop,233567,combined,True,0.9517880794701988,0.0,0.0,0.003612238294486425,0.003612238294486425,0.0
23356720,clip_crop,233567,combined,True,0.3613291857996346,1.0,1.0,0.0,0.0,1.0
20648703,clip_crop,206487,combined,True,0.3666774751405101,1.0,0.0,0.0,0.006934667817057594,1.0
20648701,clip_crop,206487,combined,True,0.2508765778401122,0.0,0.0,0.1984843945517025,0.1984843945517025,1.0
27705149,clip_crop,277051,combined,True,0.8165859564164649,1.0,0.0,0.0,0.22717188540797006,0.0
27705144,clip_crop,277051,combined,True,0.9041237113402062,0.0,0.0,0.012035890296295704,0.012035890296295704,0.0
52087144,clip_crop,520871,combined,True,0.948631190402953,0.0,0.0,0.008070673002275375,0.008070673002275375,0.0
52087147,clip_crop,520871,combined,True,0.7455357142857143,1.0,0.0,0.0,0.18998015873015872,0.0
22209408,clip_crop,222094,combined,True,0.4114774114774114,0.0,1.0,0.11164972623904262,0.0,1.0
22209413,clip_crop,222094,combined,True,0.1955014058106841,1.0,1.0,0.0,0.0,1.0
38890301,clip_crop,388903,combined,True,0.6038215684926799,0.0,1.0,0.5226272077597138,0.0,0.0
38890353,clip_crop,388903,combined,True,0.8954132068011071,0.0,1.0,0.285288691593922,0.0,0.0
47108701,clip_crop,471087,combined,True,0.9592077013643604,0.0,0.0,0.7657676902809578,0.7657676902809578,0.0
47108732,clip_crop,471087,combined,True,0.8741610738255033,1.0,0.0,0.0,0.12326017292460245,0.0
32646201,clip_crop,326462,combined,True,0.724706413730804,1.0,1.0,0.0,0.0,0.0
32646260,clip_crop,326462,combined,True,0.9407481296758105,1.0,1.0,0.0,0.0,0.0
18396567,clip_crop,183965,combined,True,0.5058899676375405,1.0,0.0,0.0,0.13785652383569064,0.0
18396547,clip_crop,183965,combined,True,0.8297508549096239,0.0,0.0,0.20832714918755302,0.33713618789744454,0.0
27768947,clip_crop,277689,combined,True,0.3588185654008439,0.0,1.0,0.061360938282199906,0.0,1.0
27768961,clip_crop,277689,combined,True,0.9132472585779978,0.0,1.0,0.1512727187849765,0.0,0.0
21511444,clip_crop,215114,combined,True,0.4219546086150996,0.0,0.0,0.1394102299168748,0.11348175219703771,1.0
21511482,clip_crop,215114,combined,True,0.4355098900553446,0.0,1.0,0.13232672776625087,0.0,1.0
50152381,clip_crop,501523,combined,True,0.8667697240352685,1.0,0.0,0.0,0.35107191883587263,0.0
50152344,clip_crop,501523,combined,True,0.4606666666666666,0.0,0.0,0.17602649480844962,0.17602649480844962,1.0
46850502,clip_crop,468505,combined,True,0.063844040999531,1.0,1.0,0.0,0.0,1.0
46850547,clip_crop,468505,combined,True,0.1823935558112773,0.0,1.0,0.0476961986075263,0.0,1.0
7882364,clip_crop,78823,combined,True,0.5917230401910067,1.0,1.0,0.0,0.0,0.0
7882318,clip_crop,78823,combined,True,0.8755085435313262,1.0,1.0,0.0,0.0,0.0
31192839,clip_crop,311928,combined,True,0.8345227475468332,1.0,0.0,0.0,0.03230620875740442,0.0
31192801,clip_crop,311928,combined,True,0.9404034485644932,1.0,0.0,0.0,0.1954923431792832,0.0
16789870,clip_crop,167898,combined,True,0.4211267605633803,1.0,1.0,0.0,0.0,1.0
16789881,clip_crop,167898,combined,True,0.7064285714285714,0.0,1.0,0.25816329663581733,0.0,0.0
45630301,clip_crop,456303,combined,True,0.1289887337246171,0.0,1.0,0.11877058234824452,0.0,1.0
45630336,clip_crop,456303,combined,True,0.0073772576952429,0.0,1.0,0.005068098927152299,0.0,1.0
16712203,clip_crop,167122,combined,True,0.9611067014400726,1.0,1.0,0.0,0.0,0.0
16712217,clip_crop,167122,combined,True,0.4189830508474576,0.0,1.0,0.40088401840579574,0.0,1.0
56819561,clip_crop,568195,combined,True,0.7785870356882738,1.0,1.0,0.0,0.0,0.0
56819501,clip_crop,568195,combined,True,0.3992340651423804,1.0,1.0,0.0,0.0,1.0
1317701,clip_crop,13177,combined,True,0.753663198131238,1.0,1.0,0.0,0.0,0.0
1317702,clip_crop,13177,combined,True,0.0,1.0,1.0,0.0,0.0,1.0
45726252,clip_crop,457262,combined,True,0.9041043710122846,1.0,1.0,0.0,0.0,0.0
45726267,clip_crop,457262,combined,True,0.8744810492615925,1.0,0.0,0.0,0.21061361433862247,0.0
37748619,clip_crop,377486,combined,True,0.5863478129256848,0.0,0.0,0.10529233254679443,0.10529233254679443,0.0
37748601,clip_crop,377486,combined,True,0.0239812926016219,0.0,1.0,0.0152814498582546,0.0,1.0
53823658,clip_crop,538236,combined,True,0.3024098166765228,1.0,1.0,0.0,0.0,1.0
53823601,clip_crop,538236,combined,True,0.0,1.0,1.0,0.0,0.0,1.0
20164662,clip_crop,201646,combined,True,0.449438202247191,0.0,1.0,0.3481412698771804,0.0,1.0
20164601,clip_crop,201646,combined,True,0.976352395672334,1.0,1.0,0.0,0.0,0.0
43673806,clip_crop,436738,combined,True,0.941142360104378,1.0,1.0,0.0,0.0,0.0
43673803,clip_crop,436738,combined,True,0.8308746048472075,1.0,1.0,0.0,0.0,0.0
35638704,clip_crop,356387,combined,True,0.48,0.0,1.0,0.05227820915248638,0.0,1.0
35638702,clip_crop,356387,combined,True,0.2059134107708553,1.0,0.0,0.0,0.0168733225031098,1.0
1403865,clip_crop,14038,combined,True,0.1651071536371868,0.0,1.0,0.12588804957583072,0.0,1.0
1403882,clip_crop,14038,combined,True,0.3771680041418586,0.0,0.0,0.11283166393567307,0.19660941806287108,1.0
6089962,clip_crop,60899,combined,True,0.1376212548382472,0.0,0.0,0.1358851437271361,0.1358851437271361,1.0
6089901,clip_crop,60899,combined,True,0.9239454794741512,1.0,1.0,0.0,0.0,0.0
42106035,clip_crop,421060,combined,True,0.4329896907216495,0.0,0.0,0.4192751745112931,0.4192751745112931,1.0
42106001,clip_crop,421060,combined,True,0.5911764705882353,1.0,1.0,0.0,0.0,0.0
53799101,clip_crop,537991,combined,True,0.8566034034623118,1.0,1.0,0.0,0.0,0.0
53799177,clip_crop,537991,combined,True,0.6783876500857633,0.0,0.0,0.6743012519538311,0.6379692752303024,0.0
12766033,clip_crop,127660,combined,True,0.7840387302854861,0.0,1.0,0.2544707597002548,0.0,0.0
12766001,clip_crop,127660,combined,True,0.7335939296389975,0.0,1.0,0.3927192026411816,0.0,0.0
56843906,clip_crop,568439,combined,True,0.5997114459762745,1.0,1.0,0.0,0.0,0.0
56843901,clip_crop,568439,combined,True,0.0120963710886733,0.0,1.0,0.0103159556584063,0.0,1.0
28444501,clip_crop,284445,combined,True,0.2882846043753833,1.0,1.0,0.0,0.0,1.0
28444510,clip_crop,284445,combined,True,0.2823741007194245,0.0,1.0,0.2463096354878231,0.0,1.0
42299844,clip_crop,422998,combined,True,0.7522054190296156,0.0,1.0,0.022124118216607425,0.0,0.0
42299801,clip_crop,422998,combined,True,0.0007134055386211,0.0,0.0,0.0007134055386211,0.0007134055386211,1.0
18149973,clip_crop,181499,combined,True,0.5177268180639425,1.0,0.0,0.0,0.4010012939824939,0.0
18149976,clip_crop,181499,combined,True,0.5272068608605648,0.0,0.0,0.27779652323673565,0.27779652323673565,0.0
2718663,clip_crop,27186,combined,True,0.886614476386037,0.0,0.0,0.004896794745037569,0.004896794745037569,0.0
2718601,clip_crop,27186,combined,True,0.9516730725751752,1.0,1.0,0.0,0.0,0.0
15064941,clip_crop,150649,combined,True,0.1512915129151291,0.0,0.0,0.1386024994859233,0.1386024994859233,1.0
15064901,clip_crop,150649,combined,True,0.0006168153349781,0.0,0.0,0.000147216283121,0.000147216283121,1.0
44600579,clip_crop,446005,combined,True,0.7282260054280779,1.0,1.0,0.0,0.0,0.0
44600578,clip_crop,446005,combined,True,0.4861043393466601,0.0,0.0,0.25023057110417535,0.25023057110417535,1.0
53257518,clip_crop,532575,combined,True,0.9227687279245084,1.0,1.0,0.0,0.0,0.0
53257509,clip_crop,532575,combined,True,0.4324917278089483,0.0,1.0,0.3478508660110828,0.0,1.0
16907601,clip_crop,169076,combined,True,0.0553239747440691,0.0,0.0,0.014865818453657205,0.0411582850215213,1.0
16907617,clip_crop,169076,combined,True,0.8465109314165918,0.0,0.0,0.32636171205491915,0.32636171205491915,0.0
