selector,fallback,selection_accuracy,iou,auc,balanced_accuracy,precision,recall
sam_score,always,0.462,0.4004824074280719,,,,
sam_score,density_threshold,0.462,0.41458904579327827,0.7775527597402597,0.6762175324675325,0.6779891304347826,0.8910714285714286
sam_score,logistic,0.462,0.41142084632694625,0.8039042207792209,0.7270292207792208,0.7626811594202898,0.7517857142857143
coverage,always,0.499,0.39472255788247923,,,,
density,always,0.528,0.39396860712892273,,,,
smart,always,0.587,0.441898063678935,,,,
smart,density_threshold,0.587,0.4465077383831594,0.7601681198767818,0.6080553090029412,0.6994219653179191,0.942367601246106
smart,logistic,0.587,0.43833052375893145,0.7874658452113681,0.7348109086479054,0.8243243243243243,0.7601246105919003
candidate_oracle,always,1.0,0.5020937743045132,,,,
