image_id,category_id,fold,sam_score_candidate,coverage_candidate,density_candidate,smart_candidate,sam_score_probability,sam_score_threshold_trust,smart_probability,smart_threshold_trust
8532,1,2,1,0,0,0,0.7484860315682083,True,0.8880126456344738,True
8532,32,2,1,0,2,0,0.5878719948165899,True,0.7167065089556526,True
61471,70,3,1,0,2,1,0.6967785580230644,True,0.7006100284797278,True
61471,18,3,1,0,2,1,0.8959123666084943,True,0.8881437721923389,True
52591,1,1,0,0,1,1,0.2843421443141241,True,0.6272076488714547,True
52591,35,1,1,0,1,1,0.6485905782840018,True,0.5961191267602511,True
386912,76,0,1,0,2,1,0.6965879613275201,True,0.6867517414483385,True
386912,1,0,0,0,1,0,0.5365641287708726,True,0.5298128926728356,True
400082,58,1,2,0,1,1,0.7582736400097843,True,0.9076691231061014,True
400082,67,1,1,0,2,1,0.5397407591756063,True,0.6097841745926111,True
562207,1,4,0,0,2,0,0.13886573948505834,False,0.16261504989561654,False
562207,22,4,1,0,1,1,0.947293608044692,True,0.9249982837237746,True
130613,57,2,2,0,2,1,0.8916764176736716,True,0.839678980852742,True
130613,67,2,0,0,2,0,0.3798981467057313,False,0.23381365018382064,False
45550,54,1,1,0,1,1,0.7146602622244416,True,0.8239157220912321,True
45550,1,1,1,0,0,0,0.30408631135922715,True,0.4930751580132437,True
244833,62,0,1,0,2,1,0.3513257055238017,False,0.27727584224653085,False
244833,4,0,1,2,0,0,0.42922120439660444,True,0.3753083250467247,True
464476,7,4,1,0,2,1,0.838752082057617,True,0.7691495025648044,True
464476,72,4,0,0,1,0,0.27902304073860323,False,0.12541215539378583,False
322574,51,3,2,0,0,0,0.10310049959155063,False,0.15049630158263289,False
322574,58,3,2,0,2,2,0.8033480074231611,True,0.8417221567945233,True
481413,34,0,1,0,2,2,0.21761934554777457,False,0.3856032956417335,True
481413,1,0,0,0,2,1,0.22789140664200724,True,0.4188842457843804,True
420840,62,2,0,0,0,0,0.35630664317326816,False,0.3344072078931348,True
420840,1,2,0,0,0,0,0.8415772855547733,True,0.8762635122443311,True
346232,28,4,1,0,1,1,0.8762128580146309,True,0.8703686081254427,True
346232,8,4,1,0,0,0,0.8172742044679225,True,0.8323583480385787,True
122046,62,4,2,0,2,0,0.49251142296984024,True,0.308980638507683,True
122046,28,4,2,0,0,0,0.3930823718242125,True,0.8300812270448772,True
322610,15,0,0,0,2,1,0.4671117611260986,True,0.3907737150101715,True
322610,1,0,0,0,0,0,0.6660656965534743,True,0.6156486757973945,True
525155,20,3,1,0,1,1,0.7849214156774692,True,0.7429697906568883,True
525155,1,3,0,0,0,0,0.7356736703168839,True,0.7673845817785891,True
496571,77,3,2,0,2,2,0.8293224028239189,True,0.829513649349565,True
496571,47,3,2,1,1,1,0.1620726369560967,False,0.5065693363635868,True
497599,1,1,0,0,0,0,0.6211043027817468,True,0.6921549052856656,True
497599,62,1,1,0,2,0,0.6905413525229176,True,0.6826400719501954,True
105264,1,0,0,0,2,0,0.7571894008115445,True,0.5830308536449914,True
105264,21,0,0,0,1,1,0.954885426927889,True,0.9043465282065274,True
566282,3,0,1,0,1,1,0.9418723771407362,True,0.8654361061716705,True
566282,1,0,0,0,1,0,0.6040004678731478,True,0.6269748822314473,True
309391,1,2,0,0,2,1,0.05528492049605379,False,0.04444771954783783,False
309391,10,2,0,0,1,1,0.1273515136870684,False,0.23496028727307733,True
181303,1,0,1,0,1,0,0.8559363775641008,True,0.8511838357310685,True
181303,38,0,2,0,2,2,0.5465597915491258,True,0.6751851620177769,True
366141,63,4,1,0,2,1,0.5496216611035102,True,0.5702083528835076,True
366141,72,4,1,0,1,0,0.7103141827478429,True,0.7272470021579059,True
373382,1,1,0,0,2,0,0.44150050418354436,True,0.5685752849848228,True
373382,43,1,0,0,1,0,0.606522022154124,True,0.5323791087533839,True
80671,35,0,0,0,2,2,0.052890073346996795,False,0.2677108309782167,True
80671,1,0,0,0,2,2,0.003956832128062566,False,0.01248731350507858,False
8844,52,1,0,0,0,0,0.6601601118832695,True,0.6542091164815456,True
8844,1,1,2,0,1,1,0.8082266640406888,True,0.8713988157184958,True
104424,43,1,1,0,2,2,0.5514037534000449,True,0.6839749807599049,True
104424,1,1,0,0,2,1,0.7586941258608623,True,0.7386211842113005,True
536947,82,3,1,0,1,1,0.8899466453183376,True,0.8842578710169827,True
536947,62,3,0,0,2,1,0.4733206669653646,True,0.5400348044644889,True
38678,1,2,2,0,2,0,0.5899063201785629,True,0.4924422058123758,True
38678,60,2,1,0,1,1,0.8837593486567962,True,0.8542145782045347,True
416330,65,3,2,0,2,1,0.5575212800918347,True,0.44615600277660783,True
416330,17,3,0,0,0,0,0.7612800976669717,True,0.7549637309454827,True
231747,1,4,1,0,2,0,0.4934045419966965,True,0.37825559413686277,True
231747,39,4,2,0,1,1,0.3500250744213729,True,0.3414911132032544,True
358923,28,1,1,0,1,1,0.9038514225755092,True,0.8757505736616217,True
358923,1,1,0,0,2,1,0.41020275482400487,False,0.3968017028602003,True
209757,1,0,1,0,1,1,0.2898350553364716,True,0.4382932965035491,True
209757,41,0,1,0,2,1,0.8047679266195971,True,0.7208232729517802,True
79651,44,1,0,0,2,1,0.5599488385379032,True,0.5725915973321744,True
79651,52,1,2,1,1,1,0.5017351105049473,True,0.9205459594875811,True
458768,63,2,1,0,1,1,0.7660087483285524,True,0.8446791972808884,True
458768,81,2,2,0,2,0,0.5281917109456745,True,0.595601142174123,True
567197,8,2,0,0,1,1,0.9101771133784956,True,0.8835445920831958,True
567197,3,2,1,0,2,1,0.7747848277342974,True,0.7013719880461391,True
40036,1,0,0,0,2,2,0.10471334626374539,False,0.06836845507535183,False
40036,19,0,2,0,0,0,0.8287991108225727,True,0.7462993408025048,True
404922,1,1,1,0,0,0,0.03355172249580657,False,0.3808179824915313,True
404922,43,1,1,0,2,1,0.933121022361066,True,0.9206364545463896,True
2685,44,0,1,0,1,1,0.7664974316571316,True,0.6867855324493053,True
2685,1,0,0,0,2,2,0.12490508775006394,False,0.13006345479444995,True
300276,67,1,0,0,1,0,0.4299214285114823,True,0.5394698484688728,True
300276,61,1,0,0,0,0,0.8236696310186379,True,0.7813294034936676,True
99428,75,4,1,0,1,1,0.700993794513394,True,0.6472175348093564,True
99428,73,4,2,0,0,0,0.4304529033260691,False,0.4157563622139873,False
64462,1,4,0,0,0,0,0.6714775812149064,True,0.5763334072171289,True
64462,35,4,0,0,2,1,0.09351385164166791,False,0.18580749266937252,False
157365,1,1,0,0,1,1,0.5308498530970148,True,0.8072637131513777,True
157365,3,1,0,0,2,1,0.7614548910586135,True,0.7268716962841804,True
25096,41,3,0,0,2,0,0.3611516600285668,False,0.3455215518461734,True
25096,67,3,0,0,2,0,0.526995299058146,True,0.48819504243318823,True
190648,62,3,1,0,2,0,0.1874958270377651,True,0.08689428999404565,False
190648,65,3,1,0,0,0,0.47920820835617256,True,0.6253352086971032,True
334417,54,1,1,0,1,0,0.5069418728442843,True,0.6254466059263881,True
334417,59,1,2,0,2,0,0.718598611668318,True,0.41171420780564544,True
223959,43,3,0,0,2,1,0.024780464762996664,False,0.09922248586476536,False
223959,1,3,0,0,2,0,0.4848928379428092,True,0.39766493431014444,True
292330,39,2,0,0,2,0,0.20129860444494566,False,0.17204913285297657,False
292330,18,2,1,0,0,0,0.9437885041173376,True,0.912315810392751,True
367195,63,2,1,0,2,1,0.25974103822473293,False,0.23491061149197462,False
367195,18,2,2,0,1,1,0.8995792741482427,True,0.9430025022087387,True
321790,1,1,0,0,0,0,0.6922518546395745,True,0.6401041696671582,True
321790,43,1,1,0,1,1,0.8667326267089966,True,0.8994575313302607,True
3156,1,1,1,0,2,0,0.3955802124816947,True,0.40944447695788433,True
3156,81,1,2,0,2,1,0.5859944006528542,True,0.6921776738653829,True
549930,1,2,0,0,2,0,0.435689770209071,True,0.40362861881128226,True
549930,28,2,1,0,2,1,0.711592120740536,True,0.811229793438938,True
339442,54,3,2,0,0,0,0.7469356730211701,True,0.8147487990783912,True
339442,67,3,2,0,1,1,0.6978779413621965,True,0.7454156359087367,True
150638,44,1,1,0,2,0,0.4144937724864473,True,0.4324126184601519,True
150638,1,1,0,0,2,1,0.15422769464057143,False,0.10500867629280222,True
521405,90,4,1,0,0,0,0.8323409085539533,True,0.8609320341028353,True
521405,81,4,0,0,2,2,0.07504927365776379,False,0.36854306092106554,True
82765,73,4,2,0,2,1,0.9380256194421975,True,0.8808377127086874,True
82765,65,4,0,0,2,2,0.12614917905066592,False,0.3577112501944636,True
47121,17,4,1,0,1,1,0.9194211922390959,True,0.8369846189011863,True
47121,44,4,1,0,2,1,0.6254253347479871,True,0.69465280274807,True
465180,22,0,1,0,0,0,0.8936054904287508,True,0.8337328116034024,True
465180,1,0,0,0,2,2,0.010401691443115268,False,0.004778043375862425,False
241319,44,1,0,0,2,2,0.016681712140470435,False,0.18887336448726813,True
241319,90,1,1,0,2,2,0.027172016115786173,False,0.23304391449737338,True
535523,1,4,0,0,2,2,0.22379006345942837,False,0.4348192231077103,True
535523,62,4,1,0,2,1,0.5322408154742077,True,0.656061092834747,True
566923,1,4,1,0,2,0,0.3204374505079711,True,0.506265469132825,True
566923,11,4,1,0,1,1,0.8875254210165523,True,0.8672314847411517,True
292446,72,2,1,0,2,1,0.6966113200629069,True,0.5732405440736963,True
292446,1,2,2,1,2,1,0.2875560400212367,True,0.19695638583452132,True
376112,27,1,0,0,2,0,0.8204766417272251,True,0.7215016298929533,True
376112,1,1,0,0,0,0,0.9244124077765788,True,0.8724241602779073,True
156643,47,0,0,1,2,1,0.2779198003539805,False,0.1248849643410304,True
156643,61,0,1,0,2,0,0.6503378334886158,True,0.60373408728961,True
202445,17,0,2,0,2,2,0.9089919985481816,True,0.870256116871407,True
202445,65,0,0,0,1,1,0.2539765454368099,False,0.2467747301929095,False
468332,61,2,1,1,2,1,0.929428717055884,True,0.931538614403504,True
468332,1,2,0,0,0,0,0.7229589444347961,True,0.7640022839932546,True
548339,15,4,0,0,2,0,0.18013328928703365,False,0.14999316415707506,False
548339,1,4,2,0,1,0,0.4992506358406377,True,0.4273378879318074,True
329219,18,1,2,1,2,2,0.8067819168255306,True,0.8072411752960672,True
329219,1,1,1,0,2,0,0.627498335156602,True,0.6406861726117821,True
493334,77,4,1,2,1,1,0.853566842356667,True,0.900958935256291,True
493334,61,4,0,0,2,0,0.5256755182542636,False,0.3158349437278178,True
439623,3,1,1,0,1,1,0.8060782838926533,True,0.8218446472322545,True
439623,11,1,1,0,0,0,0.6409592596164435,True,0.6933003613136935,True
71711,5,1,1,0,2,0,0.6886562648865845,True,0.5208552952650872,True
71711,1,1,0,0,2,2,0.008718897484594227,False,0.022989543899265868,False
170278,65,3,2,0,1,1,0.3949704636753902,True,0.4347985413315668,True
170278,18,3,1,0,2,1,0.8953901819739151,True,0.8611244489422204,True
259597,62,1,2,0,0,0,0.32257800639929146,False,0.3052814401999356,True
259597,77,1,1,0,0,0,0.8908397339696791,True,0.9515538023323609,True
138241,67,1,2,0,2,1,0.43063666285908636,False,0.3068527104390138,True
138241,58,1,1,0,2,0,0.7229783273933263,True,0.6132988551797849,True
97994,76,0,1,0,2,1,0.7569666455369224,True,0.7153084206553962,True
97994,73,0,0,0,2,0,0.5949820697623894,True,0.5035321848108556,True
197796,81,0,1,0,2,2,0.3843879474074595,False,0.49825616906834863,True
197796,44,0,1,0,2,0,0.8634154732127861,True,0.7890265655704921,True
444142,62,1,1,0,2,1,0.08908685800448249,False,0.13042995381370892,True
444142,1,1,2,0,2,2,0.12301158384153374,False,0.17299984009260652,True
30785,56,1,1,0,1,1,0.8175946737353207,True,0.8325561662552604,True
30785,67,1,0,0,0,0,0.15776906723934395,False,0.09790693130293501,False
468925,52,2,1,0,2,1,0.8112222927013968,True,0.763342652710683,True
468925,54,2,1,0,0,0,0.33909844509179937,False,0.2324685316956952,False
322429,51,1,0,0,2,0,0.3654324421085587,False,0.3316868998976606,True
322429,47,1,0,1,1,1,0.03846995648578776,False,0.20230592924486177,True
465836,1,4,2,0,1,1,0.16698252227472854,False,0.46254793041759085,True
465836,35,4,0,0,2,0,0.45953677801500004,False,0.3646600976521168,False
91779,67,0,0,0,2,1,0.45286135156724433,False,0.39702884101782016,True
91779,54,0,1,0,2,1,0.520645395002348,False,0.4310305469656692,True
415238,64,2,1,0,2,1,0.7330247089709103,True,0.7051321942162878,True
415238,62,2,2,0,1,1,0.5213380869868567,True,0.7204657204442875,True
455301,1,3,2,0,2,2,0.4321307783367512,True,0.4012595659226333,True
455301,84,3,2,1,1,1,0.8266349638518399,True,0.7548466707722112,True
197870,15,0,2,0,0,0,0.45874479264858153,False,0.5169391502843045,True
197870,16,0,1,0,0,1,0.9168864495915129,True,0.8768854104685196,True
510329,1,1,2,0,2,1,0.5244434658192495,True,0.6150816002481697,True
510329,28,1,2,0,2,1,0.9179529013558415,True,0.9124085804180305,True
466602,35,0,2,0,2,2,0.32141562486271646,False,0.5136282347368589,True
466602,1,0,0,0,2,0,0.797429976858607,True,0.7749442558240871,True
138954,67,1,0,0,2,0,0.2347362026753309,False,0.21563226816987988,False
138954,53,1,2,0,1,0,0.30526767699167473,True,0.2867615747040711,True
415741,65,4,2,0,1,1,0.816238715332572,True,0.8907914063790727,True
415741,62,4,2,0,2,2,0.626603811401197,True,0.6783202909283554,True
531707,1,1,0,0,2,1,0.18539292801345855,False,0.4680174735910239,True
531707,15,1,1,1,0,1,0.8962450416977945,True,0.8514112037553553,True
562561,28,3,1,1,1,1,0.7584982215533448,True,0.6363786079544778,True
562561,18,3,0,0,0,0,0.8745404838119386,True,0.8171752768138707,True
80340,33,0,1,0,1,1,0.9030254364340307,True,0.9268043193318146,True
80340,1,0,0,0,2,0,0.5103546031740621,True,0.6785314599347327,True
1503,73,4,2,0,2,1,0.2665137932618533,True,0.3272807962414904,True
1503,72,4,1,0,2,1,0.5624756866384908,True,0.578204947272252,True
53529,18,0,2,1,2,0,0.8628713461164537,True,0.8469841585828387,True
53529,8,0,1,0,2,2,0.12844738358174831,False,0.11421788685663027,False
313130,82,3,2,0,0,0,0.6859123087517162,True,0.6491105586963545,True
313130,62,3,2,0,2,2,0.09870451412881405,False,0.08678865929534821,False
559547,39,0,0,0,2,0,0.19504046476135484,False,0.06688966150614002,False
559547,1,0,0,2,2,2,0.13040556966405198,False,0.14344212366658166,True
334555,21,3,0,0,0,0,0.9613063669965548,True,0.9378573812637753,True
334555,3,3,1,0,1,1,0.6852808991444255,True,0.5915250963141504,True
123321,56,1,0,0,0,0,0.5048390439662472,True,0.5627248312420097,True
123321,51,1,1,0,2,1,0.23048673618667465,False,0.30073080043721867,False
295809,3,1,1,0,1,1,0.4519371002426645,True,0.31622410003398865,True
295809,2,1,0,0,1,1,0.40177697269290047,True,0.721377474443011,True
304180,1,4,0,0,0,0,0.0201215115760048,False,0.026168190798685497,False
304180,41,4,0,0,2,2,0.04564277221943347,False,0.1347487528918304,False
534041,62,4,0,1,2,0,0.39520091817391617,False,0.3107394520150853,False
534041,1,4,2,0,2,0,0.701386378889534,True,0.6780221688778848,True
314264,1,1,0,0,2,0,0.7301993913331398,True,0.7097781141078543,True
314264,64,1,1,0,0,0,0.5724965980371545,True,0.6015404136127015,True
547854,67,0,0,0,1,1,0.366144685581202,False,0.35938389458111775,True
547854,1,0,0,0,1,0,0.29641677948229705,False,0.23300633027168915,False
578792,4,0,0,0,0,0,0.6203602729257561,True,0.610234992886361,True
578792,1,0,0,0,2,1,0.23001336534972283,False,0.42268871730665825,True
463690,37,2,2,0,2,2,0.8206252467291051,True,0.8236533310490141,True
463690,1,2,0,1,1,1,0.03222392613420352,False,0.04837411538953521,False
224337,1,2,2,0,1,1,0.7407976382737019,True,0.8334792769622558,True
224337,59,2,2,0,1,1,0.870966576105187,True,0.9129228073562159,True
66231,1,4,1,0,2,2,0.333333678179959,True,0.3445990643142051,True
66231,81,4,0,0,2,0,0.39496365976730485,True,0.3919809102104275,True
479155,31,3,1,0,2,1,0.7735762130860911,True,0.7143364511685696,True
479155,53,3,0,0,2,0,0.8079375300370403,True,0.8361724797917985,True
214192,4,4,1,0,2,1,0.698779974828635,True,0.6179260249415334,True
214192,1,4,0,0,2,2,0.005085945602225441,False,0.11888253481983316,True
344795,61,2,2,0,0,0,0.44523387267424436,True,0.7009762488399025,True
344795,79,2,2,0,2,1,0.5124908244054064,True,0.41600471857770677,True
189213,82,4,1,0,2,1,0.39164666717918967,True,0.4065201416099607,True
189213,62,4,1,0,1,0,0.789147813736961,True,0.7697960852690986,True
410456,1,4,0,0,2,2,0.18617656695289223,False,0.4081958931984008,True
410456,42,4,2,0,2,1,0.563529628827161,True,0.7387001372826263,True
191580,54,2,0,0,2,1,0.11356345396326863,False,0.19400707999843092,False
191580,49,2,1,0,2,1,0.297123866236099,False,0.28252514049343236,False
357888,1,3,2,0,2,0,0.6130913355377168,True,0.5854047239443504,True
357888,38,3,1,0,2,1,0.5589714295186899,True,0.609750894972205,True
191672,42,4,0,0,2,0,0.40776502871409503,False,0.33215717854508947,False
191672,1,4,1,0,1,1,0.573627425990437,True,0.45184887757569336,True
521141,3,2,0,1,1,1,0.196788076342479,True,0.6759010124645739,True
521141,1,2,0,0,2,2,0.009429421167610825,False,0.053566578522995366,True
329455,67,4,0,0,0,0,0.44847656839040645,False,0.412855744388602,False
329455,47,4,1,1,2,1,0.23430971994972416,False,0.1236834948063571,False
18770,1,4,2,0,1,2,0.9173983769980397,True,0.9100488991066303,True
18770,32,4,1,0,2,1,0.585787220497607,True,0.6829960819027517,True
568981,1,4,1,0,2,1,0.46200938893330906,True,0.5491903335124274,True
568981,27,4,0,0,2,0,0.5319304076320914,True,0.5257925329428799,True
456015,1,0,0,1,2,1,0.08145016778280849,False,0.5414348135658812,True
456015,19,0,1,0,0,0,0.8987026998536136,True,0.768530002376956,True
559842,1,2,0,0,2,1,0.5043133461760587,True,0.5191570430581707,True
559842,62,2,0,0,2,0,0.7134396303448701,True,0.6257090711257864,True
495732,1,1,0,0,2,0,0.6513014818628148,True,0.5867564720709589,True
495732,63,1,1,0,2,1,0.5341502189186685,True,0.7299791603837833,True
368335,19,3,1,0,1,1,0.9374949416085906,True,0.9373035709738501,True
368335,3,3,0,0,0,0,0.739145873385036,True,0.7745511288421858,True
242946,62,1,2,1,1,1,0.23988700273861288,False,0.3226991784511431,True
242946,47,1,0,0,2,1,0.5727860556300051,True,0.6852516497659751,True
89045,63,0,0,0,2,0,0.5101938759533636,True,0.6627390456311056,True
89045,84,0,0,0,1,0,0.28483242760475663,True,0.24300631007411003,True
36844,2,2,0,0,2,1,0.7459872786964736,True,0.8489222069432568,True
36844,62,2,1,0,2,1,0.7088892450419715,True,0.683021318664804,True
296222,1,1,0,0,2,0,0.45516529931270816,True,0.49665737682241035,True
296222,62,1,0,1,2,1,0.08168611920392477,False,0.44468790311861844,True
331352,81,0,0,0,2,0,0.5601628415988025,False,0.42640406667095637,True
331352,70,0,2,0,2,1,0.3531849008457234,False,0.3707161219918626,True
311394,90,4,2,0,2,2,0.8501952746726043,True,0.8606884075051051,True
311394,1,4,2,0,2,1,0.35297396419016314,True,0.45657236213484187,True
326082,63,1,1,0,2,2,0.44942828943175495,True,0.46635356914137005,True
326082,67,1,2,0,1,1,0.29557203024247924,True,0.4839489139834263,True
82085,1,0,1,0,2,2,0.07375053590337663,False,0.21525620062140657,True
82085,7,0,0,0,2,0,0.641503274273281,True,0.623919349478807,True
121031,19,0,1,0,0,0,0.894913051154019,True,0.8169441052720617,True
121031,1,0,0,1,2,2,0.06106251066340236,False,0.07385543449541472,True
512836,18,1,1,0,2,1,0.9195047146506118,True,0.8121656418381034,True
512836,31,1,2,0,2,1,0.6683235018531689,True,0.6317975621009394,True
448256,9,0,1,0,1,1,0.9108001134908162,True,0.870808016470783,True
448256,1,0,1,0,2,0,0.13036959749177596,False,0.16744605115403702,True
274066,1,3,1,0,2,1,0.47025284417694974,True,0.4302008011327852,True
274066,42,3,0,0,2,0,0.27959232580277765,False,0.13512497025206371,False
482917,72,0,1,0,2,1,0.6787462759207481,True,0.689122110271605,True
482917,18,0,2,0,1,1,0.4683395834474437,True,0.7469076946352367,True
14007,82,3,2,0,1,0,0.7783407153272371,True,0.521029229712002,True
14007,17,3,1,0,1,1,0.9294273907959557,True,0.9338531594915236,True
86220,7,0,0,0,0,0,0.8906822145786999,True,0.8071161335989114,True
86220,6,0,0,0,0,0,0.9173183834668306,True,0.8276607930364336,True
201775,70,2,0,0,2,0,0.5444838866335504,True,0.5422894451169988,True
201775,81,2,1,0,1,1,0.3235767732553719,True,0.4194411146882697,True
94326,15,2,1,0,1,1,0.8520974966671921,True,0.832687256347101,True
94326,1,2,0,0,0,0,0.6741910710914228,True,0.7222993964174351,True
19924,1,4,1,0,2,0,0.3165168902848064,False,0.16138257530712372,False
19924,32,4,2,0,2,0,0.4331289753167382,True,0.11425571799719254,False
290248,8,3,0,0,2,1,0.04500847820269153,False,0.16333239040517933,True
290248,1,3,0,0,2,1,0.2758090121634972,True,0.4499585968639597,True
322959,67,4,1,0,1,0,0.2768970784769129,False,0.2385506138009884,False
322959,55,4,1,0,2,1,0.6621868487376041,True,0.6568113972632756,True
132116,56,2,2,0,2,1,0.4905632093025441,True,0.46074695140148497,True
132116,51,2,2,1,2,2,0.5400856230382943,True,0.37102549065212076,True
479912,8,1,0,0,2,1,0.049632392124433225,False,0.20209365543302288,True
479912,5,1,2,0,1,1,0.828798080175309,True,0.8369808652269863,True
68628,1,1,1,0,0,1,0.8175841801991707,True,0.7759325144371316,True
68628,41,1,2,0,2,2,0.2999705539296049,True,0.21496307083969537,True
280918,82,3,1,0,2,1,0.30940811664608747,True,0.3615429693559696,True
280918,1,3,1,0,2,0,0.2580159872770334,True,0.4300355511973191,True
414034,47,4,1,0,2,2,0.08052063451629352,False,0.38179146465747116,True
414034,75,4,2,0,2,1,0.6224267261196539,True,0.6689101846723632,True
366225,72,4,0,0,2,0,0.39484460586879677,False,0.35420921858310594,False
366225,76,4,0,0,2,0,0.3621342973373497,False,0.2550934016856028,False
512657,42,2,2,0,2,2,0.5869575805922256,True,0.697846747600966,True
512657,1,2,0,0,1,0,0.45998030487122643,True,0.6159084451598562,True
236166,18,3,2,0,2,1,0.8645603570966425,True,0.788773931319541,True
236166,1,3,2,0,2,2,0.8267248638069529,True,0.8724810438502317,True
495054,8,3,0,0,2,2,0.2587772273076062,False,0.32161062813497615,True
495054,5,3,1,0,0,0,0.8771095181954778,True,0.80853412271914,True
407083,18,2,0,0,2,1,0.6054796054971405,True,0.5968793141098039,True
407083,3,2,1,0,2,0,0.469920959046247,True,0.22315817578661357,True
476119,3,2,1,0,1,1,0.8360634177037709,True,0.8110603945989574,True
476119,1,2,0,0,2,1,0.08833096025137355,False,0.11280567843197231,False
474095,70,3,1,0,2,2,0.615375166944781,True,0.4016783906739777,True
474095,1,3,1,0,0,0,0.5566266802613163,True,0.5444342091234202,True
241326,17,0,1,0,1,1,0.9402578042405239,True,0.9156568486170945,True
241326,63,0,1,0,0,0,0.34068491810453017,False,0.27901491288263813,False
442323,62,2,1,0,2,0,0.6843396881388759,True,0.7282694795846929,True
442323,65,2,0,0,0,0,0.6689151874263809,True,0.5471975582937341,True
410650,62,2,0,0,1,0,0.4539150751461497,True,0.4136449407692693,True
410650,1,2,0,0,2,0,0.350387376216403,False,0.17860494206594238,False
152120,1,3,1,0,2,0,0.05386483667087054,False,0.049284286882459255,False
152120,4,3,2,0,0,0,0.23777619248983786,True,0.7630461369939281,True
505573,18,3,2,0,1,0,0.5435841501780868,True,0.587831428327811,True
505573,32,3,0,0,1,0,0.45248663136512296,True,0.344676443201052,True
109313,1,3,0,0,1,0,0.42760083471825944,True,0.48058273620354647,True
109313,63,3,1,0,2,1,0.7259414846171641,True,0.6396824884395201,True
413395,63,4,2,1,2,2,0.5328926143210974,True,0.4823997428806428,True
413395,17,4,1,0,1,1,0.9520663648265394,True,0.8772651342337899,True
451879,40,0,2,1,1,1,0.08183648443105687,False,0.2430877839290615,True
451879,1,0,0,0,2,0,0.46755815254699057,True,0.4466818632919491,True
258883,1,3,0,0,1,1,0.5025692393066601,True,0.5274204565137215,True
258883,59,3,2,0,1,1,0.501571511219861,True,0.530929353459084,True
166426,67,1,1,0,2,1,0.29044375529688576,False,0.16682778023881858,False
166426,47,1,0,1,1,1,0.16387223017335142,False,0.34171670637881796,True
199681,88,2,2,0,0,0,0.7904123853137167,True,0.8920871586207415,True
199681,78,2,2,0,2,2,0.40787006768738837,True,0.488454408215944,True
415727,39,0,1,0,2,0,0.40954127932040035,True,0.29394251913441893,True
415727,1,0,1,0,2,0,0.42487543998509697,True,0.4600676631636158,True
430056,76,1,1,0,2,1,0.310882087918332,False,0.45934530791605765,True
430056,54,1,0,0,0,0,0.8616809613902936,True,0.8261786790644124,True
353051,19,2,0,0,2,1,0.8260466777728735,True,0.76438703995017,True
353051,1,2,2,0,2,0,0.773597360720782,True,0.7389470834810606,True
431140,70,4,0,0,0,0,0.5317191867289721,True,0.4734447111137989,True
431140,81,4,2,0,1,1,0.5768320883922539,False,0.4900769376689456,False
68093,1,0,1,0,2,0,0.5241011570839293,True,0.4944101835905882,True
68093,3,0,1,0,1,1,0.4837259726383039,True,0.5430911853040283,True
142585,4,3,1,0,2,2,0.4501931255748639,True,0.6424298388619689,True
142585,8,3,0,0,1,0,0.5387082461668359,True,0.5779805687754948,True
12670,88,2,1,0,2,0,0.9153696526927291,True,0.9326025268590389,True
12670,31,2,0,0,2,1,0.2968366372553028,True,0.27956826805236135,True
22479,1,1,0,0,2,0,0.5888183715043143,True,0.6433183045760147,True
22479,41,1,1,0,2,0,0.42261310831469945,True,0.5539129384000078,True
232563,28,1,2,0,2,0,0.4940471732538661,True,0.37463393623399716,True
232563,1,1,1,0,2,0,0.4311657628564941,True,0.2424668516270987,True
203629,1,0,0,0,2,0,0.7437392128749157,True,0.609928525679502,True
203629,47,0,0,0,2,2,0.3077010874601126,False,0.3105698533921355,True
570782,44,0,1,0,1,1,0.8951003302931716,True,0.8894974260546463,True
570782,73,0,1,0,0,0,0.49931851045436265,True,0.415476176838409,True
514797,1,2,0,0,0,0,0.025961247798438263,False,0.017064368288407513,False
514797,38,2,1,0,2,1,0.7920449268050449,True,0.8564602478006615,True
78420,17,3,1,0,1,1,0.9311772739293511,True,0.8862768111494274,True
78420,62,3,1,0,2,1,0.5944083763177404,True,0.7073876379018833,True
199442,42,1,2,0,2,0,0.4916477659675987,True,0.46960978391972574,True
199442,1,1,0,0,2,0,0.01854115452154341,False,0.016344759455028487,False
100723,13,0,1,0,1,1,0.9109392211264786,True,0.8300757726242072,True
100723,1,0,0,0,2,2,0.1634035015423427,False,0.32538337922498783,True
343076,17,2,0,0,0,0,0.7072012169884758,True,0.7382906054818479,True
343076,73,2,2,0,0,0,0.6338713728584526,True,0.744146818377716,True
361730,1,4,0,0,2,0,0.009237072580266863,False,0.005146579267697429,False
361730,38,4,0,0,0,0,0.5375995572370355,False,0.39266830681551557,True
78170,7,3,2,0,0,0,0.5762597484287104,True,0.45237368246101944,True
78170,62,3,2,0,2,1,0.24867750027048396,True,0.22444878091497433,True
455937,62,2,2,0,1,0,0.5350736448356309,True,0.430052329561976,True
455937,72,2,1,0,2,1,0.682619078771487,True,0.7518521752874603,True
253819,1,3,0,0,0,0,0.6635078806985959,True,0.6102626738041528,True
253819,41,3,1,0,2,1,0.6835621632767052,True,0.741842215674215,True
31296,1,3,0,0,0,0,0.5175102922286112,True,0.49619889943007345,True
31296,62,3,1,0,1,1,0.4129074956020792,True,0.31296811144986825,True
369675,1,4,0,0,2,2,0.39891268031120664,True,0.19643347581538015,True
369675,7,4,0,0,1,1,0.43807697686443026,False,0.5040905222484168,True
116362,57,3,0,0,1,1,0.4649188620333283,True,0.5819883559642057,True
116362,50,3,0,0,0,0,0.4686087973487973,True,0.30229323926921403,True
233238,67,4,1,1,0,0,0.21939410984355093,False,0.26306460362363054,False
233238,1,4,0,0,2,0,0.7054268760608107,True,0.7863960231788724,True
78748,4,3,0,0,0,0,0.7230007593219214,True,0.697487712090329,True
78748,1,3,1,0,2,1,0.39171799401118346,True,0.32593352999463077,True
545826,17,1,1,0,1,1,0.8424789932043344,True,0.8733001119119528,True
545826,62,1,0,0,2,2,0.11785649265306503,False,0.22411433213759038,False
554579,31,2,0,0,2,0,0.2909516321541192,True,0.3088817960250865,True
554579,18,2,1,0,0,0,0.9397255410645609,True,0.9117090813182008,True
404249,1,0,0,0,0,0,0.8714541348737924,True,0.7739548857750674,True
404249,41,0,1,0,2,2,0.13126601313256003,False,0.2534221511245463,True
369323,43,2,0,0,2,2,0.12420458732966785,False,0.3119091920494096,True
369323,1,2,0,0,1,0,0.1752767105599397,True,0.16837852597673042,True
405691,44,3,2,0,2,1,0.6144917856892163,True,0.5752213265061784,True
405691,64,3,1,0,2,0,0.7335698504923251,True,0.6943966157502169,True
205401,9,2,1,0,2,0,0.7468443376986345,True,0.6824818478005877,True
205401,5,2,0,0,0,0,0.5923845188085262,True,0.5840858651404407,True
291664,18,4,1,0,1,1,0.8231271664882278,True,0.8292328917161873,True
291664,11,4,1,0,0,1,0.8035799805394251,True,0.7377164721281182,True
11813,73,0,0,0,2,2,0.0997275327806641,False,0.28265551009185585,True
11813,62,0,2,0,2,2,0.3472932505665803,True,0.6764490379944297,True
537270,62,0,0,0,2,2,0.12642088048522357,False,0.35392891042000457,True
537270,77,0,1,0,2,2,0.7682052592374145,True,0.7545307319083476,True
576052,1,4,0,0,2,2,0.02375550829001894,False,0.03415584990784248,False
576052,19,4,0,0,1,0,0.8109174178676986,True,0.7958146079043582,True
157601,67,3,0,0,2,0,0.18628869866456163,False,0.09224917121606133,False
157601,58,3,2,1,2,1,0.6405449791929889,True,0.5746015940064199,True
365766,79,2,1,0,1,1,0.5930404416374347,True,0.6295988715250768,True
365766,78,2,1,0,2,0,0.12642045339762467,False,0.07973263512600158,False
508370,1,0,0,0,0,0,0.6826954993743432,True,0.5559501213386342,True
508370,2,0,1,0,0,0,0.6226373382654954,True,0.5413243968744478,True
203389,1,1,1,0,2,0,0.44821757887835634,True,0.4017649952252672,True
203389,27,1,2,0,2,0,0.4156835700767967,True,0.5837482648677729,True
55528,84,4,2,0,2,2,0.6882712626022647,True,0.7872945088589333,True
55528,63,4,2,0,2,2,0.1840455030210047,False,0.08722296256096208,False
519569,62,2,2,0,1,0,0.6436233247964293,True,0.6555822887688837,True
519569,79,2,1,0,2,0,0.460151911182185,True,0.7150913668485195,True
196754,62,3,1,0,1,1,0.36471603489267385,True,0.21207550162702835,True
196754,13,3,1,0,1,1,0.813070106043198,True,0.7963096029861868,True
410880,1,0,0,0,0,0,0.7982321446912133,True,0.6985106181532506,True
410880,88,0,0,0,0,0,0.9325182067471341,True,0.8898664717826172,True
182441,1,1,0,0,2,2,0.00012643050226162408,False,0.031334219427454145,True
182441,16,1,0,0,2,0,0.01986983286611949,False,0.021252059635359664,False
308799,81,3,0,0,0,0,0.7075476182425687,True,0.6772222326196778,True
308799,79,3,1,0,2,0,0.5894674438146463,True,0.5538289237462249,True
123213,15,1,0,0,2,2,0.023687927182613356,False,0.08980824364999582,False
123213,1,1,0,0,0,0,0.5384391145645605,True,0.6658715298266045,True
267169,22,2,0,0,0,0,0.8031498632101567,True,0.8049566203719157,True
267169,1,2,1,0,2,1,0.6847070434249544,True,0.7622061987264312,True
415194,67,4,0,0,2,1,0.05746826250841379,False,0.10146525802504099,False
415194,62,4,1,0,2,2,0.2679591816017773,False,0.1607855292155584,True
154644,1,2,2,0,2,0,0.36035239632405686,True,0.5779112259482478,True
154644,46,2,2,0,2,1,0.7664766270541675,True,0.7663148257600972,True
142620,62,4,1,0,0,0,0.15930934519331172,False,0.11227815205270457,False
142620,1,4,1,0,2,2,0.4031133470143099,True,0.6624725943156288,True
343149,1,2,0,0,0,0,0.25926715872920314,True,0.13981533836086554,True
343149,85,2,0,0,2,1,0.7572276836787533,True,0.7639495464674669,True
117492,88,4,2,0,2,1,0.7924024281084143,True,0.7972305021994295,True
117492,1,4,0,0,2,0,0.29559427309251185,True,0.32502392653641893,True
278705,1,4,1,0,2,2,0.04895894341628981,False,0.08537948941253738,False
278705,3,4,0,0,0,0,0.8288313757883397,True,0.6757737866822222,True
425390,73,0,0,1,0,1,0.42067439948479546,False,0.2759266009681789,True
425390,17,0,0,0,0,0,0.6882490505946678,True,0.7032201856051683,True
230993,28,3,2,0,2,2,0.7202200819792516,True,0.661859892942826,True
230993,1,3,0,0,2,1,0.2215788255624043,True,0.4988776056955486,True
157807,70,4,0,0,2,0,0.8396976383899315,True,0.7764714119163704,True
157807,17,4,1,0,1,1,0.8934487915015713,True,0.8333756381773557,True
405306,65,0,2,0,1,2,0.7469994569072079,True,0.6921852979312684,True
405306,17,0,1,0,1,1,0.6915967941227784,True,0.6464726593100856,True
570539,1,0,1,0,2,0,0.13253886010810711,False,0.056309621608944496,False
570539,6,0,2,0,2,1,0.6225820034453562,True,0.6013516388333024,True
310200,51,3,2,0,2,1,0.4547935777181637,True,0.5209127932718495,True
310200,60,3,2,0,2,2,0.6181265883076311,True,0.6473830106767007,True
210299,2,4,1,0,2,1,0.6838593637839245,True,0.5748084906509947,True
210299,1,4,0,0,0,0,0.005799874128207507,False,0.0018937651217428141,False
363840,73,2,1,0,2,1,0.5898122385551485,True,0.4661730434120215,True
363840,62,2,0,0,2,2,0.11116396582752124,False,0.3073391421646654,True
375469,1,4,0,0,0,0,0.7774454040484995,True,0.7672294245569458,True
375469,42,4,1,0,2,1,0.8943795290008029,True,0.904331767065199,True
66706,47,4,1,0,1,1,0.6767363155443266,True,0.7078236532369451,True
66706,52,4,0,0,2,2,0.5633782727409068,True,0.7025462357405099,True
489611,1,0,2,0,2,0,0.18856490171318283,False,0.26538899888381,False
489611,64,0,1,1,2,1,0.836551948751819,True,0.7271937758075427,True
580294,79,4,2,0,2,1,0.48275776133705917,True,0.3907696514120048,True
580294,50,4,0,0,2,0,0.19779436794191968,False,0.17691145968409164,False
172935,9,2,1,0,2,1,0.6741228330890149,True,0.8043011294361195,True
172935,1,2,0,0,2,2,0.11089337278901105,False,0.36225112667427883,True
508101,1,3,0,0,2,2,0.005820343224578602,False,0.3473479942084913,True
508101,9,3,1,0,1,0,0.5482502180004273,True,0.25354656977451223,True
308545,19,1,1,0,1,0,0.6238622158649478,True,0.527939179421129,True
308545,1,1,2,0,2,0,0.6179803361443486,True,0.5902085562114869,True
529939,42,1,1,0,2,1,0.6186164571505293,True,0.5862024788007365,True
529939,1,1,0,0,2,0,0.10896236301356432,False,0.12305273616610228,False
332570,77,3,0,0,0,0,0.6549757246203228,True,0.6138012821856754,True
332570,1,3,0,0,1,1,0.30354091077877027,False,0.35340182379510826,True
553990,1,4,0,0,1,0,0.19500105690696104,False,0.1402339395116728,False
553990,19,4,0,0,1,0,0.8707356943360263,True,0.8254376978771646,True
92416,1,4,2,0,2,0,0.6861185921331402,True,0.5855948987809705,True
92416,32,4,0,0,0,0,0.7667430398407067,True,0.7293173796831444,True
562243,32,0,2,0,0,0,0.690643025667904,True,0.7307197921353357,True
562243,1,0,0,0,2,2,0.08954039937992818,False,0.3071030893005084,True
185250,18,3,0,0,2,0,0.9124052695484466,True,0.8829883439247174,True
185250,1,3,1,0,1,1,0.831809084592622,True,0.8456406875981199,True
245311,60,4,1,0,2,0,0.36610325132523375,True,0.2368127423847349,True
245311,51,4,1,0,1,1,0.6730771319445235,True,0.6334456265505058,True
54931,1,3,0,0,2,1,0.9131941241484782,True,0.8171611916127183,True
54931,19,3,1,0,1,1,0.8470020087700758,True,0.8483687755682113,True
509735,24,2,1,0,2,1,0.9236671813952876,True,0.8539371899009203,True
509735,25,2,1,0,2,1,0.8250019022813659,True,0.8333858747132616,True
357816,28,2,2,0,2,1,0.7191490349809775,True,0.7172163176357934,True
357816,1,2,0,0,2,1,0.05825021825340709,False,0.2549320277058975,True
520009,6,4,2,0,0,0,0.6597243446130779,True,0.6077836793125246,True
520009,10,4,2,0,2,1,0.6102902578662918,True,0.6391293208200984,True
72813,65,4,0,0,0,0,0.4798790493950672,False,0.40344897127135837,False
72813,72,4,2,0,1,0,0.6607533030250028,True,0.5268483154626746,True
449190,57,4,2,0,1,1,0.43222449347649244,True,0.7183710477085682,True
449190,54,4,0,0,2,1,0.057159874003966146,False,0.13491973822939748,False
483667,1,3,2,0,2,2,0.8101792306578243,True,0.8793379355927826,True
483667,32,3,1,0,0,0,0.22098825503737574,True,0.6597538441487266,True
22705,1,1,0,0,0,0,0.8289126963123337,True,0.7479069100855618,True
22705,82,1,1,1,2,1,0.774111969178924,True,0.6116273161058053,True
439715,19,4,0,0,1,0,0.7952792532526862,True,0.7238340877970575,True
439715,28,4,1,0,2,1,0.05666754449629517,False,0.02028570223568392,False
237517,64,3,1,0,0,0,0.4297016926841628,True,0.6476347184217836,True
237517,51,3,1,0,1,1,0.40993829415542093,True,0.3787106136901426,True
121506,67,4,0,0,2,0,0.3625722085092054,True,0.3610768053669935,True
121506,62,4,0,1,1,1,0.07180009980105419,False,0.26818861448247405,False
529568,64,3,1,0,1,1,0.5803031402222445,True,0.718120348908749,True
529568,67,3,1,0,1,1,0.3958086490848508,True,0.4940717991436913,True
412362,32,3,0,0,2,0,0.8155933752728929,True,0.7884995706923911,True
412362,1,3,1,0,2,2,0.713366033148743,True,0.7474326326730688,True
22192,18,1,1,0,2,1,0.8625342952718807,True,0.8642502237630055,True
22192,31,1,2,0,2,2,0.5494610493324181,True,0.6371840238464118,True
482319,62,0,2,0,2,2,0.3928118309197678,True,0.4356622252213006,True
482319,1,0,1,0,2,2,0.20097366104689313,False,0.3691920406308075,True
262895,1,3,0,0,2,2,0.29077138488616217,True,0.6021337180486755,True
262895,32,3,2,0,2,1,0.4268158573057562,True,0.5756656596120425,True
56350,1,4,1,0,2,1,0.4246874626513031,False,0.27139142441203823,False
56350,70,4,2,0,1,1,0.6783622324283068,True,0.7647894399631022,True
352900,51,2,2,0,0,0,0.2588671249943269,False,0.19525055370022013,False
352900,49,2,2,0,2,2,0.665315845240484,True,0.606664905385623,True
21167,1,0,1,0,2,2,0.36317745543646385,False,0.6721235345340711,True
21167,32,0,2,0,2,1,0.2643704332396598,True,0.369567237856184,True
199236,19,1,2,0,2,1,0.7741074986271512,True,0.7016371910458975,True
199236,1,1,0,0,2,2,0.20193086105023414,False,0.306995784391947,True
558421,7,3,1,0,0,0,0.8690898403250799,True,0.8232529950449247,True
558421,16,3,0,0,0,0,0.4669700163867307,True,0.4071707159848807,True
478721,8,3,0,0,0,0,0.9169090035489106,True,0.9183316577695317,True
478721,38,3,1,0,1,1,0.8252723751909828,True,0.8136246289551328,True
513567,58,0,1,0,2,1,0.9004520934391654,True,0.8578987443544739,True
513567,1,0,0,0,0,0,0.6316664922629074,False,0.5197932799041239,True
573258,1,0,0,0,2,0,0.26659745920539313,True,0.35946650691103116,True
573258,35,0,0,0,2,2,0.11803660344297859,False,0.09387764624952899,False
351810,33,2,1,1,2,1,0.5024433566997277,True,0.4048085688319773,True
351810,27,2,1,0,1,1,0.44802846992826956,True,0.3321413352162529,True
103723,22,4,2,0,0,0,0.6604578744656562,True,0.8878433577231952,True
103723,1,4,0,0,0,0,0.7523919885196241,True,0.7571283926543424,True
223188,1,2,1,0,2,0,0.3544492643117297,True,0.5227434724450194,True
223188,21,2,2,0,1,1,0.5197199316816385,True,0.39560530307580033,True
523241,3,2,0,0,2,0,0.25568753903419844,True,0.24061170616709565,True
523241,8,2,0,0,2,0,0.4865458410019614,True,0.549231639856848,True
147415,1,2,1,0,2,1,0.4114967992629459,True,0.4742492669480254,True
147415,62,2,2,0,2,1,0.6732786269891522,True,0.6681642324544282,True
340451,1,2,1,0,0,0,0.14434717482764775,False,0.6148494183719406,True
340451,15,2,1,0,2,1,0.534316187912278,True,0.4547667829622258,True
213935,55,4,0,0,2,0,0.784438097566859,True,0.6992683697640725,True
213935,53,4,2,0,2,2,0.5457275102408513,False,0.5590763288884364,False
578871,51,3,1,1,2,1,0.6918818209281952,True,0.6486307338589343,True
578871,62,3,1,0,2,2,0.5291236702550901,True,0.6159380359189812,True
260261,1,2,2,0,0,0,0.1709393336813666,False,0.6815851313649309,True
260261,8,2,2,0,1,1,0.3725800274938293,True,0.4417143187808024,True
276284,3,2,0,0,0,0,0.35780973419761997,True,0.2866840714020343,True
276284,4,2,0,0,0,0,0.8349660211543335,True,0.8291426323662461,True
326248,62,4,0,0,2,1,0.11566646918274144,False,0.19132770062724197,False
326248,28,4,0,0,2,1,0.3100801507165902,True,0.3797704430489438,True
504415,1,1,0,0,2,1,0.048785386306876406,False,0.6503685577409329,True
504415,3,1,1,0,0,0,0.9062531550107046,True,0.8762047600556794,True
200839,84,3,0,0,0,0,0.903804817136277,True,0.8378838557474277,True
200839,6,3,1,0,1,1,0.819256295788521,True,0.7595656912241078,True
425906,1,2,0,0,2,2,0.05190673759356504,False,0.20622840430491574,True
425906,36,2,2,0,2,2,0.7734750117590159,True,0.8244342613705972,True
256192,4,2,2,0,0,0,0.22844950060443486,True,0.6679270398291762,True
256192,1,2,0,0,2,1,0.051593340937170475,False,0.11563566283103985,False
331604,1,0,0,0,2,2,0.005267959725746039,False,0.08026416706142411,True
331604,42,0,2,0,1,1,0.7453344884445713,True,0.806197844480223,True
391722,67,4,0,0,0,0,0.7859026234433938,True,0.6817608324543895,True
391722,1,4,2,0,2,2,0.45235446473977703,True,0.3375162367489059,True
478136,61,4,2,0,2,0,0.5864586980710161,True,0.5447727953454441,True
478136,67,4,0,0,2,1,0.24787850875635428,False,0.23747477566387398,False
346968,1,2,0,0,2,0,0.3961894418546255,True,0.5055987517595576,True
346968,84,2,0,0,2,1,0.09768886989525474,True,0.558516573347624,True
74860,1,1,0,0,2,2,0.0021183114093664534,False,0.13033558740904935,True
74860,36,1,0,0,2,1,0.014961371690182943,False,0.3660159749063905,False
254016,60,3,1,0,2,0,0.8460827759788035,True,0.7497723323421386,True
254016,51,3,2,0,2,1,0.18439577871575782,True,0.13055005532936365,True
14439,1,0,1,1,1,1,0.4013340346190404,True,0.457269851465569,True
14439,38,0,0,0,2,2,0.05436800592646572,False,0.11393978616426546,False
226171,44,2,0,0,2,1,0.46114206262955343,True,0.5230445575804247,True
226171,76,2,0,0,0,0,0.6498437673412798,True,0.5158048847967005,True
288862,41,2,0,0,2,2,0.02966821188705423,False,0.2972902433223893,True
288862,1,2,0,0,2,0,0.38337272810789436,True,0.38565282671243206,True
545007,85,3,2,0,0,0,0.8099031331171836,True,0.8240533333963046,True
545007,1,3,0,0,2,0,0.8323297832206487,True,0.6618025076081309,True
472623,2,2,0,0,2,1,0.6299989652543883,True,0.5451588886487834,True
472623,1,2,0,0,2,0,0.41726541780784887,True,0.5328427636499751,True
172571,59,1,1,0,0,0,0.5710349798233425,True,0.6013443103227917,True
172571,47,1,2,0,0,0,0.012677842438380328,False,0.004741663882648562,False
476514,1,1,2,0,1,0,0.4791443983380442,True,0.3375705347374252,True
476514,28,1,0,0,2,1,0.5337480766075202,True,0.5653035170487614,True
802,79,0,1,0,2,1,0.5797736395866394,True,0.5737056831544112,True
802,82,0,1,0,0,0,0.5039031582975275,False,0.5065488788267014,True
44279,51,3,0,0,2,0,0.18387608165959904,False,0.1727485154288133,False
44279,79,3,1,0,1,1,0.3503182794354786,True,0.3481097136303184,True
22371,1,1,2,0,2,0,0.49427748255309134,True,0.45097664500884654,True
22371,73,1,1,0,0,1,0.7832041740043926,True,0.6897580920745506,True
166768,1,3,2,0,2,1,0.46814367828810904,True,0.4305667181078681,True
166768,32,3,0,0,1,1,0.7562187585412204,True,0.7243863034351934,True
266768,67,1,1,1,1,1,0.5828401330736208,True,0.6074550301091083,True
266768,1,1,0,1,1,1,0.10312633936286282,False,0.1361621891421815,True
59635,42,4,2,1,2,2,0.7012021098896062,True,0.7042011305307903,True
59635,1,4,2,1,2,1,0.3983270563525069,True,0.2950244475555437,True
445658,79,3,1,0,1,1,0.7320631336944735,True,0.751845454298825,True
445658,44,3,1,0,2,1,0.5976801851200664,True,0.6496812367709851,True
471893,62,0,1,0,2,1,0.3138494650619502,True,0.4538882480826326,True
471893,67,0,1,0,2,1,0.48096740330997645,True,0.5932749889914642,True
110784,6,2,1,0,1,1,0.3375366671427346,True,0.33894710107544007,True
110784,8,2,2,0,2,2,0.36879952879039446,True,0.3287637166007996,True
86956,39,0,1,0,2,0,0.07845263901785592,False,0.05263142391853946,False
86956,1,0,2,0,1,1,0.020572142602746642,False,0.3963181764677992,True
167572,54,1,2,0,0,0,0.7926970056306362,True,0.7088626277440737,True
167572,51,1,1,0,2,1,0.38462262140994347,True,0.3928913061530357,True
389109,62,3,1,0,2,0,0.531065566799117,True,0.4508670602110887,True
389109,67,3,1,0,2,1,0.5660603505939434,True,0.5119961157480983,True
491867,32,2,1,0,0,0,0.6640924130755766,True,0.8791813630772725,True
491867,1,2,2,0,2,2,0.6950452425173705,True,0.8250586698450282,True
173799,22,0,1,0,1,1,0.5541386508199057,True,0.5529532368216414,True
173799,1,0,0,0,0,0,0.4689721200902138,True,0.535396528321602,True
433515,38,0,0,0,2,2,0.31706847535489757,False,0.25572605264989723,True
433515,1,0,1,0,2,1,0.590680742517148,True,0.6164846580748511,True
489305,1,0,2,0,2,0,0.45984994212177854,True,0.34612469580879307,True
489305,52,0,1,0,2,0,0.6727867500253696,True,0.5906069370011328,True
454067,72,0,1,0,0,1,0.9253221075340348,True,0.7992756458382981,True
454067,1,0,0,0,0,0,0.6291433705328083,True,0.5107848591137792,True
549220,41,3,2,0,1,1,0.7574431784277252,True,0.7593183090393099,True
549220,18,3,1,0,0,0,0.8675935648362141,True,0.8858713731489501,True
433204,4,0,1,0,2,2,0.023590020743555918,False,0.013741669651338674,False
433204,1,0,0,0,0,0,0.32824827516869687,True,0.4477045495082333,True
305609,54,4,1,0,2,0,0.4082200687851564,True,0.3531374417685579,True
305609,1,4,1,0,2,1,0.12493824915171235,False,0.05422073699277591,False
5001,1,3,1,0,0,0,0.294891719258922,True,0.4376828252477474,True
5001,87,3,0,0,1,0,0.4355210929929136,True,0.550813186380056,True
15254,57,1,1,0,1,1,0.8563022577676538,True,0.8258348659368712,True
15254,51,1,0,0,0,0,0.23305428203699985,False,0.16305451512628444,False
318238,65,4,2,0,1,0,0.5410831771787586,True,0.3350638366455598,False
318238,18,4,1,0,0,0,0.9310974818242302,True,0.8722695206060112,True
433980,77,4,2,0,2,1,0.5741221449120741,True,0.6214557731788148,True
433980,1,4,0,0,0,0,0.25657807652293746,False,0.3066562375289988,True
255664,18,1,1,0,2,1,0.8972917696561438,True,0.859318336603047,True
255664,34,1,0,0,2,2,0.010536215939248344,False,0.14644394524120874,False
172595,27,1,1,0,1,1,0.8359783701539194,True,0.7944624144175096,True
172595,73,1,1,0,2,1,0.5478045342754594,True,0.7957298573618763,True
109900,8,2,1,0,0,0,0.9208206091898806,True,0.897591989217869,True
109900,5,2,1,0,2,1,0.5634117833885856,True,0.6967624695926704,True
388846,1,0,1,0,0,1,0.8207742253033379,True,0.6510690408405194,True
388846,62,0,2,0,1,1,0.09943227637341127,False,0.08263295552870667,False
401991,17,0,2,0,2,2,0.8489403394714826,True,0.7039386042991307,True
401991,18,0,2,0,1,1,0.7230021623248265,True,0.9224231850702558,True
562059,51,2,1,0,0,0,0.7116398733243037,True,0.6598026460745123,True
562059,50,2,2,0,2,1,0.8660328887538866,True,0.8947277597043516,True
170893,18,2,2,0,1,1,0.5398432866398171,True,0.837722508982692,True
170893,70,2,1,0,1,1,0.6883262990626798,True,0.7437316475769987,True
450559,41,1,2,0,1,1,0.4751206183932052,True,0.6427957119401237,True
450559,1,1,0,0,1,0,0.6903099765695843,True,0.7027253667554471,True
105912,1,1,0,0,2,0,0.15937914080402601,False,0.10678872193373058,False
105912,11,1,1,0,0,0,0.922571435980402,True,0.9047567288223045,True
26465,73,3,1,0,0,0,0.33450435484569896,False,0.2843169194675256,True
26465,62,3,0,0,2,0,0.07349375767925309,False,0.07914152391179588,False
341469,33,3,0,0,0,0,0.8434677234878938,True,0.7610166409893032,True
341469,2,3,0,1,1,1,0.3456256032553116,True,0.7502669843554791,True
173008,1,2,1,0,2,0,0.44834858159628715,True,0.5319428500193151,True
173008,52,2,0,0,0,0,0.5728749801048156,True,0.49040012323861293,True
196009,50,3,1,0,2,1,0.7834473660908816,True,0.8604693660587207,True
196009,57,3,1,0,1,1,0.9652043957490387,True,0.916468678210688,True
345252,76,3,0,1,1,1,0.046526004945826926,False,0.18517773995582823,True
345252,73,3,1,0,0,0,0.053872809258015346,False,0.049961991857711205,False
32570,1,0,2,0,0,0,0.6128261250159707,True,0.7586716210008195,True
32570,42,0,0,0,2,0,0.1214311677061097,False,0.16216665160987678,False
91500,1,0,1,0,2,2,0.051610361131263216,False,0.04421352273949523,False
91500,67,0,1,1,1,1,0.2705213202232839,False,0.22861822313718774,True
452891,15,1,0,0,1,1,0.27233861236523405,False,0.3834211153167972,True
452891,18,1,2,0,1,0,0.7953695169143734,True,0.8128950454930856,True
117525,18,3,1,0,1,1,0.8677716224302291,True,0.8711635281221386,True
117525,1,3,1,0,1,1,0.7023812374564125,True,0.6820572676668859,True
17029,3,1,1,0,1,1,0.8891087661704155,True,0.8066386955459146,True
17029,18,1,2,0,1,1,0.950796476403595,True,0.897341212584676,True
146457,59,2,0,0,0,0,0.8859045844879514,True,0.8806145395517276,True
146457,1,2,2,0,1,0,0.6318974606720871,True,0.6719085403812048,True
571718,1,4,0,0,2,0,0.598713996976154,True,0.44139670958609406,True
571718,62,4,0,0,0,0,0.16708282025485185,False,0.13699790368099948,False
481567,1,2,1,0,2,1,0.825661423092293,True,0.8396273448030361,True
481567,4,2,0,0,0,0,0.7636315863389146,True,0.7732008841754595,True
90891,1,0,0,0,0,0,0.6007613210783003,True,0.538805002488764,True
90891,52,0,0,0,1,1,0.16168794057429167,False,0.2674415782897807,True
246436,51,3,1,1,1,1,0.631817756469737,True,0.5353825254187257,True
246436,1,3,0,0,0,0,0.8537467401930369,True,0.7007488450075987,True
147740,3,0,0,1,2,0,0.2752571812790565,False,0.1344426637515785,True
147740,1,0,1,0,0,0,0.4050190056263164,True,0.37496767344049436,True
369037,31,4,0,0,1,1,0.7471765025808286,True,0.8091500179759263,True
369037,22,4,0,0,0,0,0.5372806057705444,True,0.536097784851971,True
525247,17,2,1,0,1,1,0.7325779503778216,True,0.7442805822120153,True
525247,73,2,2,0,0,0,0.1805508720410207,False,0.591565250377813,True
177714,53,4,0,0,2,0,0.39439383252245974,False,0.2798736018697157,False
177714,57,4,0,0,2,0,0.27885359660956316,False,0.24040636390624015,False
393014,58,1,1,0,0,0,0.8634600892550278,True,0.846188162254359,True
393014,54,1,1,0,0,0,0.8584612900519316,True,0.845840694685671,True
430961,40,2,0,0,2,0,0.41518170930471954,True,0.46582189883219605,True
430961,1,2,2,0,2,0,0.3754154799796864,True,0.2811056529962194,True
460841,1,4,1,0,2,1,0.5382477681153494,True,0.5708920120002363,True
460841,70,4,0,0,2,0,0.23585014526826076,False,0.22248530796479107,False
343466,79,3,1,0,1,1,0.7559332550074772,True,0.7101822502833356,True
343466,81,3,0,0,2,1,0.37378102187670076,True,0.5356733620504704,True
493864,1,2,0,0,2,0,0.5165577357833291,True,0.5663360295976283,True
493864,42,2,1,0,2,1,0.42578949690646223,True,0.5515390646251045,True
382125,1,1,0,0,0,0,0.5951289742458004,True,0.5082225984990699,True
382125,47,1,1,0,2,2,0.683207586833503,True,0.6356320300624915,True
368752,1,0,2,0,2,2,0.7052291202142748,True,0.749167757040164,True
368752,67,0,1,0,2,2,0.1545797028615194,False,0.11619491524877601,False
137106,1,1,2,0,2,2,0.09021188463983998,False,0.11766512101159311,False
137106,65,1,2,0,2,2,0.5134178341867781,False,0.46230977355416736,True
349152,67,4,0,0,2,0,0.13232838870644012,False,0.14177329364139335,False
349152,60,4,2,0,2,0,0.48294093772540475,True,0.39766427686069894,True
13291,1,0,0,0,0,0,0.23530306280192054,False,0.19634263498874008,False
13291,34,0,2,0,2,1,0.4627378732232057,True,0.4177674994593496,True
17959,1,0,1,0,2,2,0.2050240510858369,False,0.33961390339948233,True
17959,38,0,0,0,0,0,0.1579272330043321,False,0.11621955902875485,False
550714,52,1,2,0,2,2,0.8900443543569518,True,0.809760223637888,True
550714,1,1,2,0,0,2,0.6943126327223762,True,0.7187419475735943,True
429598,82,0,2,1,1,1,0.41648116931264356,False,0.3522081221677253,True
429598,79,0,2,0,2,2,0.5469706611968265,True,0.7100271088629041,True
466156,17,1,1,0,1,1,0.8962022318080272,True,0.9051199661691043,True
466156,3,1,2,0,2,1,0.2537276113109678,False,0.2912762712196239,True
371529,1,0,0,0,0,0,0.07474870783964686,False,0.04332371382051941,False
371529,70,0,1,1,1,1,0.38391193758702113,True,0.3867689663697904,True
221693,18,0,1,0,2,0,0.7801614291732569,True,0.7226787841739719,True
221693,34,0,2,0,2,2,0.6324983841266397,True,0.7353382422385913,True
215259,1,4,1,0,2,1,0.15837997529830994,False,0.2045965288196944,False
215259,63,4,1,0,2,1,0.47193794057037103,True,0.5849139725421048,True
194724,82,4,1,0,0,0,0.39370557389611077,True,0.3776642007383688,True
194724,44,4,1,0,2,1,0.7147931965141714,True,0.7386047879000305,True
120777,47,2,1,0,1,1,0.8049593446645273,True,0.842906864625753,True
120777,54,2,1,0,1,0,0.7405034305370053,True,0.6813552252775685,True
486438,60,3,1,1,1,1,0.8973357251835239,True,0.8443457003274916,True
486438,1,3,1,1,1,1,0.8916926523998077,True,0.8238896646090033,True
394199,4,1,0,0,0,0,0.759525234532868,True,0.7118825808436052,True
394199,1,1,2,0,1,1,0.8798251763796786,True,0.9038345054566014,True
309938,84,4,1,0,0,0,0.7448429820551928,True,0.5684128345991312,True
309938,18,4,0,0,2,1,0.7868009902826795,True,0.871001807283418,True
526728,3,0,0,0,2,1,0.06753864652867297,False,0.14070303258192784,True
526728,33,0,1,0,0,0,0.6880573528800243,True,0.8242581468119621,True
292456,31,2,2,0,2,1,0.6080075209739793,True,0.7093715122269504,True
292456,33,2,1,0,1,1,0.7604840456399182,True,0.7908593533405179,True
494634,17,3,1,0,0,0,0.758142357394009,True,0.7747989207141095,True
494634,79,3,1,0,1,1,0.7437590158514525,True,0.8079899602424012,True
179285,43,1,0,0,0,0,0.5072442691841581,True,0.5520560724234358,True
179285,37,1,1,0,1,1,0.5896668129355662,True,0.7708501245974287,True
43314,1,3,0,0,2,0,0.10907169604429945,False,0.047277386641480255,False
43314,35,3,0,0,2,1,0.14489288752635787,False,0.18271035965646512,False
391375,1,3,0,0,1,1,0.03806386770041031,False,0.6936087132165013,True
391375,15,3,1,0,2,2,0.3385846993693732,True,0.6043186567184442,True
182202,67,3,0,0,1,1,0.22071697869906828,False,0.22792822948127195,False
182202,73,3,0,0,1,0,0.8935571575965366,True,0.8378626020326126,True
166918,67,2,0,0,2,0,0.5787026341652791,True,0.42977180502835866,True
166918,1,2,2,0,2,2,0.562997689898074,True,0.5496591020565131,True
48396,61,3,1,0,0,0,0.6721277731221353,True,0.7788158398724235,True
48396,67,3,1,0,0,0,0.7388445462394949,True,0.7931425409013854,True
140286,1,1,1,0,1,2,0.24885176759185934,True,0.20563814712059336,True
140286,19,1,1,0,2,0,0.771293582292522,True,0.7401038780740478,True
166287,21,3,1,0,1,1,0.8907480517488781,True,0.8417790531888083,True
166287,16,3,1,0,2,1,0.22293654437615557,False,0.2749697488539384,False
370208,2,0,1,0,0,0,0.67727415024256,True,0.6650417807848057,True
370208,14,0,1,0,1,1,0.9080014967787298,True,0.8608084502996202,True
473406,81,2,1,0,2,1,0.7132688184883019,True,0.7992880514623869,True
473406,47,2,1,0,2,2,0.6149409265854284,True,0.6341210423006907,True
187055,1,4,2,0,2,0,0.6802033061136424,True,0.6382643091163308,True
187055,43,4,1,0,0,0,0.8496184513489249,True,0.7510864903100033,True
122672,42,3,0,0,2,1,0.10588644866583688,False,0.6918187777984041,True
122672,1,3,0,0,2,1,0.003382158396296373,False,0.2784158463678672,True
473869,44,3,1,0,2,2,0.838897386698488,True,0.7578736596874286,True
473869,46,3,1,0,2,1,0.8110401617440113,True,0.7887515581265793,True
441586,2,1,1,0,2,1,0.6047056309839798,True,0.7131589400788672,True
441586,1,1,0,0,1,0,0.40252746005265577,True,0.4772391420868565,True
344100,67,0,2,0,1,0,0.409512648258334,False,0.4310759119504746,True
344100,47,0,1,0,2,0,0.7001267827240224,True,0.6468629373311425,True
427655,1,2,0,0,0,0,0.789341482983808,True,0.69633430146578,True
427655,3,2,1,0,2,1,0.5796807960254159,True,0.6062221067652077,True
177065,43,4,0,0,1,0,0.17903675439123862,False,0.1594383113662878,False
177065,1,4,0,0,2,1,0.07503112401930623,False,0.05553192038153929,False
29397,15,0,2,0,1,1,0.8436189675741324,True,0.7636308463611324,True
29397,1,0,0,2,2,2,0.04221157887903166,False,0.5153906726621881,True
284743,39,0,2,0,2,2,0.8680114588510396,True,0.8803405538436865,True
284743,1,0,0,0,2,0,0.2695758166544341,True,0.2795183308977632,True
125129,67,1,2,0,2,0,0.8742942791130529,True,0.8256039727170645,True
125129,1,1,0,0,2,0,0.7378491716301271,True,0.8115234324566339,True
219578,63,1,2,0,1,1,0.5762957505889307,False,0.4622008918624958,True
219578,17,1,2,0,2,2,0.8500725116096866,True,0.7673752618244128,True
222455,79,1,0,0,0,0,0.6585919840192985,True,0.6883941389764968,True
222455,78,1,0,0,0,0,0.5349540690462216,True,0.531463283370124,True
328601,43,2,0,0,2,2,0.04134219109149842,False,0.7199674009714733,True
328601,37,2,1,0,0,0,0.45324293358151224,True,0.5707792158615008,True
289415,1,4,1,0,2,1,0.43630194407970346,True,0.4908685823650617,True
289415,59,4,1,0,2,0,0.5596766744677507,True,0.5102002090735386,True
13659,1,3,1,1,1,1,0.12894129321871237,True,0.12854224911412623,True
13659,62,3,1,1,2,1,0.7844781985375537,True,0.7449981111986742,True
455157,28,3,2,0,2,2,0.9444421331350001,True,0.9257284083647372,True
455157,1,3,2,0,0,0,0.2822012118559472,True,0.4527358589172664,True
434996,88,2,2,1,2,2,0.7609204795875202,True,0.8437695862683546,True
434996,65,2,2,0,2,2,0.4345148025829504,True,0.631755704223629,True
571857,5,1,0,0,2,1,0.5625262740098309,True,0.5733002969788286,True
571857,1,1,0,0,2,1,0.07548607499649787,False,0.09559673598935141,False
183716,32,2,2,0,2,2,0.30632224201708563,True,0.3751553426303117,True
183716,1,2,0,0,0,0,0.041641374602502806,False,0.017843144709083176,False
192964,41,2,1,0,2,1,0.33884535851650016,True,0.4042471809314269,True
192964,1,2,1,0,0,0,0.03327021972032439,False,0.3476520057400493,True
316015,17,0,1,0,1,1,0.9569852284919941,True,0.9209226144094498,True
316015,76,0,1,0,2,1,0.5362566100863273,True,0.6353771800943219,True
551350,15,1,2,0,2,1,0.7975857412430548,True,0.7570272665076454,True
551350,67,1,2,0,2,0,0.7746293618489943,True,0.7516364774545696,True
210230,1,4,0,0,2,0,0.2032626459634739,False,0.1362917132143963,False
210230,58,4,1,0,1,0,0.5545999926166193,True,0.5202869748986177,True
78404,15,0,2,0,1,0,0.45111624554328905,True,0.4827106394948589,True
78404,31,0,0,0,2,0,0.82043563526207,True,0.5894604174926658,True
254368,1,4,1,0,2,1,0.6391979080863495,True,0.5420352913184626,True
254368,65,4,0,0,0,0,0.7003760003649048,True,0.5993385956378466,True
153527,63,3,0,0,2,2,0.15513408415366295,False,0.21279699831754698,True
153527,62,3,0,0,1,1,0.2958713275693002,False,0.252157262822395,True
479448,52,1,0,0,1,0,0.4308557301937958,False,0.2962706606651647,True
479448,59,1,1,1,1,1,0.2105671125307168,False,0.1794077351210666,False
323355,59,4,1,0,0,1,0.9332895901343907,True,0.8777605987078649,True
323355,1,4,0,0,2,0,0.5312138623545156,True,0.5155206999774289,True
80273,1,1,0,0,2,1,0.0016217620382620369,False,0.009640346021078314,False
80273,36,1,0,0,2,2,0.01105067576163912,False,0.4676814788553266,True
361238,59,2,1,0,0,0,0.8581200748057897,True,0.877256605349432,True
361238,67,2,0,0,0,0,0.7858370970621888,True,0.6424891745647053,True
381971,1,0,1,0,2,2,0.4100623383683446,True,0.24493461285479284,True
381971,19,0,1,0,0,0,0.8784949866518712,True,0.8140006689152015,True
261706,17,2,0,0,1,1,0.8960664510826676,True,0.8652731280737269,True
261706,63,2,1,0,1,1,0.47320171658134014,True,0.3106932589211752,True
271116,46,1,1,0,1,1,0.6327792768023097,True,0.5755307492737066,True
271116,1,1,1,0,2,0,0.5793700827586813,True,0.27862727337497323,True
33114,5,3,0,0,2,1,0.006258465347412198,False,0.4791848526761003,True
33114,14,3,1,0,0,0,0.6821775201442599,True,0.7110427306912793,True
491213,3,1,1,0,1,1,0.898940886976782,True,0.8991263020871338,True
491213,4,1,1,0,0,0,0.22002128984060026,False,0.6094986338260734,True
497344,77,3,2,0,2,2,0.9302443595703765,True,0.891833214861666,True
497344,1,3,2,0,1,0,0.4791528323904931,True,0.4230728729263078,True
533536,17,0,1,0,0,1,0.92056254646658,True,0.8708188792167688,True
533536,72,0,0,0,0,0,0.687842222344656,True,0.6143116077296022,True
534827,4,4,0,0,0,0,0.5045263091296578,True,0.46867691777936055,True
534827,1,4,0,0,2,0,0.09404777072520942,False,0.06796562805866688,False
76547,1,3,0,0,1,1,0.8074728730264704,True,0.615883362299078,True
76547,7,3,2,0,2,2,0.6661910621434552,True,0.6626945658446475,True
74256,1,2,0,0,2,1,0.4386342896498769,True,0.6731254698004784,True
74256,31,2,1,0,2,2,0.2123325022791491,True,0.6006984420944851,True
365387,81,4,1,1,1,1,0.39491433552978056,False,0.26461805986046893,True
365387,70,4,1,0,2,2,0.07753994235315251,False,0.17218091642470565,False
38048,11,1,2,0,2,1,0.8010277271060846,True,0.8654891661629852,True
38048,1,1,2,0,2,0,0.3801515811201264,False,0.2584425976514128,False
281929,2,1,0,0,0,0,0.7922944894399346,True,0.7260988940473877,True
281929,1,1,2,0,0,0,0.6125218817908162,True,0.6271345818104389,True
231831,75,2,1,0,2,1,0.5516390085178148,True,0.5371675434920908,True
231831,17,2,0,0,2,0,0.7688039037376379,True,0.7520954598525634,True
96493,1,2,0,0,0,0,0.6846877886262982,True,0.6802264690201903,True
96493,75,2,1,0,2,2,0.6003770355204021,True,0.8938979512508665,True
222235,17,0,1,0,2,1,0.9582783786554104,True,0.9124439829708748,True
222235,16,0,1,0,2,0,0.7694713480741013,True,0.7444999872503361,True
137246,28,3,1,1,1,1,0.5615911497074116,True,0.7207203517363965,True
137246,64,3,1,1,1,1,0.807434525453285,True,0.7900187325608451,True
250901,54,4,2,0,1,1,0.5904535366721732,True,0.7613420919788411,True
250901,1,4,2,1,1,1,0.10313983567877569,False,0.3916946904896663,False
488166,1,4,0,0,0,0,0.9079655151073639,True,0.8594680391200035,True
488166,47,4,2,0,2,2,0.686115956704075,True,0.6988444441692465,True
325347,1,1,1,0,2,1,0.017678146286816385,False,0.02461033081581928,False
325347,62,1,0,0,2,2,0.1001235961143353,False,0.13839325369957098,True
460229,13,3,1,0,1,0,0.7737806842348304,True,0.7839504240105608,True
460229,8,3,1,0,2,1,0.8658581167274357,True,0.861828808626889,True
198641,72,4,1,0,2,0,0.5872846295103387,True,0.5212776430243021,True
198641,76,4,0,0,0,0,0.6821669583669656,False,0.41268228144805363,True
135410,4,1,1,0,2,1,0.8762767794155626,True,0.8015121235277395,True
135410,1,1,1,0,0,0,0.13457496541871153,True,0.2570418539224719,True
433103,1,2,0,0,1,1,0.09006938423857458,True,0.24663690662084295,True
433103,73,2,0,0,2,0,0.7636354223895266,True,0.7228559141258613,True
393093,7,4,0,0,2,1,0.903114647513745,True,0.7435957041409892,True
393093,3,4,0,0,2,1,0.057899584229325875,False,0.2025832387536251,True
309467,1,3,0,0,2,0,0.7182673079014575,True,0.7603639719795842,True
309467,27,3,2,0,2,1,0.6709799672030742,True,0.6275894858274957,True
543047,62,1,1,0,1,1,0.6124394568003089,True,0.5329048260568987,True
543047,67,1,1,0,2,1,0.5520557157522161,True,0.5754779378212656,True
561958,1,4,1,0,2,2,0.12255359616474926,False,0.16838119420213443,True
561958,36,4,2,0,0,0,0.25621708079500155,False,0.17235893945087621,False
534270,9,4,0,0,2,2,0.07413720831643784,False,0.4263193352260906,True
534270,1,4,2,0,2,2,0.46623345212051315,True,0.5604942783529729,True
526392,3,0,1,0,2,0,0.5569580158525046,True,0.6042170161998774,True
526392,10,0,1,0,2,1,0.45782735874835123,True,0.42180119328098414,True
515077,72,0,1,0,1,1,0.8600167907589807,True,0.7694460650943526,True
515077,63,0,1,0,1,0,0.35838209274353305,True,0.41722344694565194,True
389381,51,3,1,0,0,0,0.08670252766073488,False,0.044917042486382314,False
389381,56,3,2,0,2,1,0.6580166444318272,True,0.7403725873129526,True
13729,63,4,1,0,2,1,0.6372147992608166,True,0.6984791690265953,True
13729,67,4,0,2,2,0,0.257493434372609,False,0.33091059505413833,False
559956,1,1,0,0,2,0,0.406073733435324,False,0.520326647049641,True
559956,20,1,0,0,2,0,0.5953476121782687,True,0.5980766578310197,True
117744,1,4,0,0,0,0,0.7516369404134792,True,0.80892296482564,True
117744,43,4,1,0,1,1,0.8590757736130477,True,0.8559678960506139,True
274411,1,1,0,0,1,1,0.3997670369762302,True,0.6301137946520102,True
274411,3,1,0,0,1,1,0.6277145820625128,True,0.8626246724011509,True
117719,46,0,0,0,1,0,0.5549200769958232,True,0.5605215610350942,True
117719,44,0,0,0,2,0,0.459068282550445,False,0.3937007881247573,True
92177,61,0,1,0,1,0,0.5619399207575156,True,0.4415979539006826,True
92177,42,0,0,0,2,0,0.3919949596023551,False,0.3263080059311636,True
181796,47,0,0,0,0,0,0.8171919820907365,True,0.6664758867300085,True
181796,49,0,1,0,2,2,0.44072404332552856,True,0.7269106940455831,True
32901,1,4,2,0,1,0,0.5598114440647096,True,0.6746841224838039,True
32901,62,4,1,0,1,1,0.3000652560906783,True,0.34972509149194847,True
362434,88,0,2,0,0,0,0.410752070482598,True,0.8662501653364401,True
362434,84,0,2,0,2,0,0.21735774434486232,False,0.23206221827902027,True
549055,42,2,1,0,2,1,0.6657655460556549,True,0.728190761660097,True
549055,1,2,1,0,2,2,0.03613904027231653,False,0.10543953070144155,False
521509,1,3,1,0,1,1,0.6661310206268062,True,0.5600155877110237,True
521509,65,3,1,0,0,0,0.7725959850639588,True,0.7996678357456803,True
193926,1,1,0,0,2,1,0.15435938148625922,False,0.17358614035265005,False
193926,2,1,0,0,2,1,0.7146216767035628,True,0.7481138201252701,True
169169,3,1,1,0,2,1,0.46449907958108305,True,0.26986802725695325,True
169169,1,1,0,0,2,1,0.15793255705993697,False,0.1178228609651223,True
97679,36,0,0,0,0,0,0.46849782158639947,True,0.293919382065399,True
97679,3,0,0,0,0,0,0.32218128744594854,False,0.2568233539383952,True
257370,72,1,0,1,2,1,0.05031398998188409,False,0.42553477442302257,True
257370,1,1,0,0,2,0,0.40132237228602535,False,0.38278585719082275,True
9378,1,3,0,0,0,0,0.8436863219491134,True,0.7684701478764465,True
9378,34,3,0,0,2,0,0.7689458135079115,True,0.6945242271468789,True
97924,19,3,1,0,1,0,0.6454870629492997,True,0.637651867650215,True
97924,8,3,1,0,1,1,0.65078011377479,True,0.5926460680951587,True
276055,28,3,1,0,2,2,0.49917360927535237,True,0.6064288291480593,True
276055,1,3,0,0,2,0,0.5326019361668622,True,0.6278868783128333,True
575970,62,0,0,0,1,1,0.5011798211925036,True,0.5566574025076237,True
575970,67,0,1,0,1,1,0.4777432245815512,True,0.476683099355801,True
332845,62,0,1,0,2,1,0.670331457860384,True,0.7226986452688279,True
332845,65,0,1,0,1,1,0.8278682563951137,True,0.7343073777803447,True
551815,17,0,1,0,1,1,0.805952113510829,True,0.7441433818118354,True
551815,65,0,2,1,2,2,0.3937409079822336,True,0.431640024212227,True
503755,1,4,0,0,2,0,0.48067429103143733,True,0.43237155320959647,True
503755,43,4,1,1,1,1,0.8370590172409403,True,0.7523017649511385,True
343706,77,2,2,0,0,0,0.5134149886052567,True,0.7097879967626946,True
343706,1,2,2,0,2,0,0.1244379071108677,False,0.1026843754401867,False
99182,65,4,2,1,1,1,0.7184888842730445,True,0.6794299138490261,True
99182,84,4,1,0,0,0,0.8380637118144008,True,0.7214233635680252,True
482275,1,0,1,0,1,1,0.6439790605957392,True,0.6071744264082191,True
482275,61,0,1,0,2,1,0.8260277395799096,True,0.8129119106290005,True
88848,1,2,0,0,1,1,0.02528907467470561,False,0.09785824132125251,True
88848,11,2,1,0,1,1,0.8172213105439261,True,0.8032749677999548,True
27972,42,1,0,0,1,1,0.01488272572968572,False,0.7874557049507686,True
27972,1,1,0,0,2,1,0.004852063727117469,False,0.2954185838840274,True
556193,1,0,2,0,0,0,0.4844974778076763,True,0.6804864188705358,True
556193,72,0,1,0,2,0,0.4263979413932962,True,0.6057794334759276,True
177934,8,1,0,0,2,0,0.6394634538534154,True,0.6418944236218987,True
177934,4,1,0,0,0,0,0.8742818135963942,True,0.8434594332215183,True
177489,51,2,1,0,0,0,0.846690865793587,True,0.8698187980436769,True
177489,67,2,1,0,2,1,0.4433991516640813,True,0.4344057966790255,True
569825,1,1,0,0,2,0,0.20450563073419925,False,0.3040041636903864,False
569825,40,1,2,0,2,0,0.37009481331473987,True,0.45673304275720933,True
100510,1,2,0,1,2,1,0.12744785837778075,True,0.23157077591010047,True
100510,19,2,1,0,2,1,0.7727861453922438,True,0.721780402052619,True
517832,62,4,1,0,1,1,0.24333916169835199,False,0.2674375617253056,False
517832,18,4,0,0,0,0,0.8024168740478789,True,0.7406349893216175,True
453841,8,2,0,0,0,0,0.8922013060675054,True,0.8077683861711337,True
453841,10,2,1,0,1,0,0.12467595297626281,False,0.07901532301149988,False
94336,17,0,1,0,1,1,0.9192948026334032,True,0.9046422465171836,True
94336,81,0,1,0,2,1,0.40978600841917445,False,0.4252188473538732,True
289222,10,3,2,0,2,0,0.4653220667722678,True,0.667695219361841,True
289222,1,3,1,0,2,1,0.17490762321573033,True,0.057558511364452024,True
163951,52,3,2,0,2,1,0.909942221774093,True,0.8698004786143348,True
163951,62,3,2,0,1,1,0.3719101296028288,True,0.7467500939140971,True
416451,84,4,0,0,2,0,0.42655320526744056,False,0.24469655433914492,True
416451,63,4,1,0,2,1,0.6382875939309807,True,0.6447385651871355,True
5193,42,1,1,0,0,0,0.7138342152979571,True,0.6941106987493787,True
5193,1,1,0,0,2,0,0.18381608777785313,False,0.10175334753965766,False
150265,11,2,1,0,2,2,0.843679119315463,True,0.8774917146256298,True
150265,1,2,0,0,2,0,0.3320104076673939,True,0.27308101134182966,True
511599,9,3,1,0,0,0,0.5500634014560845,True,0.47157009571208386,True
511599,1,3,0,0,2,1,0.013284279860271253,False,0.26672026129493925,True
189752,1,2,0,0,2,0,0.33769139937682563,True,0.2788709040752076,True
189752,59,2,1,0,2,1,0.8488481950473685,True,0.8572069233015832,True
18150,63,1,2,1,0,1,0.47495459395925055,True,0.5830601955786925,True
18150,59,1,1,0,2,0,0.8221550494480044,True,0.6661990371881743,True
460333,1,0,1,0,2,1,0.5048632530329501,True,0.7295910094376599,True
460333,65,0,1,0,1,1,0.6391716908570968,True,0.5970917012672008,True
141671,1,2,1,0,2,1,0.1355136167112958,True,0.06811842828615078,True
141671,4,2,0,0,1,0,0.7705610526274708,True,0.7621764465540458,True
320554,17,4,1,0,1,1,0.9489309450148199,True,0.9222910834788075,True
320554,15,4,1,0,1,1,0.3670065015077822,False,0.29029011103021396,True
429011,3,2,1,0,2,0,0.461771628864456,True,0.5229051538050394,True
429011,8,2,2,0,0,0,0.3155422311269343,True,0.3756640272633153,True
232649,70,0,2,0,2,1,0.5433000101589153,True,0.5534456699363589,True
232649,81,0,1,0,1,1,0.667904786218508,True,0.6781310800943428,True
155145,9,4,0,0,2,0,0.2280825518094934,False,0.22154901240555772,False
155145,28,4,0,1,1,1,0.016517551504985656,False,0.49837956659032007,True
512403,84,4,2,0,2,0,0.5686143473217727,True,0.39324343773146436,True
512403,86,4,1,0,2,1,0.6399220158365915,True,0.6582685665115502,True
261097,1,3,1,0,2,2,0.2684754934307593,True,0.24053955880492442,True
261097,15,3,0,0,2,0,0.22873675726474646,True,0.23658949096602833,True
189436,72,3,1,0,2,1,0.6840065425383202,True,0.6841427865659991,True
189436,88,3,1,0,2,0,0.5897110876049411,True,0.6809199125022651,True
275749,1,3,2,1,2,1,0.14219431696030263,True,0.13960772015538542,True
275749,72,3,0,0,2,0,0.46526447508561575,True,0.4902162989171251,True
303305,6,2,0,0,0,0,0.8856504583248034,True,0.7607768770916556,True
303305,1,2,1,0,0,0,0.1378901235582184,False,0.05949676306327509,False
210030,48,3,2,0,2,2,0.7981273758942676,True,0.8839568299042498,True
210030,61,3,1,0,1,1,0.8865969224922583,True,0.8646262687058794,True
491090,1,2,0,0,2,0,0.5185852403218726,True,0.5150162997568645,True
491090,4,2,0,0,0,0,0.6145805978437946,True,0.4698982521818154,True
206027,59,2,1,0,0,0,0.9007154350258384,True,0.8849787061311137,True
206027,67,2,0,0,0,0,0.06278271437980187,False,0.03356193816573516,False
