method,group,n_pairs,baseline_iou,iou,delta_iou,delta_ci_low,delta_ci_high,iou_ci_low,iou_ci_high
clip_baseline,A_correct_target_coarse_mask,398,0.31105867113907504,0.31105867113907504,0.0,0.0,0.0,0.29863217685433374,0.3235902507639212
clip_baseline,B_wrong_or_unconfirmed_target,455,0.1567265305932585,0.1567265305932585,0.0,0.0,0.0,0.14505394155787346,0.16900852497117663
clip_baseline,C_good_localization,147,0.6090638493151058,0.6090638493151058,0.0,0.0,0.0,0.5968751730202371,0.6218596846645291
sam_score,A_correct_target_coarse_mask,398,0.31105867113907504,0.4924500349097497,0.18139136377067475,0.1509011086562304,0.21264752680456553,0.46109213833421453,0.5239285216509314
sam_score,B_wrong_or_unconfirmed_target,455,0.1567265305932585,0.23694137628094486,0.08021484568768633,0.05586607465592546,0.10507584888008212,0.21069119443893675,0.2641519565151645
sam_score,C_good_localization,147,0.6090638493151058,0.6576800498378342,0.04861620052272844,0.006892034116924467,0.08937363142632403,0.6143818515883054,0.6991761191307417
sam_score+density_threshold,A_correct_target_coarse_mask,398,0.31105867113907504,0.49215369057778247,0.1810950194387075,0.1533700417758482,0.20979249494159238,0.463743728549881,0.5201052137408605
sam_score+density_threshold,B_wrong_or_unconfirmed_target,455,0.1567265305932585,0.26440560201098123,0.10767907141772277,0.08597712073647545,0.12899022663807222,0.2384507041716538,0.28916417063751654
sam_score+density_threshold,C_good_localization,147,0.6090638493151058,0.6694376056348597,0.060373756319753905,0.018762103885491384,0.10054690123334357,0.6275705711244164,0.7099487858816922
sam_score+logistic,A_correct_target_coarse_mask,398,0.31105867113907504,0.4982243928786487,0.18716572173957366,0.16061809308028366,0.21413559349418154,0.4700812911821543,0.5262433420835317
sam_score+logistic,B_wrong_or_unconfirmed_target,455,0.1567265305932585,0.2399222326236188,0.08319570203036031,0.06455257735235308,0.10203949754654472,0.2169861005079466,0.262790203578381
sam_score+logistic,C_good_localization,147,0.6090638493151058,0.7072307627040649,0.0981669133889591,0.0672046223088203,0.12931622384582844,0.6749005896386817,0.7392529139007398
coverage,A_correct_target_coarse_mask,398,0.31105867113907504,0.5092229042145986,0.19816423307552358,0.1722584927795437,0.22490944341696367,0.4814585792109417,0.5385333499605028
coverage,B_wrong_or_unconfirmed_target,455,0.1567265305932585,0.19041472501249193,0.03368819441923344,0.01649602833075928,0.051839017648952684,0.16916558798909437,0.2132725032737827
coverage,C_good_localization,147,0.6090638493151058,0.71709620492779,0.10803235561268432,0.07383724044867991,0.14268982921672332,0.6801321653004881,0.7531842973447769
density,A_correct_target_coarse_mask,398,0.31105867113907504,0.4622672969847874,0.15120862584571235,0.12249621855333977,0.18176288309460625,0.4339774906995461,0.4930508066683081
density,B_wrong_or_unconfirmed_target,455,0.1567265305932585,0.24313681713483182,0.08641028654157329,0.06327233069874877,0.11052200896608567,0.21849212556119177,0.26752507331964087
density,C_good_localization,147,0.6090638493151058,0.6759113682491761,0.06684751893407027,0.023250641842173642,0.10948214978612006,0.6294855286675697,0.721418967008323
smart,A_correct_target_coarse_mask,398,0.31105867113907504,0.5532734121746595,0.24221474103558457,0.21357829774430998,0.27114428796583745,0.5244343600034198,0.581843266376833
smart,B_wrong_or_unconfirmed_target,455,0.1567265305932585,0.2415129539326295,0.084786423339371,0.06258352087418109,0.10776016938124727,0.21630230610522352,0.26803330584766055
smart,C_good_localization,147,0.6090638493151058,0.7605908271705722,0.1515269778554665,0.12096032494139074,0.1813180668929326,0.728436683749789,0.792855818993229
smart+density_threshold,A_correct_target_coarse_mask,398,0.31105867113907504,0.5485148220734037,0.2374561509343287,0.2099031327912548,0.26505335255749735,0.5206972731884584,0.5767228125469545
smart+density_threshold,B_wrong_or_unconfirmed_target,455,0.1567265305932585,0.25569158875540116,0.09896505816214263,0.07799298440260707,0.12169951329684833,0.230338592105858,0.2815637015351369
smart+density_threshold,C_good_localization,147,0.6090638493151058,0.760946709620661,0.15188286030555523,0.12158845387134246,0.18053099536696443,0.7301181113153487,0.7920618659004164
smart+logistic,A_correct_target_coarse_mask,398,0.31105867113907504,0.5367745720281656,0.22571590088909066,0.19958582604577793,0.2514065611210115,0.5096580832401836,0.5642002485042498
smart+logistic,B_wrong_or_unconfirmed_target,455,0.1567265305932585,0.24949488735925301,0.09276835676599451,0.07477042958343273,0.11277096763454461,0.22640705405450914,0.27339923049449355
smart+logistic,C_good_localization,147,0.6090638493151058,0.7562861928113023,0.14722234349619656,0.11938623222191032,0.17409853038230305,0.7261149644118112,0.7852489935372056
