image_id,class_id,class_name,variant,clip_similarity,pg,epg,pacc,ap,iou,runtime_ms,zero_map,constant_map,error,target_present_original,target_present_crop
ILSVRC2012_val_00001189,392,rock beauty,baseline,0.2119208127260208,0.0,0.20997827044841896,0.3738639987244898,0.20342249643098037,0.11068021626517961,284.42330000052607,False,False,,True,True
ILSVRC2012_val_00001189,392,rock beauty,gcls,0.2119208127260208,0.0,0.209978265002789,0.3738639987244898,0.2034223567869422,0.11068021626517961,284.42330000052607,False,False,,True,True
ILSVRC2012_val_00001189,392,rock beauty,full,0.2119208127260208,1.0,0.4227239101796422,0.6516661352040817,0.5765872347871467,0.3271740385725834,284.42330000052607,False,False,,True,True
ILSVRC2012_val_00048183,196,miniature schnauzer,baseline,0.18659187853336334,0.0,0.0,0.7395966198979592,0.0,0.0,14.489099999991595,False,False,,False,False
ILSVRC2012_val_00048183,196,miniature schnauzer,gcls,0.18659187853336334,0.0,0.0,0.7395966198979592,0.0,0.0,14.489099999991595,False,False,,False,False
ILSVRC2012_val_00048183,196,miniature schnauzer,full,0.18659187853336334,0.0,0.0,0.7693319515306123,0.0,0.0,14.489099999991595,False,False,,False,False
ILSVRC2012_val_00034087,928,ice cream,baseline,0.1912885457277298,1.0,0.8495080229159915,0.7874083227040817,0.8982952047344794,0.6670308403046573,14.706400000250142,False,False,,True,True
ILSVRC2012_val_00034087,928,ice cream,gcls,0.1912885457277298,1.0,0.8495080222873334,0.7874083227040817,0.8982992403377297,0.6670308403046573,14.706400000250142,False,False,,True,True
ILSVRC2012_val_00034087,928,ice cream,full,0.1912885457277298,1.0,0.8325882919508738,0.7290736607142857,0.8581820743638462,0.5795756788519825,14.706400000250142,False,False,,True,True
ILSVRC2012_val_00039671,123,spiny lobster,baseline,0.18991796672344208,0.0,0.14399490525088351,0.5771085778061225,0.25505193678374816,0.15854383947337114,14.233400000193797,False,False,,True,True
ILSVRC2012_val_00039671,123,spiny lobster,gcls,0.18991796672344208,0.0,0.14399490456353717,0.5771085778061225,0.25505195221093546,0.15854383947337114,14.233400000193797,False,False,,True,True
ILSVRC2012_val_00039671,123,spiny lobster,full,0.18991796672344208,0.0,0.26008783499027915,0.7596659757653061,0.48496581190305305,0.28471439587164127,14.233400000193797,False,False,,True,True
ILSVRC2012_val_00045141,174,Norwegian elkhound,baseline,0.16933844983577728,1.0,0.688792649309378,0.9040577168367347,0.944878213689758,0.7567335388347062,14.784799999688403,False,False,,True,True
ILSVRC2012_val_00045141,174,Norwegian elkhound,gcls,0.16933844983577728,1.0,0.6887926509611502,0.9040577168367347,0.9448782912701131,0.7567335388347062,14.784799999688403,False,False,,True,True
ILSVRC2012_val_00045141,174,Norwegian elkhound,full,0.16933844983577728,1.0,0.772626841549955,0.9151985012755102,0.9459782724769317,0.7704590818363274,14.784799999688403,False,False,,True,True
ILSVRC2012_val_00024285,585,hair spray,baseline,0.209036186337471,0.0,0.0063283451996568344,0.6433952487244898,0.00812923299890099,0.007818564932904514,14.009099999384489,False,False,,True,True
ILSVRC2012_val_00024285,585,hair spray,gcls,0.209036186337471,0.0,0.006328345295045097,0.6433952487244898,0.00812915778405323,0.007818564932904514,14.009099999384489,False,False,,True,True
ILSVRC2012_val_00024285,585,hair spray,full,0.209036186337471,0.0,0.013589337117677259,0.7067721619897959,0.015830299135365534,0.02037419268926027,14.009099999384489,False,False,,True,True
ILSVRC2012_val_00038580,200,Tibetan terrier,baseline,0.18772919476032257,1.0,0.670515188398819,0.9214764030612245,0.964442485168594,0.6860807903752689,14.636299999438052,False,False,,True,True
ILSVRC2012_val_00038580,200,Tibetan terrier,gcls,0.18772919476032257,1.0,0.6705151878552986,0.9214764030612245,0.964442482949724,0.6860807903752689,14.636299999438052,False,False,,True,True
ILSVRC2012_val_00038580,200,Tibetan terrier,full,0.18772919476032257,1.0,0.757891083055539,0.9424426020408163,0.9781127155267462,0.7477068227483183,14.636299999438052,False,False,,True,True
ILSVRC2012_val_00008954,459,brassiere,baseline,0.23852424323558807,0.0,0.1482315001063582,0.6235650510204082,0.20291559514327828,0.1342134213421342,14.997999999650347,False,False,,True,True
ILSVRC2012_val_00008954,459,brassiere,gcls,0.23852424323558807,0.0,0.1482314974166163,0.6235650510204082,0.20291539289633057,0.1342134213421342,14.997999999650347,False,False,,True,True
ILSVRC2012_val_00008954,459,brassiere,full,0.23852424323558807,0.0,0.16910844291479318,0.7022879464285714,0.22180186367901145,0.157473209249859,14.997999999650347,False,False,,True,True
ILSVRC2012_val_00015413,866,tractor,baseline,0.19780367612838745,1.0,0.7031245653023597,0.7917131696428571,0.8158781055733796,0.6335682479576452,14.849799999865354,False,False,,True,True
ILSVRC2012_val_00015413,866,tractor,gcls,0.19780367612838745,1.0,0.7031245680368081,0.7917131696428571,0.8158780901819856,0.6335682479576452,14.849799999865354,False,False,,True,True
ILSVRC2012_val_00015413,866,tractor,full,0.19780367612838745,1.0,0.8291360827240548,0.8184590242346939,0.8967047928901302,0.6583270817704426,14.849799999865354,False,False,,True,True
ILSVRC2012_val_00046672,233,Bouvier des Flandres,baseline,0.16450239717960358,0.0,0.0,0.5053611288265306,0.0,0.0,53.52450000009412,False,False,,False,False
ILSVRC2012_val_00046672,233,Bouvier des Flandres,gcls,0.16450239717960358,0.0,0.0,0.5053611288265306,0.0,0.0,53.52450000009412,False,False,,False,False
ILSVRC2012_val_00046672,233,Bouvier des Flandres,full,0.16450239717960358,0.0,0.0,0.5683793048469388,0.0,0.0,53.52450000009412,False,False,,False,False
ILSVRC2012_val_00045930,211,vizsla,baseline,0.20112505555152893,0.0,0.2496738774416691,0.7329599808673469,0.6367180756301805,0.20191792244922271,52.27729999933217,False,False,,True,True
ILSVRC2012_val_00045930,211,vizsla,gcls,0.20112505555152893,0.0,0.24967387991352663,0.7329599808673469,0.6367181812741963,0.20191792244922271,52.27729999933217,False,False,,True,True
ILSVRC2012_val_00045930,211,vizsla,full,0.20112505555152893,0.0,0.4057990776635208,0.9143215880102041,0.7041103885106825,0.4408895825204838,52.27729999933217,False,False,,True,True
ILSVRC2012_val_00025677,259,Pomeranian,baseline,0.21426114439964294,1.0,0.9357755702219946,0.7482661033163265,0.975681603224739,0.6678238001314925,62.52349999977014,False,False,,True,True
ILSVRC2012_val_00025677,259,Pomeranian,gcls,0.21426114439964294,1.0,0.9357755716727749,0.7482661033163265,0.9756816132553984,0.6678238001314925,62.52349999977014,False,False,,True,True
ILSVRC2012_val_00025677,259,Pomeranian,full,0.21426114439964294,1.0,0.954370519832407,0.6974449936224489,0.9784406820977267,0.5968825513157545,62.52349999977014,False,False,,True,True
ILSVRC2012_val_00043105,654,minibus,baseline,0.18598029017448425,1.0,0.9529989532150482,0.6325334821428571,0.9686460383356623,0.5487297469283862,132.97289999991335,False,False,,True,True
ILSVRC2012_val_00043105,654,minibus,gcls,0.18598029017448425,1.0,0.9529989529857508,0.6325334821428571,0.9686460312861285,0.5487297469283862,132.97289999991335,False,False,,True,True
ILSVRC2012_val_00043105,654,minibus,full,0.18598029017448425,1.0,0.9504890102165936,0.6114477040816326,0.9657705862129684,0.5240931504174193,132.97289999991335,False,False,,True,True
ILSVRC2012_val_00029833,499,cleaver,baseline,0.21641764044761658,1.0,0.45147790516925257,0.6906688456632653,0.660468542627487,0.3699102829537612,132.03900000007707,False,False,,True,True
ILSVRC2012_val_00029833,499,cleaver,gcls,0.21641764044761658,1.0,0.4514779067542062,0.6906688456632653,0.6604685044728276,0.3699102829537612,132.03900000007707,False,False,,True,True
ILSVRC2012_val_00029833,499,cleaver,full,0.21641764044761658,1.0,0.5367444779364334,0.7922114158163265,0.6665633234701291,0.4653333333333333,132.03900000007707,False,False,,True,True
ILSVRC2012_val_00035317,54,hognose snake,baseline,0.17665159702301025,1.0,0.6306621186774685,0.8265106823979592,0.8765647025272671,0.6684188473698244,66.50850000005448,False,False,,True,True
ILSVRC2012_val_00035317,54,hognose snake,gcls,0.17665159702301025,1.0,0.6306621191129769,0.8265106823979592,0.8765646858313094,0.6684188473698244,66.50850000005448,False,False,,True,True
ILSVRC2012_val_00035317,54,hognose snake,full,0.17665159702301025,1.0,0.7269741081942772,0.8388671875,0.9060207737319325,0.6898139267216574,66.50850000005448,False,False,,True,True
ILSVRC2012_val_00012441,27,eft,baseline,0.20459723472595215,0.0,0.2442001402925414,0.6057477678571429,0.571696842817693,0.2802619610696744,56.23890000060783,False,False,,True,True
ILSVRC2012_val_00012441,27,eft,gcls,0.20459723472595215,0.0,0.24420013934028087,0.6057477678571429,0.5716968789131055,0.2802619610696744,56.23890000060783,False,False,,True,True
ILSVRC2012_val_00012441,27,eft,full,0.20459723472595215,1.0,0.49220827928187266,0.8481744260204082,0.8527801007649958,0.5221427675323046,56.23890000060783,False,False,,True,True
ILSVRC2012_val_00008063,655,miniskirt,baseline,0.2187025547027588,0.0,0.11833341941412566,0.7028659119897959,0.30184657806656384,0.09235358577864361,252.15709999974933,False,False,,True,True
ILSVRC2012_val_00008063,655,miniskirt,gcls,0.2187025547027588,0.0,0.11833342068777188,0.7028659119897959,0.30184657806656384,0.09235358577864361,252.15709999974933,False,False,,True,True
ILSVRC2012_val_00008063,655,miniskirt,full,0.2187025547027588,0.0,0.15078992392355778,0.7512157206632653,0.42232883896648893,0.10835714285714286,252.15709999974933,False,False,,True,True
ILSVRC2012_val_00002666,503,cocktail shaker,baseline,0.17142008244991302,0.0,0.0,0.6464644451530612,0.0,0.0,23.19329999954789,False,False,,False,False
ILSVRC2012_val_00002666,503,cocktail shaker,gcls,0.17142008244991302,0.0,0.0,0.6464644451530612,0.0,0.0,23.19329999954789,False,False,,False,False
ILSVRC2012_val_00002666,503,cocktail shaker,full,0.17142008244991302,0.0,0.0,0.6721938775510204,0.0,0.0,23.19329999954789,False,False,,False,False
ILSVRC2012_val_00033260,956,custard apple,baseline,0.1807970255613327,1.0,0.6773261122227486,0.9106544961734694,0.9123426729199343,0.7292383885969681,21.519599999919592,False,False,,True,True
ILSVRC2012_val_00033260,956,custard apple,gcls,0.1807970255613327,1.0,0.6773261121309186,0.9106544961734694,0.9123426631208277,0.7292383885969681,21.519599999919592,False,False,,True,True
ILSVRC2012_val_00033260,956,custard apple,full,0.1807970255613327,1.0,0.7112012358219663,0.9261200573979592,0.9041127140245934,0.7647096159949223,21.519599999919592,False,False,,True,True
ILSVRC2012_val_00002329,297,sloth bear,baseline,0.20572608709335327,1.0,0.8561795685405096,0.8642777423469388,0.9831567980098261,0.7737691847717759,43.622099999993225,False,False,,True,True
ILSVRC2012_val_00002329,297,sloth bear,gcls,0.20572608709335327,1.0,0.8561795660600892,0.8642777423469388,0.9831568001503748,0.7737691847717759,43.622099999993225,False,False,,True,True
ILSVRC2012_val_00002329,297,sloth bear,full,0.20572608709335327,1.0,0.8737494079511553,0.7728595344387755,0.9701745396609782,0.6184849194925184,43.622099999993225,False,False,,True,True
