image_id,partition,variant,mask,threshold_rule,threshold_used,pg,epg,pacc,ap,iou
ILSVRC2012_val_00001189,development20,baseline,target,fixed,0.5,0.0,0.20997827044841896,0.6541972257653061,0.20342249643098037,0.0
ILSVRC2012_val_00001189,development20,baseline,target,mean,0.25135281099702145,0.0,0.20997827044841896,0.3738639987244898,0.20342249643098037,0.11068021626517961
ILSVRC2012_val_00001189,development20,baseline,all_labeled,fixed,0.5,0.0,0.20997827044841896,0.6541972257653061,0.20342249643098037,0.0
ILSVRC2012_val_00001189,development20,baseline,all_labeled,mean,0.25135281099702145,0.0,0.20997827044841896,0.3738639987244898,0.20342249643098037,0.11068021626517961
ILSVRC2012_val_00001189,development20,gcls,target,fixed,0.5,0.0,0.209978265002789,0.6541972257653061,0.2034223567869422,0.0
ILSVRC2012_val_00001189,development20,gcls,target,mean,0.2513528010770534,0.0,0.209978265002789,0.3738639987244898,0.2034223567869422,0.11068021626517961
ILSVRC2012_val_00001189,development20,gcls,all_labeled,fixed,0.5,0.0,0.209978265002789,0.6541972257653061,0.2034223567869422,0.0
ILSVRC2012_val_00001189,development20,gcls,all_labeled,mean,0.2513528010770534,0.0,0.209978265002789,0.3738639987244898,0.2034223567869422,0.11068021626517961
ILSVRC2012_val_00001189,development20,full,target,fixed,0.5,1.0,0.4227239101796422,0.754524075255102,0.5765872347871467,0.2350164586050556
ILSVRC2012_val_00001189,development20,full,target,mean,0.22710263840859782,1.0,0.4227239101796422,0.6516661352040817,0.5765872347871467,0.3271740385725834
ILSVRC2012_val_00001189,development20,full,all_labeled,fixed,0.5,1.0,0.4227239101796422,0.754524075255102,0.5765872347871467,0.2350164586050556
ILSVRC2012_val_00001189,development20,full,all_labeled,mean,0.22710263840859782,1.0,0.4227239101796422,0.6516661352040817,0.5765872347871467,0.3271740385725834
ILSVRC2012_val_00001189,development20,prior_only,target,fixed,0.5,1.0,0.42347016080873184,0.754524075255102,0.5772208340013202,0.2350164586050556
ILSVRC2012_val_00001189,development20,prior_only,target,mean,0.22663991214868298,1.0,0.42347016080873184,0.6535993303571429,0.5772208340013202,0.32855597620335314
ILSVRC2012_val_00001189,development20,prior_only,all_labeled,fixed,0.5,1.0,0.42347016080873184,0.754524075255102,0.5772208340013202,0.2350164586050556
ILSVRC2012_val_00001189,development20,prior_only,all_labeled,mean,0.22663991214868298,1.0,0.42347016080873184,0.6535993303571429,0.5772208340013202,0.32855597620335314
ILSVRC2012_val_00001189,development20,literal_full,target,fixed,0.5,0.0,0.6802516938126656,0.6979233099489796,0.47793398122951314,0.033847526772055075
ILSVRC2012_val_00001189,development20,literal_full,target,mean,0.03423276425224659,0.0,0.6802516938126656,0.7460738201530612,0.47793398122951314,0.2668738132228552
ILSVRC2012_val_00001189,development20,literal_full,all_labeled,fixed,0.5,0.0,0.6802516938126656,0.6979233099489796,0.47793398122951314,0.033847526772055075
ILSVRC2012_val_00001189,development20,literal_full,all_labeled,mean,0.03423276425224659,0.0,0.6802516938126656,0.7460738201530612,0.47793398122951314,0.2668738132228552
ILSVRC2012_val_00048183,development20,baseline,target,fixed,0.5,0.0,0.0,0.8503467793367347,0.0,0.0
ILSVRC2012_val_00048183,development20,baseline,target,mean,0.21182575727075764,0.0,0.0,0.7395966198979592,0.0,0.0
ILSVRC2012_val_00048183,development20,baseline,all_labeled,fixed,0.5,1.0,0.4110713255982357,0.9420838647959183,0.8109200582075331,0.6485244315432994
ILSVRC2012_val_00048183,development20,baseline,all_labeled,mean,0.21182575727075764,1.0,0.4110713255982357,0.8589166135204082,0.8109200582075331,0.46097616690778953
ILSVRC2012_val_00048183,development20,gcls,target,fixed,0.5,0.0,0.0,0.8503467793367347,0.0,0.0
ILSVRC2012_val_00048183,development20,gcls,target,mean,0.21182573167999189,0.0,0.0,0.7395966198979592,0.0,0.0
ILSVRC2012_val_00048183,development20,gcls,all_labeled,fixed,0.5,1.0,0.4110713291314669,0.9420838647959183,0.8109216984783392,0.6485244315432994
ILSVRC2012_val_00048183,development20,gcls,all_labeled,mean,0.21182573167999189,1.0,0.4110713291314669,0.8589166135204082,0.8109216984783392,0.46097616690778953
ILSVRC2012_val_00048183,development20,full,target,fixed,0.5,0.0,0.0,0.9529057716836735,0.0,0.0
ILSVRC2012_val_00048183,development20,full,target,mean,0.09659547011208215,0.0,0.0,0.7693319515306123,0.0,0.0
ILSVRC2012_val_00048183,development20,full,all_labeled,fixed,0.5,1.0,0.5727290424295515,0.9180883290816326,0.8893878472960998,0.34730824202000954
ILSVRC2012_val_00048183,development20,full,all_labeled,mean,0.09659547011208215,1.0,0.5727290424295515,0.8911631058673469,0.8893878472960998,0.5283295906028675
ILSVRC2012_val_00048183,development20,prior_only,target,fixed,0.5,0.0,0.0,0.9539819834183674,0.0,0.0
ILSVRC2012_val_00048183,development20,prior_only,target,mean,0.09296018401027115,0.0,0.0,0.7714046556122449,0.0,0.0
ILSVRC2012_val_00048183,development20,prior_only,all_labeled,fixed,0.5,1.0,0.581156531039918,0.9170519770408163,0.8807920057932602,0.3389453621346887
ILSVRC2012_val_00048183,development20,prior_only,all_labeled,mean,0.09296018401027115,1.0,0.581156531039918,0.8932756696428571,0.8807920057932602,0.5332519829164124
ILSVRC2012_val_00048183,development20,literal_full,target,fixed,0.5,0.0,0.0,0.9844347895408163,0.0,0.0
ILSVRC2012_val_00048183,development20,literal_full,target,mean,0.05481037136620731,0.0,0.0,0.7544244260204082,0.0,0.0
ILSVRC2012_val_00048183,development20,literal_full,all_labeled,fixed,0.5,0.0,0.001653182117939186,0.8624441964285714,0.11959337922323278,0.0
ILSVRC2012_val_00048183,development20,literal_full,all_labeled,mean,0.05481037136620731,0.0,0.001653182117939186,0.6336296237244898,0.11959337922323278,0.0016292836582849073
ILSVRC2012_val_00034087,development20,baseline,target,fixed,0.5,1.0,0.8495080229159915,0.6832948022959183,0.8982952047344794,0.48182084977337203
ILSVRC2012_val_00034087,development20,baseline,target,mean,0.33585618988019306,1.0,0.8495080229159915,0.7874083227040817,0.8982952047344794,0.6670308403046573
ILSVRC2012_val_00034087,development20,baseline,all_labeled,fixed,0.5,1.0,0.8495080229159915,0.6832948022959183,0.8982952047344794,0.48182084977337203
ILSVRC2012_val_00034087,development20,baseline,all_labeled,mean,0.33585618988019306,1.0,0.8495080229159915,0.7874083227040817,0.8982952047344794,0.6670308403046573
ILSVRC2012_val_00034087,development20,gcls,target,fixed,0.5,1.0,0.8495080222873334,0.6832948022959183,0.8982992403377297,0.48182084977337203
ILSVRC2012_val_00034087,development20,gcls,target,mean,0.33585621410492106,1.0,0.8495080222873334,0.7874083227040817,0.8982992403377297,0.6670308403046573
ILSVRC2012_val_00034087,development20,gcls,all_labeled,fixed,0.5,1.0,0.8495080222873334,0.6832948022959183,0.8982992403377297,0.48182084977337203
ILSVRC2012_val_00034087,development20,gcls,all_labeled,mean,0.33585621410492106,1.0,0.8495080222873334,0.7874083227040817,0.8982992403377297,0.6670308403046573
ILSVRC2012_val_00034087,development20,full,target,fixed,0.5,1.0,0.8325882919508738,0.4670559630102041,0.8581820743638462,0.10502359516717427
ILSVRC2012_val_00034087,development20,full,target,mean,0.1933280962523379,1.0,0.8325882919508738,0.7290736607142857,0.8581820743638462,0.5795756788519825
ILSVRC2012_val_00034087,development20,full,all_labeled,fixed,0.5,1.0,0.8325882919508738,0.4670559630102041,0.8581820743638462,0.10502359516717427
ILSVRC2012_val_00034087,development20,full,all_labeled,mean,0.1933280962523379,1.0,0.8325882919508738,0.7290736607142857,0.8581820743638462,0.5795756788519825
ILSVRC2012_val_00034087,development20,prior_only,target,fixed,0.5,1.0,0.8465719893262273,0.4832389987244898,0.8776576351129611,0.13341800073526955
ILSVRC2012_val_00034087,development20,prior_only,target,mean,0.21490806906438795,1.0,0.8465719893262273,0.752311862244898,0.8776576351129611,0.6127866400797607
ILSVRC2012_val_00034087,development20,prior_only,all_labeled,fixed,0.5,1.0,0.8465719893262273,0.4832389987244898,0.8776576351129611,0.13341800073526955
ILSVRC2012_val_00034087,development20,prior_only,all_labeled,mean,0.21490806906438795,1.0,0.8465719893262273,0.752311862244898,0.8776576351129611,0.6127866400797607
ILSVRC2012_val_00034087,development20,literal_full,target,fixed,0.5,0.0,0.1162656392803156,0.3719905931122449,0.4975799252402045,0.0012677886596304396
ILSVRC2012_val_00034087,development20,literal_full,target,mean,0.08089726783855324,0.0,0.1162656392803156,0.23525191326530612,0.4975799252402045,0.04411728072142092
ILSVRC2012_val_00034087,development20,literal_full,all_labeled,fixed,0.5,0.0,0.1162656392803156,0.3719905931122449,0.4975799252402045,0.0012677886596304396
ILSVRC2012_val_00034087,development20,literal_full,all_labeled,mean,0.08089726783855324,0.0,0.1162656392803156,0.23525191326530612,0.4975799252402045,0.04411728072142092
ILSVRC2012_val_00039671,development20,baseline,target,fixed,0.5,0.0,0.14399490525088351,0.6894132653061225,0.25505193678374816,0.18404104926959527
ILSVRC2012_val_00039671,development20,baseline,target,mean,0.42936834080608377,0.0,0.14399490525088351,0.5771085778061225,0.25505193678374816,0.15854383947337114
ILSVRC2012_val_00039671,development20,baseline,all_labeled,fixed,0.5,0.0,0.14399490525088351,0.6894132653061225,0.25505193678374816,0.18404104926959527
ILSVRC2012_val_00039671,development20,baseline,all_labeled,mean,0.42936834080608377,0.0,0.14399490525088351,0.5771085778061225,0.25505193678374816,0.15854383947337114
ILSVRC2012_val_00039671,development20,gcls,target,fixed,0.5,0.0,0.14399490456353717,0.6894132653061225,0.25505195221093546,0.18404104926959527
ILSVRC2012_val_00039671,development20,gcls,target,mean,0.42936832066572256,0.0,0.14399490456353717,0.5771085778061225,0.25505195221093546,0.15854383947337114
ILSVRC2012_val_00039671,development20,gcls,all_labeled,fixed,0.5,0.0,0.14399490456353717,0.6894132653061225,0.25505195221093546,0.18404104926959527
ILSVRC2012_val_00039671,development20,gcls,all_labeled,mean,0.42936832066572256,0.0,0.14399490456353717,0.5771085778061225,0.25505195221093546,0.15854383947337114
ILSVRC2012_val_00039671,development20,full,target,fixed,0.5,0.0,0.26008783499027915,0.8858617665816326,0.48496581190305305,0.3621073735798619
ILSVRC2012_val_00039671,development20,full,target,mean,0.23005566695340793,0.0,0.26008783499027915,0.7596659757653061,0.48496581190305305,0.28471439587164127
ILSVRC2012_val_00039671,development20,full,all_labeled,fixed,0.5,0.0,0.26008783499027915,0.8858617665816326,0.48496581190305305,0.3621073735798619
ILSVRC2012_val_00039671,development20,full,all_labeled,mean,0.23005566695340793,0.0,0.26008783499027915,0.7596659757653061,0.48496581190305305,0.28471439587164127
ILSVRC2012_val_00039671,development20,prior_only,target,fixed,0.5,0.0,0.26404792612882166,0.8859813456632653,0.4866592715515987,0.3624205951186894
ILSVRC2012_val_00039671,development20,prior_only,target,mean,0.22662981013239022,0.0,0.26404792612882166,0.7622967155612245,0.4866592715515987,0.28760004778401627
ILSVRC2012_val_00039671,development20,prior_only,all_labeled,fixed,0.5,0.0,0.26404792612882166,0.8859813456632653,0.4866592715515987,0.3624205951186894
ILSVRC2012_val_00039671,development20,prior_only,all_labeled,mean,0.22662981013239022,0.0,0.26404792612882166,0.7622967155612245,0.4866592715515987,0.28760004778401627
ILSVRC2012_val_00039671,development20,literal_full,target,fixed,0.5,0.0,0.045519814950086016,0.8841079400510204,0.10582389601043228,0.0
ILSVRC2012_val_00039671,development20,literal_full,target,mean,0.014285336474080505,0.0,0.045519814950086016,0.7775629783163265,0.10582389601043228,0.018468032714800808
ILSVRC2012_val_00039671,development20,literal_full,all_labeled,fixed,0.5,0.0,0.045519814950086016,0.8841079400510204,0.10582389601043228,0.0
ILSVRC2012_val_00039671,development20,literal_full,all_labeled,mean,0.014285336474080505,0.0,0.045519814950086016,0.7775629783163265,0.10582389601043228,0.018468032714800808
ILSVRC2012_val_00045141,development20,baseline,target,fixed,0.5,1.0,0.688792649309378,0.9065888073979592,0.944878213689758,0.7319723222965632
ILSVRC2012_val_00045141,development20,baseline,target,mean,0.30253384750260803,1.0,0.688792649309378,0.9040577168367347,0.944878213689758,0.7567335388347062
ILSVRC2012_val_00045141,development20,baseline,all_labeled,fixed,0.5,1.0,0.688792649309378,0.9065888073979592,0.944878213689758,0.7319723222965632
ILSVRC2012_val_00045141,development20,baseline,all_labeled,mean,0.30253384750260803,1.0,0.688792649309378,0.9040577168367347,0.944878213689758,0.7567335388347062
ILSVRC2012_val_00045141,development20,gcls,target,fixed,0.5,1.0,0.6887926509611502,0.9065888073979592,0.9448782912701131,0.7319723222965632
ILSVRC2012_val_00045141,development20,gcls,target,mean,0.3025338642110565,1.0,0.6887926509611502,0.9040577168367347,0.9448782912701131,0.7567335388347062
ILSVRC2012_val_00045141,development20,gcls,all_labeled,fixed,0.5,1.0,0.6887926509611502,0.9065888073979592,0.9448782912701131,0.7319723222965632
ILSVRC2012_val_00045141,development20,gcls,all_labeled,mean,0.3025338642110565,1.0,0.6887926509611502,0.9040577168367347,0.9448782912701131,0.7567335388347062
ILSVRC2012_val_00045141,development20,full,target,fixed,0.5,1.0,0.772626841549955,0.7909359056122449,0.9459782724769317,0.36612484138014384
ILSVRC2012_val_00045141,development20,full,target,mean,0.19307602764772175,1.0,0.772626841549955,0.9151985012755102,0.9459782724769317,0.7704590818363274
ILSVRC2012_val_00045141,development20,full,all_labeled,fixed,0.5,1.0,0.772626841549955,0.7909359056122449,0.9459782724769317,0.36612484138014384
ILSVRC2012_val_00045141,development20,full,all_labeled,mean,0.19307602764772175,1.0,0.772626841549955,0.9151985012755102,0.9459782724769317,0.7704590818363274
ILSVRC2012_val_00045141,development20,prior_only,target,fixed,0.5,1.0,0.7787487033638391,0.7873684630102041,0.9496255977232648,0.35012487056100383
ILSVRC2012_val_00045141,development20,prior_only,target,mean,0.18751058909940888,1.0,0.7787487033638391,0.9157565369897959,0.9496255977232648,0.7720556514236411
ILSVRC2012_val_00045141,development20,prior_only,all_labeled,fixed,0.5,1.0,0.7787487033638391,0.7873684630102041,0.9496255977232648,0.35012487056100383
ILSVRC2012_val_00045141,development20,prior_only,all_labeled,mean,0.18751058909940888,1.0,0.7787487033638391,0.9157565369897959,0.9496255977232648,0.7720556514236411
ILSVRC2012_val_00045141,development20,literal_full,target,fixed,0.5,0.0,1.6174447914138794e-05,0.668327487244898,0.3267903269588561,0.0
ILSVRC2012_val_00045141,development20,literal_full,target,mean,0.03056511571576861,0.0,1.6174447914138794e-05,0.47148038903061223,0.3267903269588561,0.0
ILSVRC2012_val_00045141,development20,literal_full,all_labeled,fixed,0.5,0.0,1.6174447914138794e-05,0.668327487244898,0.3267903269588561,0.0
ILSVRC2012_val_00045141,development20,literal_full,all_labeled,mean,0.03056511571576861,0.0,1.6174447914138794e-05,0.47148038903061223,0.3267903269588561,0.0
ILSVRC2012_val_00024285,development20,baseline,target,fixed,0.5,0.0,0.0063283451996568344,0.8721101721938775,0.00812923299890099,0.0
ILSVRC2012_val_00024285,development20,baseline,target,mean,0.1982698000980456,0.0,0.0063283451996568344,0.6433952487244898,0.00812923299890099,0.007818564932904514
ILSVRC2012_val_00024285,development20,baseline,all_labeled,fixed,0.5,0.0,0.0063283451996568344,0.8721101721938775,0.00812923299890099,0.0
ILSVRC2012_val_00024285,development20,baseline,all_labeled,mean,0.1982698000980456,0.0,0.0063283451996568344,0.6433952487244898,0.00812923299890099,0.007818564932904514
ILSVRC2012_val_00024285,development20,gcls,target,fixed,0.5,0.0,0.006328345295045097,0.8721101721938775,0.00812915778405323,0.0
ILSVRC2012_val_00024285,development20,gcls,target,mean,0.19826983907253132,0.0,0.006328345295045097,0.6433952487244898,0.00812915778405323,0.007818564932904514
ILSVRC2012_val_00024285,development20,gcls,all_labeled,fixed,0.5,0.0,0.006328345295045097,0.8721101721938775,0.00812915778405323,0.0
ILSVRC2012_val_00024285,development20,gcls,all_labeled,mean,0.19826983907253132,0.0,0.006328345295045097,0.6433952487244898,0.00812915778405323,0.007818564932904514
ILSVRC2012_val_00024285,development20,full,target,fixed,0.5,0.0,0.013589337117677259,0.9755062181122449,0.015830299135365534,0.0
ILSVRC2012_val_00024285,development20,full,target,mean,0.08560861376898993,0.0,0.013589337117677259,0.7067721619897959,0.015830299135365534,0.02037419268926027
ILSVRC2012_val_00024285,development20,full,all_labeled,fixed,0.5,0.0,0.013589337117677259,0.9755062181122449,0.015830299135365534,0.0
ILSVRC2012_val_00024285,development20,full,all_labeled,mean,0.08560861376898993,0.0,0.013589337117677259,0.7067721619897959,0.015830299135365534,0.02037419268926027
ILSVRC2012_val_00024285,development20,prior_only,target,fixed,0.5,0.0,0.014025669202452871,0.9757055165816326,0.016293810177493796,0.0
ILSVRC2012_val_00024285,development20,prior_only,target,mean,0.08294903108231302,0.0,0.014025669202452871,0.7130699936224489,0.016293810177493796,0.02087867247007617
ILSVRC2012_val_00024285,development20,prior_only,all_labeled,fixed,0.5,0.0,0.014025669202452871,0.9757055165816326,0.016293810177493796,0.0
ILSVRC2012_val_00024285,development20,prior_only,all_labeled,mean,0.08294903108231302,0.0,0.014025669202452871,0.7130699936224489,0.016293810177493796,0.02087867247007617
ILSVRC2012_val_00024285,development20,literal_full,target,fixed,0.5,0.0,0.005459743872225854,0.9515704719387755,0.008312469294519325,0.0012330456226880395
ILSVRC2012_val_00024285,development20,literal_full,target,mean,0.09119030609763736,0.0,0.005459743872225854,0.7220982142857143,0.008312469294519325,0.006271379703534778
ILSVRC2012_val_00024285,development20,literal_full,all_labeled,fixed,0.5,0.0,0.005459743872225854,0.9515704719387755,0.008312469294519325,0.0012330456226880395
ILSVRC2012_val_00024285,development20,literal_full,all_labeled,mean,0.09119030609763736,0.0,0.005459743872225854,0.7220982142857143,0.008312469294519325,0.006271379703534778
ILSVRC2012_val_00038580,development20,baseline,target,fixed,0.5,1.0,0.670515188398819,0.9633689413265306,0.964442485168594,0.8137225093746833
ILSVRC2012_val_00038580,development20,baseline,target,mean,0.19832633752529488,1.0,0.670515188398819,0.9214764030612245,0.964442485168594,0.6860807903752689
ILSVRC2012_val_00038580,development20,baseline,all_labeled,fixed,0.5,1.0,0.670515188398819,0.9633689413265306,0.964442485168594,0.8137225093746833
ILSVRC2012_val_00038580,development20,baseline,all_labeled,mean,0.19832633752529488,1.0,0.670515188398819,0.9214764030612245,0.964442485168594,0.6860807903752689
ILSVRC2012_val_00038580,development20,gcls,target,fixed,0.5,1.0,0.6705151878552986,0.9633689413265306,0.964442482949724,0.8137225093746833
ILSVRC2012_val_00038580,development20,gcls,target,mean,0.19832630954691702,1.0,0.6705151878552986,0.9214764030612245,0.964442482949724,0.6860807903752689
ILSVRC2012_val_00038580,development20,gcls,all_labeled,fixed,0.5,1.0,0.6705151878552986,0.9633689413265306,0.964442482949724,0.8137225093746833
ILSVRC2012_val_00038580,development20,gcls,all_labeled,mean,0.19832630954691702,1.0,0.6705151878552986,0.9214764030612245,0.964442482949724,0.6860807903752689
ILSVRC2012_val_00038580,development20,full,target,fixed,0.5,1.0,0.757891083055539,0.9103356186224489,0.9781127155267462,0.47801369068337396
ILSVRC2012_val_00038580,development20,full,target,mean,0.115781760846642,1.0,0.757891083055539,0.9424426020408163,0.9781127155267462,0.7477068227483183
ILSVRC2012_val_00038580,development20,full,all_labeled,fixed,0.5,1.0,0.757891083055539,0.9103356186224489,0.9781127155267462,0.47801369068337396
ILSVRC2012_val_00038580,development20,full,all_labeled,mean,0.115781760846642,1.0,0.757891083055539,0.9424426020408163,0.9781127155267462,0.7477068227483183
ILSVRC2012_val_00038580,development20,prior_only,target,fixed,0.5,1.0,0.7797917035400872,0.9052136479591837,0.9821442695862047,0.4478114478114478
ILSVRC2012_val_00038580,development20,prior_only,target,mean,0.10854067325190289,1.0,0.7797917035400872,0.9478435905612245,0.9821442695862047,0.7659422234147214
ILSVRC2012_val_00038580,development20,prior_only,all_labeled,fixed,0.5,1.0,0.7797917035400872,0.9052136479591837,0.9821442695862047,0.4478114478114478
ILSVRC2012_val_00038580,development20,prior_only,all_labeled,mean,0.10854067325190289,1.0,0.7797917035400872,0.9478435905612245,0.9821442695862047,0.7659422234147214
ILSVRC2012_val_00038580,development20,literal_full,target,fixed,0.5,0.0,0.014312309150186027,0.8143933354591837,0.15468028565345668,0.0
ILSVRC2012_val_00038580,development20,literal_full,target,mean,0.07515795806127827,0.0,0.014312309150186027,0.5229791135204082,0.15468028565345668,0.010868666831969584
ILSVRC2012_val_00038580,development20,literal_full,all_labeled,fixed,0.5,0.0,0.014312309150186027,0.8143933354591837,0.15468028565345668,0.0
ILSVRC2012_val_00038580,development20,literal_full,all_labeled,mean,0.07515795806127827,0.0,0.014312309150186027,0.5229791135204082,0.15468028565345668,0.010868666831969584
ILSVRC2012_val_00008954,development20,baseline,target,fixed,0.5,0.0,0.1482315001063582,0.8523995535714286,0.20291559514327828,0.18534814651853482
ILSVRC2012_val_00008954,development20,baseline,target,mean,0.22219015769727044,0.0,0.1482315001063582,0.6235650510204082,0.20291559514327828,0.1342134213421342
ILSVRC2012_val_00008954,development20,baseline,all_labeled,fixed,0.5,0.0,0.15439417584511148,0.8406808035714286,0.1958050338037251,0.1740882322553983
ILSVRC2012_val_00008954,development20,baseline,all_labeled,mean,0.22219015769727044,0.0,0.15439417584511148,0.6118463010204082,0.1958050338037251,0.13069094804499196
ILSVRC2012_val_00008954,development20,gcls,target,fixed,0.5,0.0,0.1482314974166163,0.8523995535714286,0.20291539289633057,0.18534814651853482
ILSVRC2012_val_00008954,development20,gcls,target,mean,0.2221901598009368,0.0,0.1482314974166163,0.6235650510204082,0.20291539289633057,0.1342134213421342
ILSVRC2012_val_00008954,development20,gcls,all_labeled,fixed,0.5,0.0,0.15439417392030727,0.8406808035714286,0.19580489084583727,0.1740882322553983
ILSVRC2012_val_00008954,development20,gcls,all_labeled,mean,0.2221901598009368,0.0,0.15439417392030727,0.6118463010204082,0.19580489084583727,0.13069094804499196
ILSVRC2012_val_00008954,development20,full,target,fixed,0.5,0.0,0.16910844291479318,0.8970623405612245,0.22180186367901145,0.15105193951347798
ILSVRC2012_val_00008954,development20,full,target,mean,0.1461599827966787,0.0,0.16910844291479318,0.7022879464285714,0.22180186367901145,0.157473209249859
ILSVRC2012_val_00008954,development20,full,all_labeled,fixed,0.5,0.0,0.1824563214806189,0.8853435905612245,0.22615177248267848,0.13773980815347722
ILSVRC2012_val_00008954,development20,full,all_labeled,mean,0.1461599827966787,0.0,0.1824563214806189,0.7040816326530612,0.22615177248267848,0.17414761666388565
ILSVRC2012_val_00008954,development20,prior_only,target,fixed,0.5,0.0,0.1692741272398742,0.8970623405612245,0.22214575279136423,0.15105193951347798
ILSVRC2012_val_00008954,development20,prior_only,target,mean,0.14593186797511173,0.0,0.1692741272398742,0.7022281568877551,0.22214575279136423,0.15744656854452152
ILSVRC2012_val_00008954,development20,prior_only,all_labeled,fixed,0.5,0.0,0.18264287067215842,0.8853435905612245,0.226505273513402,0.13773980815347722
ILSVRC2012_val_00008954,development20,prior_only,all_labeled,mean,0.14593186797511173,0.0,0.18264287067215842,0.7041015625,0.226505273513402,0.17424916573971078
ILSVRC2012_val_00008954,development20,literal_full,target,fixed,0.5,0.0,0.039849976424521726,0.9008490114795918,0.06941931988838575,0.0
ILSVRC2012_val_00008954,development20,literal_full,target,mean,0.06457772522688796,0.0,0.039849976424521726,0.6899912308673469,0.06941931988838575,0.04129429892141757
ILSVRC2012_val_00008954,development20,literal_full,all_labeled,fixed,0.5,0.0,0.04334129260222767,0.8891302614795918,0.07925933395217247,0.0
ILSVRC2012_val_00008954,development20,literal_full,all_labeled,mean,0.06457772522688796,0.0,0.04334129260222767,0.6818598533163265,0.07925933395217247,0.0454463911977516
ILSVRC2012_val_00015413,development20,baseline,target,fixed,0.5,1.0,0.7031245653023597,0.7140465561224489,0.8158781055733796,0.45659748522951066
ILSVRC2012_val_00015413,development20,baseline,target,mean,0.3267699106634666,1.0,0.7031245653023597,0.7917131696428571,0.8158781055733796,0.6335682479576452
ILSVRC2012_val_00015413,development20,baseline,all_labeled,fixed,0.5,1.0,0.7031245653023597,0.7140465561224489,0.8158781055733796,0.45659748522951066
ILSVRC2012_val_00015413,development20,baseline,all_labeled,mean,0.3267699106634666,1.0,0.7031245653023597,0.7917131696428571,0.8158781055733796,0.6335682479576452
ILSVRC2012_val_00015413,development20,gcls,target,fixed,0.5,1.0,0.7031245680368081,0.7140465561224489,0.8158780901819856,0.45659748522951066
ILSVRC2012_val_00015413,development20,gcls,target,mean,0.32676994002607185,1.0,0.7031245680368081,0.7917131696428571,0.8158780901819856,0.6335682479576452
ILSVRC2012_val_00015413,development20,gcls,all_labeled,fixed,0.5,1.0,0.7031245680368081,0.7140465561224489,0.8158780901819856,0.45659748522951066
ILSVRC2012_val_00015413,development20,gcls,all_labeled,mean,0.32676994002607185,1.0,0.7031245680368081,0.7917131696428571,0.8158780901819856,0.6335682479576452
ILSVRC2012_val_00015413,development20,full,target,fixed,0.5,1.0,0.8291360827240548,0.5734016262755102,0.8967047928901302,0.13515151515151516
ILSVRC2012_val_00015413,development20,full,target,mean,0.1691536487853693,1.0,0.8291360827240548,0.8184590242346939,0.8967047928901302,0.6583270817704426
ILSVRC2012_val_00015413,development20,full,all_labeled,fixed,0.5,1.0,0.8291360827240548,0.5734016262755102,0.8967047928901302,0.13515151515151516
ILSVRC2012_val_00015413,development20,full,all_labeled,mean,0.1691536487853693,1.0,0.8291360827240548,0.8184590242346939,0.8967047928901302,0.6583270817704426
ILSVRC2012_val_00015413,development20,prior_only,target,fixed,0.5,1.0,0.8290070454182348,0.5779456313775511,0.9015891655587656,0.14190202196199198
ILSVRC2012_val_00015413,development20,prior_only,target,mean,0.17126276729555137,1.0,0.8290070454182348,0.8151705994897959,0.9015891655587656,0.6516938330954706
ILSVRC2012_val_00015413,development20,prior_only,all_labeled,fixed,0.5,1.0,0.8290070454182348,0.5779456313775511,0.9015891655587656,0.14190202196199198
ILSVRC2012_val_00015413,development20,prior_only,all_labeled,mean,0.17126276729555137,1.0,0.8290070454182348,0.8151705994897959,0.9015891655587656,0.6516938330954706
ILSVRC2012_val_00015413,development20,literal_full,target,fixed,0.5,0.0,0.22885354719861004,0.5054607780612245,0.4525758609826479,0.0015290519877675841
ILSVRC2012_val_00015413,development20,literal_full,target,mean,0.023803890368462383,0.0,0.22885354719861004,0.45852598852040816,0.4525758609826479,0.07748463549624801
ILSVRC2012_val_00015413,development20,literal_full,all_labeled,fixed,0.5,0.0,0.22885354719861004,0.5054607780612245,0.4525758609826479,0.0015290519877675841
ILSVRC2012_val_00015413,development20,literal_full,all_labeled,mean,0.023803890368462383,0.0,0.22885354719861004,0.45852598852040816,0.4525758609826479,0.07748463549624801
ILSVRC2012_val_00046672,development20,baseline,target,fixed,0.5,0.0,0.0,0.5397201849489796,0.0,0.0
ILSVRC2012_val_00046672,development20,baseline,target,mean,0.45377786953671595,0.0,0.0,0.5053611288265306,0.0,0.0
ILSVRC2012_val_00046672,development20,baseline,all_labeled,fixed,0.5,1.0,0.859966004722218,0.8155891262755102,0.9705500676478467,0.7058430824008138
ILSVRC2012_val_00046672,development20,baseline,all_labeled,mean,0.45377786953671595,1.0,0.859966004722218,0.8395448022959183,0.9705500676478467,0.7461613645678974
ILSVRC2012_val_00046672,development20,gcls,target,fixed,0.5,0.0,0.0,0.5397201849489796,0.0,0.0
ILSVRC2012_val_00046672,development20,gcls,target,mean,0.4537778075406906,0.0,0.0,0.5053611288265306,0.0,0.0
ILSVRC2012_val_00046672,development20,gcls,all_labeled,fixed,0.5,1.0,0.8599660074570566,0.8155891262755102,0.970549969418596,0.7058430824008138
ILSVRC2012_val_00046672,development20,gcls,all_labeled,mean,0.4537778075406906,1.0,0.8599660074570566,0.8395448022959183,0.970549969418596,0.7461613645678974
ILSVRC2012_val_00046672,development20,full,target,fixed,0.5,0.0,0.0,0.7663823341836735,0.0,0.0
ILSVRC2012_val_00046672,development20,full,target,mean,0.31422283975505017,0.0,0.0,0.5683793048469388,0.0,0.0
ILSVRC2012_val_00046672,development20,full,all_labeled,fixed,0.5,1.0,0.8710402699416153,0.6197783801020408,0.963263768139725,0.37820220324620296
ILSVRC2012_val_00046672,development20,full,all_labeled,mean,0.31422283975505017,1.0,0.8710402699416153,0.7981704400510204,0.963263768139725,0.6751459549624688
ILSVRC2012_val_00046672,development20,prior_only,target,fixed,0.5,0.0,0.0,0.7823262117346939,0.0,0.0
ILSVRC2012_val_00046672,development20,prior_only,target,mean,0.30541331409896605,0.0,0.0,0.5759725765306123,0.0,0.0
ILSVRC2012_val_00046672,development20,prior_only,all_labeled,fixed,0.5,1.0,0.8784785724972304,0.6078204719387755,0.9682460607290629,0.35654960434242366
ILSVRC2012_val_00046672,development20,prior_only,all_labeled,mean,0.30541331409896605,1.0,0.8784785724972304,0.7923708545918368,0.9682460607290629,0.6653281505991198
ILSVRC2012_val_00046672,development20,literal_full,target,fixed,0.5,0.0,0.0,0.9783960459183674,0.0,0.0
ILSVRC2012_val_00046672,development20,literal_full,target,mean,0.05281184594087717,0.0,0.0,0.7915338010204082,0.0,0.0
ILSVRC2012_val_00046672,development20,literal_full,all_labeled,fixed,0.5,0.0,0.20300072882140613,0.37611607142857145,0.56040915278156,0.00546448087431694
ILSVRC2012_val_00046672,development20,literal_full,all_labeled,mean,0.05281184594087717,0.0,0.20300072882140613,0.2716438137755102,0.56040915278156,0.05772850328735336
ILSVRC2012_val_00045930,development20,baseline,target,fixed,0.5,0.0,0.2496738774416691,0.9508529974489796,0.6367180756301805,0.5
ILSVRC2012_val_00045930,development20,baseline,target,mean,0.1745905583512779,0.0,0.2496738774416691,0.7329599808673469,0.6367180756301805,0.20191792244922271
ILSVRC2012_val_00045930,development20,baseline,all_labeled,fixed,0.5,0.0,0.2496738774416691,0.9508529974489796,0.6367180756301805,0.5
ILSVRC2012_val_00045930,development20,baseline,all_labeled,mean,0.1745905583512779,0.0,0.2496738774416691,0.7329599808673469,0.6367180756301805,0.20191792244922271
ILSVRC2012_val_00045930,development20,gcls,target,fixed,0.5,0.0,0.24967387991352663,0.9508529974489796,0.6367181812741963,0.5
ILSVRC2012_val_00045930,development20,gcls,target,mean,0.1745905811550522,0.0,0.24967387991352663,0.7329599808673469,0.6367181812741963,0.20191792244922271
ILSVRC2012_val_00045930,development20,gcls,all_labeled,fixed,0.5,0.0,0.24967387991352663,0.9508529974489796,0.6367181812741963,0.5
ILSVRC2012_val_00045930,development20,gcls,all_labeled,mean,0.1745905811550522,0.0,0.24967387991352663,0.7329599808673469,0.6367181812741963,0.20191792244922271
ILSVRC2012_val_00045930,development20,full,target,fixed,0.5,0.0,0.4057990776635208,0.9483617665816326,0.7041103885106825,0.3554726368159204
ILSVRC2012_val_00045930,development20,full,target,mean,0.08481724052423256,0.0,0.4057990776635208,0.9143215880102041,0.7041103885106825,0.4408895825204838
ILSVRC2012_val_00045930,development20,full,all_labeled,fixed,0.5,0.0,0.4057990776635208,0.9483617665816326,0.7041103885106825,0.3554726368159204
ILSVRC2012_val_00045930,development20,full,all_labeled,mean,0.08481724052423256,0.0,0.4057990776635208,0.9143215880102041,0.7041103885106825,0.4408895825204838
ILSVRC2012_val_00045930,development20,prior_only,target,fixed,0.5,1.0,0.40128794648668453,0.9500956632653061,0.7241029962392515,0.3697457840422854
ILSVRC2012_val_00045930,development20,prior_only,target,mean,0.08409591261218033,1.0,0.40128794648668453,0.913444674744898,0.7241029962392515,0.4383809646967542
ILSVRC2012_val_00045930,development20,prior_only,all_labeled,fixed,0.5,1.0,0.40128794648668453,0.9500956632653061,0.7241029962392515,0.3697457840422854
ILSVRC2012_val_00045930,development20,prior_only,all_labeled,mean,0.08409591261218033,1.0,0.40128794648668453,0.913444674744898,0.7241029962392515,0.4383809646967542
ILSVRC2012_val_00045930,development20,literal_full,target,fixed,0.5,0.0,0.0,0.9208785076530612,0.06756218112244898,0.0
ILSVRC2012_val_00045930,development20,literal_full,target,mean,0.03537277508534017,0.0,0.0,0.7387396364795918,0.06756218112244898,0.0
ILSVRC2012_val_00045930,development20,literal_full,all_labeled,fixed,0.5,0.0,0.0,0.9208785076530612,0.06756218112244898,0.0
ILSVRC2012_val_00045930,development20,literal_full,all_labeled,mean,0.03537277508534017,0.0,0.0,0.7387396364795918,0.06756218112244898,0.0
ILSVRC2012_val_00025677,development20,baseline,target,fixed,0.5,1.0,0.9357755702219946,0.729133450255102,0.975681603224739,0.6409721304979528
ILSVRC2012_val_00025677,development20,baseline,target,mean,0.466348005021466,1.0,0.9357755702219946,0.7482661033163265,0.975681603224739,0.6678238001314925
ILSVRC2012_val_00025677,development20,baseline,all_labeled,fixed,0.5,1.0,0.9357755702219946,0.729133450255102,0.975681603224739,0.6409721304979528
ILSVRC2012_val_00025677,development20,baseline,all_labeled,mean,0.466348005021466,1.0,0.9357755702219946,0.7482661033163265,0.975681603224739,0.6678238001314925
ILSVRC2012_val_00025677,development20,gcls,target,fixed,0.5,1.0,0.9357755716727749,0.729133450255102,0.9756816132553984,0.6409721304979528
ILSVRC2012_val_00025677,development20,gcls,target,mean,0.4663480312268193,1.0,0.9357755716727749,0.7482661033163265,0.9756816132553984,0.6678238001314925
ILSVRC2012_val_00025677,development20,gcls,all_labeled,fixed,0.5,1.0,0.9357755716727749,0.729133450255102,0.9756816132553984,0.6409721304979528
ILSVRC2012_val_00025677,development20,gcls,all_labeled,mean,0.4663480312268193,1.0,0.9357755716727749,0.7482661033163265,0.9756816132553984,0.6678238001314925
ILSVRC2012_val_00025677,development20,full,target,fixed,0.5,1.0,0.954370519832407,0.4995216836734694,0.9784406820977267,0.33011443967241977
ILSVRC2012_val_00025677,development20,full,target,mean,0.30786761000613794,1.0,0.954370519832407,0.6974449936224489,0.9784406820977267,0.5968825513157545
ILSVRC2012_val_00025677,development20,full,all_labeled,fixed,0.5,1.0,0.954370519832407,0.4995216836734694,0.9784406820977267,0.33011443967241977
ILSVRC2012_val_00025677,development20,full,all_labeled,mean,0.30786761000613794,1.0,0.954370519832407,0.6974449936224489,0.9784406820977267,0.5968825513157545
ILSVRC2012_val_00025677,development20,prior_only,target,fixed,0.5,1.0,0.9600886101588537,0.49900350765306123,0.9782832323196623,0.3294208659001787
ILSVRC2012_val_00025677,development20,prior_only,target,mean,0.3026622989652901,1.0,0.9600886101588537,0.6987603635204082,0.9782832323196623,0.5987097116763128
ILSVRC2012_val_00025677,development20,prior_only,all_labeled,fixed,0.5,1.0,0.9600886101588537,0.49900350765306123,0.9782832323196623,0.3294208659001787
ILSVRC2012_val_00025677,development20,prior_only,all_labeled,mean,0.3026622989652901,1.0,0.9600886101588537,0.6987603635204082,0.9782832323196623,0.5987097116763128
ILSVRC2012_val_00025677,development20,literal_full,target,fixed,0.5,1.0,0.3813912784764383,0.252132493622449,0.7006559190648636,0.003028773346794548
ILSVRC2012_val_00025677,development20,literal_full,target,mean,0.02093507392785245,1.0,0.3813912784764383,0.23772321428571427,0.7006559190648636,0.07782814157585109
ILSVRC2012_val_00025677,development20,literal_full,all_labeled,fixed,0.5,1.0,0.3813912784764383,0.252132493622449,0.7006559190648636,0.003028773346794548
ILSVRC2012_val_00025677,development20,literal_full,all_labeled,mean,0.02093507392785245,1.0,0.3813912784764383,0.23772321428571427,0.7006559190648636,0.07782814157585109
ILSVRC2012_val_00043105,development20,baseline,target,fixed,0.5,1.0,0.9529989532150482,0.39345503826530615,0.9686460383356623,0.24705591291439882
ILSVRC2012_val_00043105,development20,baseline,target,mean,0.3017117413087676,1.0,0.9529989532150482,0.6325334821428571,0.9686460383356623,0.5487297469283862
ILSVRC2012_val_00043105,development20,baseline,all_labeled,fixed,0.5,1.0,0.9529989532150482,0.39345503826530615,0.9686460383356623,0.24705591291439882
ILSVRC2012_val_00043105,development20,baseline,all_labeled,mean,0.3017117413087676,1.0,0.9529989532150482,0.6325334821428571,0.9686460383356623,0.5487297469283862
ILSVRC2012_val_00043105,development20,gcls,target,fixed,0.5,1.0,0.9529989529857508,0.39345503826530615,0.9686460312861285,0.24705591291439882
ILSVRC2012_val_00043105,development20,gcls,target,mean,0.3017117672213657,1.0,0.9529989529857508,0.6325334821428571,0.9686460312861285,0.5487297469283862
ILSVRC2012_val_00043105,development20,gcls,all_labeled,fixed,0.5,1.0,0.9529989529857508,0.39345503826530615,0.9686460312861285,0.24705591291439882
ILSVRC2012_val_00043105,development20,gcls,all_labeled,mean,0.3017117672213657,1.0,0.9529989529857508,0.6325334821428571,0.9686460312861285,0.5487297469283862
ILSVRC2012_val_00043105,development20,full,target,fixed,0.5,1.0,0.9504890102165936,0.30654097576530615,0.9657705862129684,0.1379694777524527
ILSVRC2012_val_00043105,development20,full,target,mean,0.242331635381343,1.0,0.9504890102165936,0.6114477040816326,0.9657705862129684,0.5240931504174193
ILSVRC2012_val_00043105,development20,full,all_labeled,fixed,0.5,1.0,0.9504890102165936,0.30654097576530615,0.9657705862129684,0.1379694777524527
ILSVRC2012_val_00043105,development20,full,all_labeled,mean,0.242331635381343,1.0,0.9504890102165936,0.6114477040816326,0.9657705862129684,0.5240931504174193
ILSVRC2012_val_00043105,development20,prior_only,target,fixed,0.5,1.0,0.9520394776658424,0.2782007334183674,0.9663266094760584,0.10202816622037092
ILSVRC2012_val_00043105,development20,prior_only,target,mean,0.21849402804227866,1.0,0.9520394776658424,0.6069036989795918,0.9663266094760584,0.5186098162204379
ILSVRC2012_val_00043105,development20,prior_only,all_labeled,fixed,0.5,1.0,0.9520394776658424,0.2782007334183674,0.9663266094760584,0.10202816622037092
ILSVRC2012_val_00043105,development20,prior_only,all_labeled,mean,0.21849402804227866,1.0,0.9520394776658424,0.6069036989795918,0.9663266094760584,0.5186098162204379
ILSVRC2012_val_00043105,development20,literal_full,target,fixed,0.5,0.0,0.549807788333747,0.17695711096938777,0.7174284163772978,0.007569931750456599
ILSVRC2012_val_00043105,development20,literal_full,target,mean,0.08143994617470475,0.0,0.549807788333747,0.2832828443877551,0.7174284163772978,0.20753635962979286
ILSVRC2012_val_00043105,development20,literal_full,all_labeled,fixed,0.5,0.0,0.549807788333747,0.17695711096938777,0.7174284163772978,0.007569931750456599
ILSVRC2012_val_00043105,development20,literal_full,all_labeled,mean,0.08143994617470475,0.0,0.549807788333747,0.2832828443877551,0.7174284163772978,0.20753635962979286
ILSVRC2012_val_00029833,development20,baseline,target,fixed,0.5,1.0,0.45147790516925257,0.8314931441326531,0.660468542627487,0.39787779518587096
ILSVRC2012_val_00029833,development20,baseline,target,mean,0.24507206651889255,1.0,0.45147790516925257,0.6906688456632653,0.660468542627487,0.3699102829537612
ILSVRC2012_val_00029833,development20,baseline,all_labeled,fixed,0.5,1.0,0.45147790516925257,0.8314931441326531,0.660468542627487,0.39787779518587096
ILSVRC2012_val_00029833,development20,baseline,all_labeled,mean,0.24507206651889255,1.0,0.45147790516925257,0.6906688456632653,0.660468542627487,0.3699102829537612
ILSVRC2012_val_00029833,development20,gcls,target,fixed,0.5,1.0,0.4514779067542062,0.8314931441326531,0.6604685044728276,0.39787779518587096
ILSVRC2012_val_00029833,development20,gcls,target,mean,0.24507212272281095,1.0,0.4514779067542062,0.6906688456632653,0.6604685044728276,0.3699102829537612
ILSVRC2012_val_00029833,development20,gcls,all_labeled,fixed,0.5,1.0,0.4514779067542062,0.8314931441326531,0.6604685044728276,0.39787779518587096
ILSVRC2012_val_00029833,development20,gcls,all_labeled,mean,0.24507212272281095,1.0,0.4514779067542062,0.6906688456632653,0.6604685044728276,0.3699102829537612
ILSVRC2012_val_00029833,development20,full,target,fixed,0.5,1.0,0.5367444779364334,0.7770846619897959,0.6665633234701291,0.12507822277847308
ILSVRC2012_val_00029833,development20,full,target,mean,0.12609456728613155,1.0,0.5367444779364334,0.7922114158163265,0.6665633234701291,0.4653333333333333
ILSVRC2012_val_00029833,development20,full,all_labeled,fixed,0.5,1.0,0.5367444779364334,0.7770846619897959,0.6665633234701291,0.12507822277847308
ILSVRC2012_val_00029833,development20,full,all_labeled,mean,0.12609456728613155,1.0,0.5367444779364334,0.7922114158163265,0.6665633234701291,0.4653333333333333
ILSVRC2012_val_00029833,development20,prior_only,target,fixed,0.5,1.0,0.5691709820460712,0.7804926658163265,0.7098813750024097,0.13683385579937304
ILSVRC2012_val_00029833,development20,prior_only,target,mean,0.12478836237254848,1.0,0.5691709820460712,0.8271882971938775,0.7098813750024097,0.5211244270171757
ILSVRC2012_val_00029833,development20,prior_only,all_labeled,fixed,0.5,1.0,0.5691709820460712,0.7804926658163265,0.7098813750024097,0.13683385579937304
ILSVRC2012_val_00029833,development20,prior_only,all_labeled,mean,0.12478836237254848,1.0,0.5691709820460712,0.8271882971938775,0.7098813750024097,0.5211244270171757
ILSVRC2012_val_00029833,development20,literal_full,target,fixed,0.5,0.0,0.0711927861383201,0.741828762755102,0.20692481540593363,0.0
ILSVRC2012_val_00029833,development20,literal_full,target,mean,0.05730197164849982,0.0,0.0711927861383201,0.5403579400510204,0.20692481540593363,0.058230225815672346
ILSVRC2012_val_00029833,development20,literal_full,all_labeled,fixed,0.5,0.0,0.0711927861383201,0.741828762755102,0.20692481540593363,0.0
ILSVRC2012_val_00029833,development20,literal_full,all_labeled,mean,0.05730197164849982,0.0,0.0711927861383201,0.5403579400510204,0.20692481540593363,0.058230225815672346
ILSVRC2012_val_00035317,development20,baseline,target,fixed,0.5,1.0,0.6306621186774685,0.7370256696428571,0.8765647025272671,0.46403184532271824
ILSVRC2012_val_00035317,development20,baseline,target,mean,0.37210421518519077,1.0,0.6306621186774685,0.8265106823979592,0.8765647025272671,0.6684188473698244
ILSVRC2012_val_00035317,development20,baseline,all_labeled,fixed,0.5,1.0,0.6306621186774685,0.7370256696428571,0.8765647025272671,0.46403184532271824
ILSVRC2012_val_00035317,development20,baseline,all_labeled,mean,0.37210421518519077,1.0,0.6306621186774685,0.8265106823979592,0.8765647025272671,0.6684188473698244
ILSVRC2012_val_00035317,development20,gcls,target,fixed,0.5,1.0,0.6306621191129769,0.7370256696428571,0.8765646858313094,0.46403184532271824
ILSVRC2012_val_00035317,development20,gcls,target,mean,0.3721042287354532,1.0,0.6306621191129769,0.8265106823979592,0.8765646858313094,0.6684188473698244
ILSVRC2012_val_00035317,development20,gcls,all_labeled,fixed,0.5,1.0,0.6306621191129769,0.7370256696428571,0.8765646858313094,0.46403184532271824
ILSVRC2012_val_00035317,development20,gcls,all_labeled,mean,0.3721042287354532,1.0,0.6306621191129769,0.8265106823979592,0.8765646858313094,0.6684188473698244
ILSVRC2012_val_00035317,development20,full,target,fixed,0.5,1.0,0.7269741081942772,0.6896125637755102,0.9060207737319325,0.35657921916959306
ILSVRC2012_val_00035317,development20,full,target,mean,0.28312670376395926,1.0,0.7269741081942772,0.8388671875,0.9060207737319325,0.6898139267216574
ILSVRC2012_val_00035317,development20,full,all_labeled,fixed,0.5,1.0,0.7269741081942772,0.6896125637755102,0.9060207737319325,0.35657921916959306
ILSVRC2012_val_00035317,development20,full,all_labeled,mean,0.28312670376395926,1.0,0.7269741081942772,0.8388671875,0.9060207737319325,0.6898139267216574
ILSVRC2012_val_00035317,development20,prior_only,target,fixed,0.5,1.0,0.7283421326865349,0.6920639349489796,0.9111039570761359,0.35970328622933156
ILSVRC2012_val_00035317,development20,prior_only,target,mean,0.2817719673968986,1.0,0.7283421326865349,0.8416175063775511,0.9111039570761359,0.694909398034398
ILSVRC2012_val_00035317,development20,prior_only,all_labeled,fixed,0.5,1.0,0.7283421326865349,0.6920639349489796,0.9111039570761359,0.35970328622933156
ILSVRC2012_val_00035317,development20,prior_only,all_labeled,mean,0.2817719673968986,1.0,0.7283421326865349,0.8416175063775511,0.9111039570761359,0.694909398034398
ILSVRC2012_val_00035317,development20,literal_full,target,fixed,0.5,1.0,0.4207696026161821,0.5248325892857143,0.46807953661545454,0.007658370099059352
ILSVRC2012_val_00035317,development20,literal_full,target,mean,0.025769478645169007,1.0,0.4207696026161821,0.5197106186224489,0.46807953661545454,0.1107380073800738
ILSVRC2012_val_00035317,development20,literal_full,all_labeled,fixed,0.5,1.0,0.4207696026161821,0.5248325892857143,0.46807953661545454,0.007658370099059352
ILSVRC2012_val_00035317,development20,literal_full,all_labeled,mean,0.025769478645169007,1.0,0.4207696026161821,0.5197106186224489,0.46807953661545454,0.1107380073800738
ILSVRC2012_val_00012441,development20,baseline,target,fixed,0.5,0.0,0.2442001402925414,0.7671197385204082,0.571696842817693,0.36345808138584734
ILSVRC2012_val_00012441,development20,baseline,target,mean,0.41366308587846345,0.0,0.2442001402925414,0.6057477678571429,0.571696842817693,0.2802619610696744
ILSVRC2012_val_00012441,development20,baseline,all_labeled,fixed,0.5,0.0,0.2442001402925414,0.7671197385204082,0.571696842817693,0.36345808138584734
ILSVRC2012_val_00012441,development20,baseline,all_labeled,mean,0.41366308587846345,0.0,0.2442001402925414,0.6057477678571429,0.571696842817693,0.2802619610696744
ILSVRC2012_val_00012441,development20,gcls,target,fixed,0.5,0.0,0.24420013934028087,0.7671197385204082,0.5716968789131055,0.36345808138584734
ILSVRC2012_val_00012441,development20,gcls,target,mean,0.4136630341684701,0.0,0.24420013934028087,0.6057477678571429,0.5716968789131055,0.2802619610696744
ILSVRC2012_val_00012441,development20,gcls,all_labeled,fixed,0.5,0.0,0.24420013934028087,0.7671197385204082,0.5716968789131055,0.36345808138584734
ILSVRC2012_val_00012441,development20,gcls,all_labeled,mean,0.4136630341684701,0.0,0.24420013934028087,0.6057477678571429,0.5716968789131055,0.2802619610696744
ILSVRC2012_val_00012441,development20,full,target,fixed,0.5,1.0,0.49220827928187266,0.8823939732142857,0.8527801007649958,0.3454242928452579
ILSVRC2012_val_00012441,development20,full,target,mean,0.15950770222325072,1.0,0.49220827928187266,0.8481744260204082,0.8527801007649958,0.5221427675323046
ILSVRC2012_val_00012441,development20,full,all_labeled,fixed,0.5,1.0,0.49220827928187266,0.8823939732142857,0.8527801007649958,0.3454242928452579
ILSVRC2012_val_00012441,development20,full,all_labeled,mean,0.15950770222325072,1.0,0.49220827928187266,0.8481744260204082,0.8527801007649958,0.5221427675323046
ILSVRC2012_val_00012441,development20,prior_only,target,fixed,0.5,1.0,0.47565874195805824,0.8858418367346939,0.8731744176365721,0.3607856266041736
ILSVRC2012_val_00012441,development20,prior_only,target,mean,0.1675325970642734,1.0,0.47565874195805824,0.8358378507653061,0.8731744176365721,0.5038848400891405
ILSVRC2012_val_00012441,development20,prior_only,all_labeled,fixed,0.5,1.0,0.47565874195805824,0.8858418367346939,0.8731744176365721,0.3607856266041736
ILSVRC2012_val_00012441,development20,prior_only,all_labeled,mean,0.1675325970642734,1.0,0.47565874195805824,0.8358378507653061,0.8731744176365721,0.5038848400891405
ILSVRC2012_val_00012441,development20,literal_full,target,fixed,0.5,0.0,0.0017992186024624226,0.8224848533163265,0.17187441674552406,0.0
ILSVRC2012_val_00012441,development20,literal_full,target,mean,0.014524115154898602,0.0,0.0017992186024624226,0.7148636798469388,0.17187441674552406,0.0027185278126306985
ILSVRC2012_val_00012441,development20,literal_full,all_labeled,fixed,0.5,0.0,0.0017992186024624226,0.8224848533163265,0.17187441674552406,0.0
ILSVRC2012_val_00012441,development20,literal_full,all_labeled,mean,0.014524115154898602,0.0,0.0017992186024624226,0.7148636798469388,0.17187441674552406,0.0027185278126306985
ILSVRC2012_val_00008063,development20,baseline,target,fixed,0.5,0.0,0.11833341941412566,0.9422034438775511,0.30184657806656384,0.30455635491606714
ILSVRC2012_val_00008063,development20,baseline,target,mean,0.156065519905821,0.0,0.11833341941412566,0.7028659119897959,0.30184657806656384,0.09235358577864361
ILSVRC2012_val_00008063,development20,baseline,all_labeled,fixed,0.5,0.0,0.11833341941412566,0.9422034438775511,0.30184657806656384,0.30455635491606714
ILSVRC2012_val_00008063,development20,baseline,all_labeled,mean,0.156065519905821,0.0,0.11833341941412566,0.7028659119897959,0.30184657806656384,0.09235358577864361
ILSVRC2012_val_00008063,development20,gcls,target,fixed,0.5,0.0,0.11833342068777188,0.9422034438775511,0.30184657806656384,0.30455635491606714
ILSVRC2012_val_00008063,development20,gcls,target,mean,0.15606548964070863,0.0,0.11833342068777188,0.7028659119897959,0.30184657806656384,0.09235358577864361
ILSVRC2012_val_00008063,development20,gcls,all_labeled,fixed,0.5,0.0,0.11833342068777188,0.9422034438775511,0.30184657806656384,0.30455635491606714
ILSVRC2012_val_00008063,development20,gcls,all_labeled,mean,0.15606548964070863,0.0,0.11833342068777188,0.7028659119897959,0.30184657806656384,0.09235358577864361
ILSVRC2012_val_00008063,development20,full,target,fixed,0.5,0.0,0.15078992392355778,0.9678332270408163,0.42232883896648893,0.3717399766446088
ILSVRC2012_val_00008063,development20,full,target,mean,0.10889370221720665,0.0,0.15078992392355778,0.7512157206632653,0.42232883896648893,0.10835714285714286
ILSVRC2012_val_00008063,development20,full,all_labeled,fixed,0.5,0.0,0.15078992392355778,0.9678332270408163,0.42232883896648893,0.3717399766446088
ILSVRC2012_val_00008063,development20,full,all_labeled,mean,0.10889370221720665,0.0,0.15078992392355778,0.7512157206632653,0.42232883896648893,0.10835714285714286
ILSVRC2012_val_00008063,development20,prior_only,target,fixed,0.5,0.0,0.1527418325422103,0.9681720344387755,0.4258688977946484,0.37323390894819464
ILSVRC2012_val_00008063,development20,prior_only,target,mean,0.10713646288858826,0.0,0.1527418325422103,0.7502790178571429,0.4258688977946484,0.10799458959208372
ILSVRC2012_val_00008063,development20,prior_only,all_labeled,fixed,0.5,0.0,0.1527418325422103,0.9681720344387755,0.4258688977946484,0.37323390894819464
ILSVRC2012_val_00008063,development20,prior_only,all_labeled,mean,0.10713646288858826,0.0,0.1527418325422103,0.7502790178571429,0.4258688977946484,0.10799458959208372
ILSVRC2012_val_00008063,development20,literal_full,target,fixed,0.5,0.0,0.0001633961793399159,0.9255022321428571,0.028866194554366592,0.0
ILSVRC2012_val_00008063,development20,literal_full,target,mean,0.12409356689647595,0.0,0.0001633961793399159,0.6357222576530612,0.028866194554366592,0.0
ILSVRC2012_val_00008063,development20,literal_full,all_labeled,fixed,0.5,0.0,0.0001633961793399159,0.9255022321428571,0.028866194554366592,0.0
ILSVRC2012_val_00008063,development20,literal_full,all_labeled,mean,0.12409356689647595,0.0,0.0001633961793399159,0.6357222576530612,0.028866194554366592,0.0
ILSVRC2012_val_00002666,development20,baseline,target,fixed,0.5,0.0,0.0,0.9255022321428571,0.0,0.0
ILSVRC2012_val_00002666,development20,baseline,target,mean,0.1400853038821281,0.0,0.0,0.6464644451530612,0.0,0.0
ILSVRC2012_val_00002666,development20,baseline,all_labeled,fixed,0.5,0.0,0.3335840597060148,0.7130500637755102,0.3775629657102505,0.0
ILSVRC2012_val_00002666,development20,baseline,all_labeled,mean,0.1400853038821281,0.0,0.3335840597060148,0.7831433354591837,0.3775629657102505,0.4459775967413442
ILSVRC2012_val_00002666,development20,gcls,target,fixed,0.5,0.0,0.0,0.9255022321428571,0.0,0.0
ILSVRC2012_val_00002666,development20,gcls,target,mean,0.140085324138816,0.0,0.0,0.6464644451530612,0.0,0.0
ILSVRC2012_val_00002666,development20,gcls,all_labeled,fixed,0.5,0.0,0.33358406056782736,0.7130500637755102,0.3775629768916373,0.0
ILSVRC2012_val_00002666,development20,gcls,all_labeled,mean,0.140085324138816,0.0,0.33358406056782736,0.7831433354591837,0.3775629768916373,0.4459775967413442
ILSVRC2012_val_00002666,development20,full,target,fixed,0.5,0.0,0.0,0.9452327806122449,0.0,0.0
ILSVRC2012_val_00002666,development20,full,target,mean,0.10797792345921854,0.0,0.0,0.6721938775510204,0.0,0.0
ILSVRC2012_val_00002666,development20,full,all_labeled,fixed,0.5,0.0,0.31928979697870735,0.732780612244898,0.3865070480258894,0.0
ILSVRC2012_val_00002666,development20,full,all_labeled,mean,0.10797792345921854,0.0,0.31928979697870735,0.7895806760204082,0.3865070480258894,0.4393883077576594
ILSVRC2012_val_00002666,development20,prior_only,target,fixed,0.5,0.0,0.0,0.9422433035714286,0.0,0.0
ILSVRC2012_val_00002666,development20,prior_only,target,mean,0.11057280633075375,0.0,0.0,0.6739676339285714,0.0,0.0
ILSVRC2012_val_00002666,development20,prior_only,all_labeled,fixed,0.5,0.0,0.3186295571945969,0.7297911352040817,0.3853858141796417,0.0
ILSVRC2012_val_00002666,development20,prior_only,all_labeled,mean,0.11057280633075375,0.0,0.3186295571945969,0.7872887436224489,0.3853858141796417,0.4336729279422689
ILSVRC2012_val_00002666,development20,literal_full,target,fixed,0.5,0.0,0.0,0.9541214923469388,0.0,0.0
ILSVRC2012_val_00002666,development20,literal_full,target,mean,0.1219628896527863,0.0,0.0,0.6485969387755102,0.0,0.0
ILSVRC2012_val_00002666,development20,literal_full,all_labeled,fixed,0.5,0.0,0.006922991189450991,0.7416693239795918,0.19088291501735513,0.0
ILSVRC2012_val_00002666,development20,literal_full,all_labeled,mean,0.1219628896527863,0.0,0.006922991189450991,0.43722098214285715,0.19088291501735513,0.0009552450026534584
ILSVRC2012_val_00033260,development20,baseline,target,fixed,0.5,1.0,0.6773261122227486,0.9008091517857143,0.9123426729199343,0.6132867132867132
ILSVRC2012_val_00033260,development20,baseline,target,mean,0.2010775207864117,1.0,0.6773261122227486,0.9106544961734694,0.9123426729199343,0.7292383885969681
ILSVRC2012_val_00033260,development20,baseline,all_labeled,fixed,0.5,1.0,0.6773261122227486,0.9008091517857143,0.9123426729199343,0.6132867132867132
ILSVRC2012_val_00033260,development20,baseline,all_labeled,mean,0.2010775207864117,1.0,0.6773261122227486,0.9106544961734694,0.9123426729199343,0.7292383885969681
ILSVRC2012_val_00033260,development20,gcls,target,fixed,0.5,1.0,0.6773261121309186,0.9008091517857143,0.9123426631208277,0.6132867132867132
ILSVRC2012_val_00033260,development20,gcls,target,mean,0.20107751765129472,1.0,0.6773261121309186,0.9106544961734694,0.9123426631208277,0.7292383885969681
ILSVRC2012_val_00033260,development20,gcls,all_labeled,fixed,0.5,1.0,0.6773261121309186,0.9008091517857143,0.9123426631208277,0.6132867132867132
ILSVRC2012_val_00033260,development20,gcls,all_labeled,mean,0.20107751765129472,1.0,0.6773261121309186,0.9106544961734694,0.9123426631208277,0.7292383885969681
ILSVRC2012_val_00033260,development20,full,target,fixed,0.5,1.0,0.7112012358219663,0.8284040178571429,0.9041127140245934,0.3131780472239949
ILSVRC2012_val_00033260,development20,full,target,mean,0.15245331474546653,1.0,0.7112012358219663,0.9261200573979592,0.9041127140245934,0.7647096159949223
ILSVRC2012_val_00033260,development20,full,all_labeled,fixed,0.5,1.0,0.7112012358219663,0.8284040178571429,0.9041127140245934,0.3131780472239949
ILSVRC2012_val_00033260,development20,full,all_labeled,mean,0.15245331474546653,1.0,0.7112012358219663,0.9261200573979592,0.9041127140245934,0.7647096159949223
ILSVRC2012_val_00033260,development20,prior_only,target,fixed,0.5,1.0,0.7460721448325837,0.8437898596938775,0.9317293388974591,0.370087599453508
ILSVRC2012_val_00033260,development20,prior_only,target,mean,0.15183330188191851,1.0,0.7460721448325837,0.9275350765306123,0.9317293388974591,0.7684223934781225
ILSVRC2012_val_00033260,development20,prior_only,all_labeled,fixed,0.5,1.0,0.7460721448325837,0.8437898596938775,0.9317293388974591,0.370087599453508
ILSVRC2012_val_00033260,development20,prior_only,all_labeled,mean,0.15183330188191851,1.0,0.7460721448325837,0.9275350765306123,0.9317293388974591,0.7684223934781225
ILSVRC2012_val_00033260,development20,literal_full,target,fixed,0.5,0.0,0.0005812142470486464,0.7279974489795918,0.2391568732873488,0.0
ILSVRC2012_val_00033260,development20,literal_full,target,mean,0.10548848292050067,0.0,0.0005812142470486464,0.4204799107142857,0.2391568732873488,3.4389078028818045e-05
ILSVRC2012_val_00033260,development20,literal_full,all_labeled,fixed,0.5,0.0,0.0005812142470486464,0.7279974489795918,0.2391568732873488,0.0
ILSVRC2012_val_00033260,development20,literal_full,all_labeled,mean,0.10548848292050067,0.0,0.0005812142470486464,0.4204799107142857,0.2391568732873488,3.4389078028818045e-05
ILSVRC2012_val_00002329,development20,baseline,target,fixed,0.5,1.0,0.8561795685405096,0.784797512755102,0.9831567980098261,0.6348572974435277
ILSVRC2012_val_00002329,development20,baseline,target,mean,0.39050531246059206,1.0,0.8561795685405096,0.8642777423469388,0.9831567980098261,0.7737691847717759
ILSVRC2012_val_00002329,development20,baseline,all_labeled,fixed,0.5,1.0,0.8561795685405096,0.784797512755102,0.9831567980098261,0.6348572974435277
ILSVRC2012_val_00002329,development20,baseline,all_labeled,mean,0.39050531246059206,1.0,0.8561795685405096,0.8642777423469388,0.9831567980098261,0.7737691847717759
ILSVRC2012_val_00002329,development20,gcls,target,fixed,0.5,1.0,0.8561795660600892,0.784797512755102,0.9831568001503748,0.6348572974435277
ILSVRC2012_val_00002329,development20,gcls,target,mean,0.39050535493839417,1.0,0.8561795660600892,0.8642777423469388,0.9831568001503748,0.7737691847717759
ILSVRC2012_val_00002329,development20,gcls,all_labeled,fixed,0.5,1.0,0.8561795660600892,0.784797512755102,0.9831568001503748,0.6348572974435277
ILSVRC2012_val_00002329,development20,gcls,all_labeled,mean,0.39050535493839417,1.0,0.8561795660600892,0.8642777423469388,0.9831568001503748,0.7737691847717759
ILSVRC2012_val_00002329,development20,full,target,fixed,0.5,1.0,0.8737494079511553,0.5403380102040817,0.9701745396609782,0.21686869715799123
ILSVRC2012_val_00002329,development20,full,target,mean,0.23424471452032022,1.0,0.8737494079511553,0.7728595344387755,0.9701745396609782,0.6184849194925184
ILSVRC2012_val_00002329,development20,full,all_labeled,fixed,0.5,1.0,0.8737494079511553,0.5403380102040817,0.9701745396609782,0.21686869715799123
ILSVRC2012_val_00002329,development20,full,all_labeled,mean,0.23424471452032022,1.0,0.8737494079511553,0.7728595344387755,0.9701745396609782,0.6184849194925184
ILSVRC2012_val_00002329,development20,prior_only,target,fixed,0.5,1.0,0.8825225335337755,0.5401387117346939,0.9624217661238188,0.21652915011374826
ILSVRC2012_val_00002329,development20,prior_only,target,mean,0.22464680463502212,1.0,0.8825225335337755,0.7677176339285714,0.9624217661238188,0.6103830982148827
ILSVRC2012_val_00002329,development20,prior_only,all_labeled,fixed,0.5,1.0,0.8825225335337755,0.5401387117346939,0.9624217661238188,0.21652915011374826
ILSVRC2012_val_00002329,development20,prior_only,all_labeled,mean,0.22464680463502212,1.0,0.8825225335337755,0.7677176339285714,0.9624217661238188,0.6103830982148827
ILSVRC2012_val_00002329,development20,literal_full,target,fixed,0.5,0.0,0.17836904105473145,0.4088807397959184,0.5556264173691235,0.0
ILSVRC2012_val_00002329,development20,literal_full,target,mean,0.012094284690451235,0.0,0.17836904105473145,0.38229432397959184,0.5556264173691235,0.06706399373908856
ILSVRC2012_val_00002329,development20,literal_full,all_labeled,fixed,0.5,0.0,0.17836904105473145,0.4088807397959184,0.5556264173691235,0.0
ILSVRC2012_val_00002329,development20,literal_full,all_labeled,mean,0.012094284690451235,0.0,0.17836904105473145,0.38229432397959184,0.5556264173691235,0.06706399373908856
