cohort,split,frame,method,expressions,images,instances,iou,iou_ci_low,iou_ci_high,dice,dice_ci_low,dice_ci_high,precision,precision_ci_low,precision_ci_high,recall,recall_ci_low,recall_ci_high,pacc,pacc_ci_low,pacc_ci_high,p_at_05,p_at_05_ci_low,p_at_05_ci_high,p_at_07,p_at_07_ci_low,p_at_07_ci_high,correct_instance,correct_instance_ci_low,correct_instance_ci_high,wrong_instance,wrong_instance_ci_low,wrong_instance_ci_high,instance_tie,instance_tie_ci_low,instance_tie_ci_high,delta_iou,delta_iou_ci_low,delta_iou_ci_high,improved,improved_ci_low,improved_ci_high,worsened,worsened_ci_low,worsened_ci_high,unchanged,median_delta,mean_positive_delta,mean_negative_delta,worst_decile_delta
standard,combined,original,clip_baseline,10752,1500,3785,0.20342482255058372,0.1988014208252058,0.2077703368710748,0.3172409262430672,0.31100076989374836,0.32302395927378397,0.2544518646342621,0.24788930195379125,0.2607433159571356,0.5590909264383788,0.5497308867738345,0.5683987447180798,0.7595449661300329,0.7564165253973916,0.7624863781290723,0.034970238095238096,0.029949352357331992,0.040486394525083735,0.0015811011904761905,0.0007449917124316228,0.0025899846354761713,0.5079985119047619,0.4963959152973966,0.519398264180263,0.49181547619047616,0.4804037170091964,0.5034924145382749,0.00018601190476190475,0.0,0.0004685179376103888,0.0,0.0,0.0,0.0,0.0,0.0,0.0,0.0,0.0,1.0,0.0,0.0,0.0,0.0
standard,combined,original,sam_score,10752,1500,3785,0.28722736347606626,0.2786101922414028,0.2954885435692788,0.37110356269979217,0.3613295660626364,0.3802562499446776,0.38970446197873265,0.37873138604934065,0.39980429479946294,0.45772139912071713,0.44511011475402246,0.4696772723083965,0.8300906083632016,0.8237137389712553,0.8357522168097787,0.23995535714285715,0.22844932506818208,0.2513297913424179,0.13541666666666666,0.12581484782416785,0.14538060878700948,0.5074404761904762,0.4948407892463937,0.5198916232807556,0.4797247023809524,0.4671141302349134,0.492544351934038,0.012834821428571428,0.010033235262068214,0.01587164191929369,0.08380254092548246,0.07726070830767702,0.09045992015983702,0.5204613095238095,0.5066058835151102,0.5336904557364411,0.46298363095238093,0.4491072727177978,0.4769316807378077,0.016555059523809524,0.012409036335399401,0.26622984007280875,-0.1182758668173263,-0.26979531561446946
standard,combined,original,smart,10752,1500,3785,0.3081011987485714,0.29927980700290485,0.31672471468718155,0.3973493685979969,0.38728093848159323,0.40687143986797,0.39188167095237314,0.3810540176077989,0.4022806283701856,0.5107498379570836,0.49761542724689695,0.5240370041188601,0.8348120853054585,0.82819661986166,0.840691292394859,0.2604166666666667,0.2478186279622318,0.27247055324351427,0.14722842261904762,0.1373241741847926,0.1575572895730871,0.5115327380952381,0.49893014731156105,0.5239868392811445,0.4763764880952381,0.46389710500153536,0.48888729734620867,0.01209077380952381,0.009315933224695446,0.014933014621063022,0.10467637619798766,0.0986312154808032,0.11078231231474293,0.5886346726190477,0.5755934988682465,0.6020052451048835,0.39499627976190477,0.3813973661066954,0.40798197202796105,0.01636904761904762,0.0562446725508465,0.2446507543126896,-0.09957952134783354,-0.21991462828822744
standard,combined,original,frozen_final,10752,1500,3785,0.307105389800991,0.29850061588978705,0.31572019892103587,0.39918436984449424,0.3893857041801632,0.40847796323448793,0.3918971893123676,0.3813507628290436,0.40240887090347455,0.5200199461939577,0.507402018611478,0.5322098714891571,0.8353322818295466,0.8288651543518333,0.840923193013111,0.25232514880952384,0.23993138562476043,0.264279048724342,0.14388020833333334,0.1340766917973001,0.15369210367099045,0.5115327380952381,0.49887334798353794,0.523765478110417,0.47767857142857145,0.4651059157378355,0.49008289332721156,0.010788690476190476,0.008157624143521273,0.013629030945559862,0.10368056725040724,0.0977631089890004,0.10954749680830056,0.5563616071428571,0.5427919782214249,0.5702704131019981,0.3411458333333333,0.32832267872348136,0.3543494695381029,0.10249255952380952,0.038017268109838645,0.24625344827203885,-0.0976866598928456,-0.2047820926710856
standard,combined,original,center_score,10752,1500,3785,0.09069712014250368,0.08397547908519037,0.09750114830092675,0.11315296284497871,0.10524882291374575,0.12089315973677188,0.20556196770561938,0.19487320607811268,0.21562426686174677,0.10986388758460079,0.10037321209258276,0.11945577642281294,0.8223141541552609,0.8144511084890241,0.8296768479336791,0.08389136904761904,0.07547835361634403,0.0922783092775276,0.054873511904761904,0.047703099701562966,0.062113526953747465,0.3073846726190476,0.29644976813373136,0.31794823827748464,0.5330171130952381,0.5175907272221043,0.5486873185734598,0.15959821428571427,0.14063518008452333,0.17864962289103803,-0.11272770240808005,-0.1197910937956749,-0.10576768494780509,0.13151041666666666,0.1209932445996383,0.14237537505575654,0.8481212797619048,0.8367593908125089,0.859691302062579,0.020368303571428572,-0.1359663125279785,0.33020274955258405,-0.1841161250311471,-0.4257215374008371
standard,combined,clip_crop,clip_baseline,10752,1500,3785,0.21630517399764587,0.211228665927345,0.22103580790314298,0.3328309753939143,0.3262279100331662,0.33884321746126234,0.25446917117837947,0.24789611857289814,0.2607730372376186,0.6730781965892,0.6646068932694617,0.6819782011504182,0.6993028661136608,0.6957253257286699,0.7024443957778074,0.05031622023809524,0.044129158794249376,0.05713026441134335,0.0030691964285714285,0.0015893981954097057,0.004672545326832698,0.5103236607142857,0.4984023138424177,0.5224863354803585,0.4894903273809524,0.4773100695999382,0.5014944191926389,0.00018601190476190475,0.0,0.0004685179376103888,0.0,0.0,0.0,0.0,0.0,0.0,0.0,0.0,0.0,1.0,0.0,0.0,0.0,0.0
standard,combined,clip_crop,sam_score,10752,1500,3785,0.28821962341686125,0.2796149145134416,0.2966947270670782,0.37130521077733164,0.36148967999227943,0.3805517055962606,0.38790478733275197,0.37706775198630815,0.3976327017302329,0.46568422936104104,0.45329541267361917,0.47784644278081306,0.8083909037509395,0.8014232221304678,0.8145425054847838,0.24479166666666666,0.23341815448157452,0.25638693341787727,0.13653273809523808,0.12720072477420172,0.1463763705253509,0.5047433035714286,0.49237605466130835,0.5176096320774614,0.48000372023809523,0.46698504229108584,0.4929167734839578,0.01525297619047619,0.01207126004173496,0.01861389286491576,0.07191444941921536,0.06547980071660138,0.07834322579443267,0.509765625,0.49616579012485024,0.5230872975986545,0.46837797619047616,0.4542337061377774,0.48257579397934297,0.021856398809523808,0.0062873654449072,0.25552869950248747,-0.12456883276761913,-0.2871643051967608
standard,combined,clip_crop,smart,10752,1500,3785,0.3112301240897966,0.3023129615297202,0.3198015335768829,0.39923862533305093,0.38920223868495035,0.40865772923172755,0.38944713269170894,0.3789494185560839,0.39970606590257296,0.5229068603487012,0.5098638184101608,0.5361841275858855,0.8108588738622192,0.8033427379421105,0.8175063170873121,0.27046130952380953,0.2579201126897241,0.2826252349322854,0.1519717261904762,0.14174706235239484,0.16251380301537324,0.5090215773809523,0.4964431709145989,0.5218752868186952,0.4759114583333333,0.4631239830722973,0.4884884198590531,0.015066964285714286,0.011882834357815236,0.018294263602597435,0.0949249500921507,0.08913247451800257,0.10098445073512001,0.5807291666666666,0.5674033221597059,0.5938727869334315,0.39732142857142855,0.3840151858317738,0.41043486180257915,0.02194940476190476,0.04616909196771325,0.2353752794107446,-0.10511474280193937,-0.23336211944884128
standard,combined,clip_crop,frozen_final,10752,1500,3785,0.3116304857763128,0.30288773352789605,0.320017986675726,0.40292717359674174,0.3930018096527705,0.4124824960801422,0.3899480881714048,0.3795351852344932,0.40052950378426194,0.5441566452710023,0.5319706500074546,0.5563258460527953,0.8071919414346025,0.7998337586181904,0.8135919415435062,0.26320684523809523,0.25114148705403044,0.27533606408995803,0.14862351190476192,0.13839398682105425,0.15900211393680483,0.5104166666666666,0.49795623560756463,0.5227552736287805,0.4767485119047619,0.4640723197453721,0.48925744079558964,0.012834821428571428,0.009848899909488446,0.01597270790819382,0.09532531177866689,0.08959194391199353,0.10103030527723925,0.5517113095238095,0.5376822004342866,0.5651850721835623,0.34095982142857145,0.32778826629583163,0.353583481423123,0.10732886904761904,0.03159706160662505,0.23679082772051382,-0.10357486028201357,-0.21754122293730055
standard,combined,clip_crop,center_score,10752,1500,3785,0.09235568916890928,0.0855223825247961,0.09927282986996659,0.11479168860580014,0.10685686555914678,0.1226845755317289,0.20575615094993682,0.19508913003527537,0.21585145744152306,0.11168506647536477,0.10203139163206525,0.12144546513668518,0.8003546712002324,0.7922544896186792,0.8078791488121996,0.08658854166666667,0.078112137294892,0.09519608378480499,0.055989583333333336,0.04881963902972937,0.06309290282511545,0.30310639880952384,0.2919343286404717,0.313754467070158,0.5231584821428571,0.507506904077026,0.5386584984296434,0.17373511904761904,0.1541733051218973,0.193014454564443,-0.12394948482873659,-0.1310879500424149,-0.11675832400283974,0.12899925595238096,0.11856408396110765,0.1393721745901292,0.8489583333333334,0.8375467242739868,0.8601710872845671,0.022042410714285716,-0.14316596898846168,0.3328117710809387,-0.19657261036019255,-0.45808147788941467
standard,testA,original,clip_baseline,5657,750,1975,0.19665133980857089,0.1908045669458002,0.20240256466732354,0.3079965225364124,0.299892051576041,0.31593320299875516,0.2505177021138259,0.2420169390987517,0.2594911666343373,0.5280975812645745,0.5155393670557276,0.5408922528086743,0.7643421577283146,0.7608161323116285,0.7677313852581895,0.0309351246243592,0.024385631550441367,0.038121611842667553,0.001237404984974368,0.0003500726442529506,0.002335495217879336,0.5570090153791762,0.5410428509931738,0.5734072380004142,0.44281421248011316,0.4263774880099848,0.4587975245418026,0.00017677214071062401,0.0,0.0005359104688925714,0.0,0.0,0.0,0.0,0.0,0.0,0.0,0.0,0.0,1.0,0.0,0.0,0.0,0.0
standard,testA,original,sam_score,5657,750,1975,0.2782296670076897,0.2676334252266291,0.2900098364957043,0.3567228092048465,0.34445429140428124,0.3699057704314959,0.4060234348269717,0.39166838820757094,0.421459280491395,0.39433988737918263,0.38082301172074906,0.40886722359131905,0.8407818652390051,0.8345411152160577,0.8468027705034814,0.24129397207000178,0.22587992761464887,0.25647106718643276,0.14194802899063108,0.12933433019878462,0.15505453739655928,0.5483471804843557,0.5309996115932835,0.5665353207838127,0.4382181368216369,0.42032371370115923,0.4554458442730625,0.013434682694007424,0.009719610398081086,0.01809239416827683,0.0815783271991188,0.07317136421325948,0.09072376429977412,0.4866537033763479,0.46957690079433445,0.5048486719362748,0.49248718401979846,0.47440610460896077,0.5092475697967691,0.020859112603853633,0.0,0.28691741167175483,-0.11787330845905455,-0.2722712625970481
standard,testA,original,smart,5657,750,1975,0.30657687332912237,0.29442065755910435,0.31984258306328484,0.3865629766239961,0.3731122243070046,0.40128313038267177,0.41854435812642604,0.4040541894477378,0.4337483028854412,0.4259046805866313,0.4113993189548992,0.44137064855498187,0.8563102701220258,0.8510192057421637,0.8613715461897764,0.28089093158918155,0.26407121975436937,0.2988862557688609,0.17429733074067527,0.16012402648572704,0.18940815115308118,0.5585999646455718,0.5417679060841264,0.5764079126853934,0.42920275764539506,0.4114771478046511,0.4467117795245295,0.012197277709033056,0.008520167875269387,0.01657782425850306,0.10992553352055144,0.10177044722746702,0.11904349060651243,0.54958458546933,0.5326823054198706,0.5679420727350278,0.4295563019268163,0.4115723573486884,0.4469829827453572,0.020859112603853633,0.0353006896471685,0.2811754773603414,-0.10383778435701303,-0.2310616891346604
standard,testA,original,frozen_final,5657,750,1975,0.30778143741103403,0.2959692671359995,0.32055048081870924,0.39136477985938256,0.3786026088621924,0.4053746660836105,0.420669487055328,0.4064109887834774,0.43581819488002055,0.4411409031591215,0.4271127362841587,0.4561720700845158,0.8582380528870166,0.8532179803444367,0.8630753181797248,0.2739968181014672,0.2578681917029417,0.2920318581425016,0.17111543220788403,0.1572102648174759,0.18633299307198062,0.559483825349125,0.5425601603089424,0.5765781735064659,0.429733074067527,0.4123865385063769,0.4465916771206473,0.010783100583348065,0.007394246688240804,0.01487266690600286,0.11113009760246313,0.1030838766113304,0.11984864804384036,0.5257203464733958,0.5084764282107382,0.5440375214441316,0.37316598904012727,0.35561056726191526,0.3902267923597261,0.10111366448647693,0.0160133838052178,0.2833666690389315,-0.10140668478666427,-0.21595265452802767
standard,testA,original,center_score,5657,750,1975,0.0781761982485948,0.07039398043147703,0.08643006683490437,0.10062402467178524,0.09148611008130754,0.1102628449619643,0.20210403738502067,0.18873043149912194,0.21588254517939043,0.08382840944319271,0.07537811315839589,0.09297042033520893,0.8307865366736277,0.8213256410683276,0.840166895385231,0.06328442637440339,0.053286411171626726,0.07375904483161391,0.038536326674916035,0.03030289762776628,0.047116788879110395,0.3081138412586176,0.2945688049303633,0.32211339619181334,0.54675623121796,0.5256095938375349,0.566794737087562,0.1451299275234223,0.12237831029847424,0.17176337481892917,-0.11847514155997609,-0.12709691391853253,-0.10977146642816947,0.11737670143185434,0.10536058878911997,0.1301667954995239,0.8564610217429733,0.8426426039338564,0.8705062030004486,0.026162276825172352,-0.1348328193965778,0.3155195522804028,-0.1815725198181573,-0.4307042541484504
standard,testA,clip_crop,clip_baseline,5657,750,1975,0.20927867069904071,0.2028724723214217,0.21578450185284248,0.32336142266506557,0.31489462593144824,0.3317969762730293,0.2505336987524913,0.24203695034060796,0.25952878463908463,0.6377370939428537,0.6269847427266548,0.6483833442654057,0.7051403947621783,0.7015947238874295,0.7087815528610221,0.045783984444051615,0.03782106967133894,0.05460415126257596,0.0028283542513699842,0.0010458800248376557,0.005155585192295263,0.5607212303340994,0.544621242043687,0.5777458677317445,0.43910199752519,0.4221133238861761,0.4552938579151311,0.00017677214071062401,0.0,0.0005359104688925714,0.0,0.0,0.0,0.0,0.0,0.0,0.0,0.0,0.0,1.0,0.0,0.0,0.0,0.0
standard,testA,clip_crop,sam_score,5657,750,1975,0.27965000775978416,0.26911187124548597,0.2914177325448172,0.3577929649048201,0.345618412274693,0.3708712616767328,0.40352622804300026,0.38932725652805683,0.41858813289936303,0.4042597825638463,0.39079770778525236,0.41882540951436636,0.8205487657460235,0.8137042758389913,0.8271783762734002,0.245890047728478,0.23103663746880676,0.26182752860644426,0.14371575039773732,0.13116482109391311,0.15661529352619025,0.5453420540922751,0.5285308869038539,0.5627566874665719,0.43786459254021565,0.4203984330913417,0.4546140790050943,0.01679335336750928,0.012411148316574938,0.022002847002847003,0.07037133706074346,0.062263355861833666,0.07934946682273837,0.47233515997878733,0.4560227990884195,0.4903900320694434,0.5004419303517765,0.48225519816485124,0.5173345543531128,0.027222909669436097,-5.335894562723441e-05,0.28032728662738693,-0.1239646259681216,-0.28974976049458934
standard,testA,clip_crop,smart,5657,750,1975,0.30972703738828883,0.29766728486428584,0.3229906553307153,0.38930298023107607,0.37627698477540944,0.40406981476127307,0.4152014864221789,0.4007324252819429,0.43037435621611164,0.4391285182662539,0.4249180072066446,0.4549743615610155,0.8361118940875581,0.8302879951891771,0.8418757325106447,0.2891992222025809,0.2722330565400525,0.30774953695868823,0.17641859642920277,0.16215860784508865,0.19230091479097441,0.5554180661127807,0.5384473845259632,0.5725456389482143,0.42831889694184194,0.41094580547302867,0.44554085275216276,0.01626303694537741,0.011725467400168091,0.021276784433894618,0.10044836668924813,0.09252964013151699,0.10904594635625774,0.5389782570266926,0.521986590540045,0.5573746484398883,0.4339756054445819,0.4158766780342452,0.4516927221839035,0.027046137528725474,0.0307300756961695,0.27438571450103594,-0.10931390352447334,-0.24386869861662902
standard,testA,clip_crop,frozen_final,5657,750,1975,0.3124078167541001,0.30063572860973364,0.3252281349084092,0.3960360867603913,0.3829875807690619,0.4099836995595269,0.4181011797362583,0.40385565095063924,0.4330468471197146,0.46651976428696046,0.4524171663282701,0.4816987038365521,0.8341789490704582,0.828531299794812,0.839531067732396,0.28318896941841964,0.2667598323287152,0.3016217697206061,0.1737670143185434,0.15956984294378382,0.18976558366413268,0.5570090153791762,0.54045326012243,0.5738549048123596,0.42902598550468446,0.41220866928009336,0.445978974744252,0.013964999116139297,0.010165084070240926,0.01836998886400705,0.10312914605505938,0.09535512630804745,0.11171384243059575,0.5193565494078133,0.5023894769854123,0.5376990172327577,0.37440339402510164,0.356958522065919,0.3911644797913814,0.10624005656708503,0.0154080621370201,0.27604907288369884,-0.10747431392768475,-0.2285829855745293
standard,testA,clip_crop,center_score,5657,750,1975,0.07994554370783571,0.07202344028360924,0.08822371283045928,0.10249826088409143,0.09340172853002235,0.11198317054131927,0.20229392389388898,0.1889707649277347,0.2160692522854879,0.08571507424796973,0.07715376160339685,0.09498072226261675,0.8106920560257204,0.8007640218322543,0.8205382321220137,0.06752695775145837,0.0573416312806832,0.07824420926339071,0.038536326674916035,0.03030289762776628,0.047116788879110395,0.3042248541629839,0.2906302333869309,0.31857600534814356,0.5372105356195863,0.5156197902066951,0.557653786603921,0.15856461021742974,0.13408549354472132,0.18534884931918844,-0.129333126991205,-0.13866382602003385,-0.12025123997052034,0.11525543574332685,0.10296036773098644,0.12805616351380716,0.8573448824465264,0.8435949677651824,0.8714164196700649,0.02739968181014672,-0.1415069844731785,0.3218962480467613,-0.1941265676527289,-0.46551795943091934
standard,testB,original,clip_baseline,5095,750,1810,0.21094544902194126,0.20422928575004634,0.21789097383729716,0.32750502668831677,0.31852371180316774,0.33685002603970643,0.2588199818821733,0.24954724513372753,0.2684978807374508,0.5935029683712955,0.5798027363264117,0.6071893014389131,0.7542186240551595,0.7493924567306008,0.7590233715211889,0.039450441609421,0.03120151357903268,0.0484852876592007,0.001962708537782139,0.0005812265996129045,0.0038358324289750586,0.4535819430814524,0.4387314483365666,0.4692843730846763,0.5462217860647693,0.5305744464540516,0.5612367261615705,0.00019627085377821394,0.0,0.0005996492104737157,0.0,0.0,0.0,0.0,0.0,0.0,0.0,0.0,0.0,1.0,0.0,0.0,0.0,0.0
standard,testB,original,sam_score,5095,750,1810,0.29721754383359433,0.285076191160231,0.30973298025378054,0.38707057398946965,0.3730551160296324,0.40164695725785593,0.3715854375621501,0.356391745272093,0.38683932334916776,0.5280941590661266,0.5090379391673148,0.5478680654684172,0.8182200607387816,0.8071936628846276,0.8275535143772527,0.23846908734052993,0.2218527526436144,0.2554606160494559,0.1281648675171737,0.11372114407743072,0.14211596287953898,0.4620215897939156,0.4448071729898167,0.478978155147632,0.5258096172718352,0.508360632824034,0.5431739840235357,0.012168792934249264,0.008536750467025006,0.016313913880095534,0.08627209481165307,0.07710479297303399,0.09562629566922073,0.5579980372914622,0.5384770693138753,0.5781310971325521,0.43022571148184496,0.41042684879679386,0.450322484735309,0.011776251226692836,0.0379925591361919,0.24619716873552472,-0.11878751261392538,-0.2669030125889848
standard,testB,original,smart,5095,750,1810,0.3097936636941698,0.29793180759585486,0.322272373800842,0.40932554512339886,0.39521598170133204,0.42351286308199326,0.362277976871192,0.34828577497655555,0.3764763570916354,0.6049537742170734,0.5852664159477375,0.624452667426377,0.8109425599850818,0.7993854289735384,0.8205010594315058,0.23768400392541708,0.2207538427931383,0.2552999364982044,0.11717369970559371,0.1038271472827932,0.1303427389705739,0.4592737978410206,0.4431852320611782,0.4756559092613095,0.5287536800785083,0.5116843796966694,0.5447503454195715,0.01197252208047105,0.008249900191097165,0.016188219097234405,0.09884821467222842,0.09065806911497037,0.10705422656273626,0.6319921491658489,0.6127075152715762,0.6519001069752607,0.35662414131501474,0.3372176008423663,0.3758419890279648,0.011383709519136408,0.0673615312128592,0.20938511333282958,-0.09388465117044985,-0.20506683280703103
standard,testB,original,frozen_final,5095,750,1810,0.30635477128675875,0.2944878461563639,0.31889319944954464,0.4078664936022522,0.3943183795100119,0.4218695983812562,0.3599511857143446,0.34594079970658304,0.3740338049486896,0.6075996805311645,0.5890416543836154,0.6262891680779434,0.8098999075661296,0.7986253259093948,0.8191818001494214,0.22826300294406282,0.21132260439975187,0.24546839544227692,0.11364082433758586,0.100368488597746,0.12666637817925108,0.45829244357212956,0.4420763391036366,0.474235095569545,0.5309126594700687,0.5141931277368758,0.547341601373406,0.010794896957801767,0.0073469273116888514,0.014786456901199879,0.09540932226481744,0.08727094344337993,0.10325430248456875,0.5903827281648675,0.5692972549117212,0.6117665755217463,0.3055937193326791,0.2866288249780067,0.3242160388132362,0.10402355250245339,0.0511441337039105,0.20955972534626136,-0.09264300379082169,-0.19030081646968489
standard,testB,original,center_score,5095,750,1810,0.10459915255738937,0.09398877912590452,0.11602549689762302,0.12706389576858135,0.11520759281116386,0.13992131129458715,0.20940132233243527,0.19509064493755718,0.22546071001679263,0.13877118883012493,0.12285646991627587,0.15610705588723872,0.8129072320931607,0.8019890523385498,0.8231193069218729,0.10677134445534837,0.09342810367299113,0.12121955343114818,0.07301275760549558,0.06137134947632284,0.08494450142572534,0.30657507360157016,0.29070123212287535,0.3225491072264033,0.5177625122669284,0.4949692231789333,0.5398816542287946,0.17566241413150147,0.14899277976063235,0.2023800932022989,-0.10634629646455193,-0.11706484679991296,-0.09566918408594788,0.14720314033366044,0.1303340120846208,0.1648072164453034,0.8388616290480864,0.8204603814522299,0.856406514520189,0.01393523061825319,-0.1379245162997964,0.34320227353755506,-0.18699955209173102,-0.42002841741390207
standard,testB,clip_crop,clip_baseline,5095,750,1810,0.22410673026068992,0.21687655067720824,0.23171279781139514,0.34334505974859475,0.3339116110461865,0.35310388370751916,0.2588387428198416,0.2495547868115115,0.2685124325794622,0.7123175719906486,0.699517846866632,0.7247807640926185,0.6928214334218722,0.687399618455701,0.6983769250955921,0.05534838076545633,0.045585717278631,0.06613190732072811,0.0033366045142296367,0.0011775501954639455,0.006046806153012333,0.45436702649656524,0.4391464291589051,0.4697697627999814,0.5454367026496565,0.5300879706840099,0.5606964681455289,0.00019627085377821394,0.0,0.0005996492104737157,0.0,0.0,0.0,0.0,0.0,0.0,0.0,0.0,0.0,1.0,0.0,0.0,0.0,0.0
standard,testB,clip_crop,sam_score,5095,750,1810,0.2977345038431782,0.285477182068661,0.3103037949982862,0.3863079143888719,0.37242529288630266,0.40046509689575394,0.37056023579244296,0.3556432024638766,0.3858288912619589,0.5338840518402815,0.5151141599662472,0.5543003804863654,0.7948919782737678,0.7829222619125737,0.8051129938013485,0.2435721295387635,0.22656583203519162,0.25969670448453885,0.12855740922473013,0.11456524152116199,0.1424979056801711,0.45966633954857705,0.44256535110648665,0.4761726581645636,0.5267909715407262,0.5098225973696138,0.5441022417640514,0.013542688910696762,0.009371321258510293,0.01824699907165993,0.0736277735824883,0.0647865865304301,0.08299523039300344,0.551324828263003,0.5316117931335257,0.5714863191951515,0.43277723258096173,0.4127539236272165,0.45350227625711725,0.01589793915603533,0.0298323948198656,0.23193958423095606,-0.12534457401450239,-0.2840984563991275
standard,testB,clip_crop,smart,5095,750,1810,0.31289900759724093,0.30085194257513376,0.3253286831611144,0.4102702140164408,0.39613521448297667,0.42438150337960096,0.36085196506594464,0.347150291536352,0.3750780789502325,0.615926307092647,0.5967207925592839,0.6355045300425616,0.7828203389427411,0.7699190042087902,0.7936414085186784,0.2496565260058881,0.23252457945637817,0.2678005311909372,0.12482826300294406,0.11153486918825313,0.13848979247991847,0.4575073601570167,0.44078760099601183,0.47344980696079997,0.5287536800785083,0.5119233800506289,0.5452766169800447,0.013738959764474975,0.009599423347103266,0.018318867197620665,0.08879227733655107,0.08085111340690052,0.09680062773969257,0.6270853778213935,0.6079826921728669,0.6473553310550331,0.35662414131501474,0.33798280870818,0.37542510785971656,0.016290480863591757,0.054369034398752,0.19814748079093292,-0.09944113819334228,-0.21918420038715825
standard,testB,clip_crop,frozen_final,5095,750,1810,0.3107674119114761,0.2989411320197435,0.32328978627466515,0.4105783763903109,0.3970793106549743,0.42496825607064015,0.3586895918058747,0.3446774340698316,0.3727424028686531,0.6303572018415075,0.6126666188998713,0.6485793857912153,0.777228152976107,0.7644226521245853,0.7880795671186375,0.2410206084396467,0.22352912593608873,0.2589271925136606,0.12070657507360157,0.10738257604203265,0.13412526889655677,0.458684985279686,0.4424314513374112,0.47467667842482536,0.5297350343473994,0.5136344950888764,0.546194601807124,0.011579980372914623,0.007815324367032934,0.01608221923350195,0.08666068165078615,0.07885040590498472,0.09454504190189293,0.5876349362119725,0.566540453607203,0.6100888493373876,0.3038272816486752,0.285791811336434,0.32225535529185073,0.1085377821393523,0.0403253854324535,0.19826687171201768,-0.09823956130169607,-0.20263716159507486
standard,testB,clip_crop,center_score,5095,750,1810,0.10613472604296093,0.09548181748740715,0.1175120162174499,0.12844113328130674,0.11653159526577117,0.1412654247984932,0.2096002762602534,0.19518384887251047,0.22567222109847232,0.14051965843422132,0.12461675252205469,0.15762813833932837,0.788877029206555,0.7777376155680407,0.7994964769694978,0.10775269872423945,0.09441767190005963,0.12218573093573092,0.07536800785083415,0.06363383038731309,0.08772321258568164,0.30186457311089304,0.28596279566466243,0.3181820436060666,0.5075564278704613,0.48482899530892537,0.5303266676461945,0.19057899901864572,0.16256229253418697,0.2178660866305668,-0.11797200421772894,-0.1291275875533282,-0.10703357411603445,0.14425907752698724,0.12751178306093458,0.16162404840913527,0.8396467124631992,0.8220689169842735,0.857061924130489,0.016094210009813543,-0.1462966453071994,0.34249465682010005,-0.19934570693130024,-0.4497771580725873
strict_nonoverlap,combined,original,clip_baseline,10752,1500,3785,0.20342482255058372,0.1988014208252058,0.2077703368710748,0.3172409262430672,0.31100076989374836,0.32302395927378397,0.2544518646342621,0.24788930195379125,0.2607433159571356,0.5590909264383788,0.5497308867738345,0.5683987447180798,0.7595449661300329,0.7564165253973916,0.7624863781290723,0.034970238095238096,0.029949352357331992,0.040486394525083735,0.0015811011904761905,0.0007449917124316228,0.0025899846354761713,0.5079985119047619,0.4963959152973966,0.519398264180263,0.49181547619047616,0.4804037170091964,0.5034924145382749,0.00018601190476190475,0.0,0.0004685179376103888,0.0,0.0,0.0,0.0,0.0,0.0,0.0,0.0,0.0,1.0,0.0,0.0,0.0,0.0
strict_nonoverlap,combined,original,sam_score,10752,1500,3785,0.28722736347606626,0.2786101922414028,0.2954885435692788,0.37110356269979217,0.3613295660626364,0.3802562499446776,0.38970446197873265,0.37873138604934065,0.39980429479946294,0.45772139912071713,0.44511011475402246,0.4696772723083965,0.8300906083632016,0.8237137389712553,0.8357522168097787,0.23995535714285715,0.22844932506818208,0.2513297913424179,0.13541666666666666,0.12581484782416785,0.14538060878700948,0.5074404761904762,0.4948407892463937,0.5198916232807556,0.4797247023809524,0.4671141302349134,0.492544351934038,0.012834821428571428,0.010033235262068214,0.01587164191929369,0.08380254092548246,0.07726070830767702,0.09045992015983702,0.5204613095238095,0.5066058835151102,0.5336904557364411,0.46298363095238093,0.4491072727177978,0.4769316807378077,0.016555059523809524,0.012409036335399401,0.26622984007280875,-0.1182758668173263,-0.26979531561446946
strict_nonoverlap,combined,original,smart,10752,1500,3785,0.3081011987485714,0.29927980700290485,0.31672471468718155,0.3973493685979969,0.38728093848159323,0.40687143986797,0.39188167095237314,0.3810540176077989,0.4022806283701856,0.5107498379570836,0.49761542724689695,0.5240370041188601,0.8348120853054585,0.82819661986166,0.840691292394859,0.2604166666666667,0.2478186279622318,0.27247055324351427,0.14722842261904762,0.1373241741847926,0.1575572895730871,0.5115327380952381,0.49893014731156105,0.5239868392811445,0.4763764880952381,0.46389710500153536,0.48888729734620867,0.01209077380952381,0.009315933224695446,0.014933014621063022,0.10467637619798766,0.0986312154808032,0.11078231231474293,0.5886346726190477,0.5755934988682465,0.6020052451048835,0.39499627976190477,0.3813973661066954,0.40798197202796105,0.01636904761904762,0.0562446725508465,0.2446507543126896,-0.09957952134783354,-0.21991462828822744
strict_nonoverlap,combined,original,frozen_final,10752,1500,3785,0.307105389800991,0.29850061588978705,0.31572019892103587,0.39918436984449424,0.3893857041801632,0.40847796323448793,0.3918971893123676,0.3813507628290436,0.40240887090347455,0.5200199461939577,0.507402018611478,0.5322098714891571,0.8353322818295466,0.8288651543518333,0.840923193013111,0.25232514880952384,0.23993138562476043,0.264279048724342,0.14388020833333334,0.1340766917973001,0.15369210367099045,0.5115327380952381,0.49887334798353794,0.523765478110417,0.47767857142857145,0.4651059157378355,0.49008289332721156,0.010788690476190476,0.008157624143521273,0.013629030945559862,0.10368056725040724,0.0977631089890004,0.10954749680830056,0.5563616071428571,0.5427919782214249,0.5702704131019981,0.3411458333333333,0.32832267872348136,0.3543494695381029,0.10249255952380952,0.038017268109838645,0.24625344827203885,-0.0976866598928456,-0.2047820926710856
strict_nonoverlap,combined,original,center_score,10752,1500,3785,0.09069712014250368,0.08397547908519037,0.09750114830092675,0.11315296284497871,0.10524882291374575,0.12089315973677188,0.20556196770561938,0.19487320607811268,0.21562426686174677,0.10986388758460079,0.10037321209258276,0.11945577642281294,0.8223141541552609,0.8144511084890241,0.8296768479336791,0.08389136904761904,0.07547835361634403,0.0922783092775276,0.054873511904761904,0.047703099701562966,0.062113526953747465,0.3073846726190476,0.29644976813373136,0.31794823827748464,0.5330171130952381,0.5175907272221043,0.5486873185734598,0.15959821428571427,0.14063518008452333,0.17864962289103803,-0.11272770240808005,-0.1197910937956749,-0.10576768494780509,0.13151041666666666,0.1209932445996383,0.14237537505575654,0.8481212797619048,0.8367593908125089,0.859691302062579,0.020368303571428572,-0.1359663125279785,0.33020274955258405,-0.1841161250311471,-0.4257215374008371
strict_nonoverlap,combined,clip_crop,clip_baseline,10752,1500,3785,0.21630517399764587,0.211228665927345,0.22103580790314298,0.3328309753939143,0.3262279100331662,0.33884321746126234,0.25446917117837947,0.24789611857289814,0.2607730372376186,0.6730781965892,0.6646068932694617,0.6819782011504182,0.6993028661136608,0.6957253257286699,0.7024443957778074,0.05031622023809524,0.044129158794249376,0.05713026441134335,0.0030691964285714285,0.0015893981954097057,0.004672545326832698,0.5103236607142857,0.4984023138424177,0.5224863354803585,0.4894903273809524,0.4773100695999382,0.5014944191926389,0.00018601190476190475,0.0,0.0004685179376103888,0.0,0.0,0.0,0.0,0.0,0.0,0.0,0.0,0.0,1.0,0.0,0.0,0.0,0.0
strict_nonoverlap,combined,clip_crop,sam_score,10752,1500,3785,0.28821962341686125,0.2796149145134416,0.2966947270670782,0.37130521077733164,0.36148967999227943,0.3805517055962606,0.38790478733275197,0.37706775198630815,0.3976327017302329,0.46568422936104104,0.45329541267361917,0.47784644278081306,0.8083909037509395,0.8014232221304678,0.8145425054847838,0.24479166666666666,0.23341815448157452,0.25638693341787727,0.13653273809523808,0.12720072477420172,0.1463763705253509,0.5047433035714286,0.49237605466130835,0.5176096320774614,0.48000372023809523,0.46698504229108584,0.4929167734839578,0.01525297619047619,0.01207126004173496,0.01861389286491576,0.07191444941921536,0.06547980071660138,0.07834322579443267,0.509765625,0.49616579012485024,0.5230872975986545,0.46837797619047616,0.4542337061377774,0.48257579397934297,0.021856398809523808,0.0062873654449072,0.25552869950248747,-0.12456883276761913,-0.2871643051967608
strict_nonoverlap,combined,clip_crop,smart,10752,1500,3785,0.3112301240897966,0.3023129615297202,0.3198015335768829,0.39923862533305093,0.38920223868495035,0.40865772923172755,0.38944713269170894,0.3789494185560839,0.39970606590257296,0.5229068603487012,0.5098638184101608,0.5361841275858855,0.8108588738622192,0.8033427379421105,0.8175063170873121,0.27046130952380953,0.2579201126897241,0.2826252349322854,0.1519717261904762,0.14174706235239484,0.16251380301537324,0.5090215773809523,0.4964431709145989,0.5218752868186952,0.4759114583333333,0.4631239830722973,0.4884884198590531,0.015066964285714286,0.011882834357815236,0.018294263602597435,0.0949249500921507,0.08913247451800257,0.10098445073512001,0.5807291666666666,0.5674033221597059,0.5938727869334315,0.39732142857142855,0.3840151858317738,0.41043486180257915,0.02194940476190476,0.04616909196771325,0.2353752794107446,-0.10511474280193937,-0.23336211944884128
strict_nonoverlap,combined,clip_crop,frozen_final,10752,1500,3785,0.3116304857763128,0.30288773352789605,0.320017986675726,0.40292717359674174,0.3930018096527705,0.4124824960801422,0.3899480881714048,0.3795351852344932,0.40052950378426194,0.5441566452710023,0.5319706500074546,0.5563258460527953,0.8071919414346025,0.7998337586181904,0.8135919415435062,0.26320684523809523,0.25114148705403044,0.27533606408995803,0.14862351190476192,0.13839398682105425,0.15900211393680483,0.5104166666666666,0.49795623560756463,0.5227552736287805,0.4767485119047619,0.4640723197453721,0.48925744079558964,0.012834821428571428,0.009848899909488446,0.01597270790819382,0.09532531177866689,0.08959194391199353,0.10103030527723925,0.5517113095238095,0.5376822004342866,0.5651850721835623,0.34095982142857145,0.32778826629583163,0.353583481423123,0.10732886904761904,0.03159706160662505,0.23679082772051382,-0.10357486028201357,-0.21754122293730055
strict_nonoverlap,combined,clip_crop,center_score,10752,1500,3785,0.09235568916890928,0.0855223825247961,0.09927282986996659,0.11479168860580014,0.10685686555914678,0.1226845755317289,0.20575615094993682,0.19508913003527537,0.21585145744152306,0.11168506647536477,0.10203139163206525,0.12144546513668518,0.8003546712002324,0.7922544896186792,0.8078791488121996,0.08658854166666667,0.078112137294892,0.09519608378480499,0.055989583333333336,0.04881963902972937,0.06309290282511545,0.30310639880952384,0.2919343286404717,0.313754467070158,0.5231584821428571,0.507506904077026,0.5386584984296434,0.17373511904761904,0.1541733051218973,0.193014454564443,-0.12394948482873659,-0.1310879500424149,-0.11675832400283974,0.12899925595238096,0.11856408396110765,0.1393721745901292,0.8489583333333334,0.8375467242739868,0.8601710872845671,0.022042410714285716,-0.14316596898846168,0.3328117710809387,-0.19657261036019255,-0.45808147788941467
strict_nonoverlap,testA,original,clip_baseline,5657,750,1975,0.19665133980857089,0.1908045669458002,0.20240256466732354,0.3079965225364124,0.299892051576041,0.31593320299875516,0.2505177021138259,0.2420169390987517,0.2594911666343373,0.5280975812645745,0.5155393670557276,0.5408922528086743,0.7643421577283146,0.7608161323116285,0.7677313852581895,0.0309351246243592,0.024385631550441367,0.038121611842667553,0.001237404984974368,0.0003500726442529506,0.002335495217879336,0.5570090153791762,0.5410428509931738,0.5734072380004142,0.44281421248011316,0.4263774880099848,0.4587975245418026,0.00017677214071062401,0.0,0.0005359104688925714,0.0,0.0,0.0,0.0,0.0,0.0,0.0,0.0,0.0,1.0,0.0,0.0,0.0,0.0
strict_nonoverlap,testA,original,sam_score,5657,750,1975,0.2782296670076897,0.2676334252266291,0.2900098364957043,0.3567228092048465,0.34445429140428124,0.3699057704314959,0.4060234348269717,0.39166838820757094,0.421459280491395,0.39433988737918263,0.38082301172074906,0.40886722359131905,0.8407818652390051,0.8345411152160577,0.8468027705034814,0.24129397207000178,0.22587992761464887,0.25647106718643276,0.14194802899063108,0.12933433019878462,0.15505453739655928,0.5483471804843557,0.5309996115932835,0.5665353207838127,0.4382181368216369,0.42032371370115923,0.4554458442730625,0.013434682694007424,0.009719610398081086,0.01809239416827683,0.0815783271991188,0.07317136421325948,0.09072376429977412,0.4866537033763479,0.46957690079433445,0.5048486719362748,0.49248718401979846,0.47440610460896077,0.5092475697967691,0.020859112603853633,0.0,0.28691741167175483,-0.11787330845905455,-0.2722712625970481
strict_nonoverlap,testA,original,smart,5657,750,1975,0.30657687332912237,0.29442065755910435,0.31984258306328484,0.3865629766239961,0.3731122243070046,0.40128313038267177,0.41854435812642604,0.4040541894477378,0.4337483028854412,0.4259046805866313,0.4113993189548992,0.44137064855498187,0.8563102701220258,0.8510192057421637,0.8613715461897764,0.28089093158918155,0.26407121975436937,0.2988862557688609,0.17429733074067527,0.16012402648572704,0.18940815115308118,0.5585999646455718,0.5417679060841264,0.5764079126853934,0.42920275764539506,0.4114771478046511,0.4467117795245295,0.012197277709033056,0.008520167875269387,0.01657782425850306,0.10992553352055144,0.10177044722746702,0.11904349060651243,0.54958458546933,0.5326823054198706,0.5679420727350278,0.4295563019268163,0.4115723573486884,0.4469829827453572,0.020859112603853633,0.0353006896471685,0.2811754773603414,-0.10383778435701303,-0.2310616891346604
strict_nonoverlap,testA,original,frozen_final,5657,750,1975,0.30778143741103403,0.2959692671359995,0.32055048081870924,0.39136477985938256,0.3786026088621924,0.4053746660836105,0.420669487055328,0.4064109887834774,0.43581819488002055,0.4411409031591215,0.4271127362841587,0.4561720700845158,0.8582380528870166,0.8532179803444367,0.8630753181797248,0.2739968181014672,0.2578681917029417,0.2920318581425016,0.17111543220788403,0.1572102648174759,0.18633299307198062,0.559483825349125,0.5425601603089424,0.5765781735064659,0.429733074067527,0.4123865385063769,0.4465916771206473,0.010783100583348065,0.007394246688240804,0.01487266690600286,0.11113009760246313,0.1030838766113304,0.11984864804384036,0.5257203464733958,0.5084764282107382,0.5440375214441316,0.37316598904012727,0.35561056726191526,0.3902267923597261,0.10111366448647693,0.0160133838052178,0.2833666690389315,-0.10140668478666427,-0.21595265452802767
strict_nonoverlap,testA,original,center_score,5657,750,1975,0.0781761982485948,0.07039398043147703,0.08643006683490437,0.10062402467178524,0.09148611008130754,0.1102628449619643,0.20210403738502067,0.18873043149912194,0.21588254517939043,0.08382840944319271,0.07537811315839589,0.09297042033520893,0.8307865366736277,0.8213256410683276,0.840166895385231,0.06328442637440339,0.053286411171626726,0.07375904483161391,0.038536326674916035,0.03030289762776628,0.047116788879110395,0.3081138412586176,0.2945688049303633,0.32211339619181334,0.54675623121796,0.5256095938375349,0.566794737087562,0.1451299275234223,0.12237831029847424,0.17176337481892917,-0.11847514155997609,-0.12709691391853253,-0.10977146642816947,0.11737670143185434,0.10536058878911997,0.1301667954995239,0.8564610217429733,0.8426426039338564,0.8705062030004486,0.026162276825172352,-0.1348328193965778,0.3155195522804028,-0.1815725198181573,-0.4307042541484504
strict_nonoverlap,testA,clip_crop,clip_baseline,5657,750,1975,0.20927867069904071,0.2028724723214217,0.21578450185284248,0.32336142266506557,0.31489462593144824,0.3317969762730293,0.2505336987524913,0.24203695034060796,0.25952878463908463,0.6377370939428537,0.6269847427266548,0.6483833442654057,0.7051403947621783,0.7015947238874295,0.7087815528610221,0.045783984444051615,0.03782106967133894,0.05460415126257596,0.0028283542513699842,0.0010458800248376557,0.005155585192295263,0.5607212303340994,0.544621242043687,0.5777458677317445,0.43910199752519,0.4221133238861761,0.4552938579151311,0.00017677214071062401,0.0,0.0005359104688925714,0.0,0.0,0.0,0.0,0.0,0.0,0.0,0.0,0.0,1.0,0.0,0.0,0.0,0.0
strict_nonoverlap,testA,clip_crop,sam_score,5657,750,1975,0.27965000775978416,0.26911187124548597,0.2914177325448172,0.3577929649048201,0.345618412274693,0.3708712616767328,0.40352622804300026,0.38932725652805683,0.41858813289936303,0.4042597825638463,0.39079770778525236,0.41882540951436636,0.8205487657460235,0.8137042758389913,0.8271783762734002,0.245890047728478,0.23103663746880676,0.26182752860644426,0.14371575039773732,0.13116482109391311,0.15661529352619025,0.5453420540922751,0.5285308869038539,0.5627566874665719,0.43786459254021565,0.4203984330913417,0.4546140790050943,0.01679335336750928,0.012411148316574938,0.022002847002847003,0.07037133706074346,0.062263355861833666,0.07934946682273837,0.47233515997878733,0.4560227990884195,0.4903900320694434,0.5004419303517765,0.48225519816485124,0.5173345543531128,0.027222909669436097,-5.335894562723441e-05,0.28032728662738693,-0.1239646259681216,-0.28974976049458934
strict_nonoverlap,testA,clip_crop,smart,5657,750,1975,0.30972703738828883,0.29766728486428584,0.3229906553307153,0.38930298023107607,0.37627698477540944,0.40406981476127307,0.4152014864221789,0.4007324252819429,0.43037435621611164,0.4391285182662539,0.4249180072066446,0.4549743615610155,0.8361118940875581,0.8302879951891771,0.8418757325106447,0.2891992222025809,0.2722330565400525,0.30774953695868823,0.17641859642920277,0.16215860784508865,0.19230091479097441,0.5554180661127807,0.5384473845259632,0.5725456389482143,0.42831889694184194,0.41094580547302867,0.44554085275216276,0.01626303694537741,0.011725467400168091,0.021276784433894618,0.10044836668924813,0.09252964013151699,0.10904594635625774,0.5389782570266926,0.521986590540045,0.5573746484398883,0.4339756054445819,0.4158766780342452,0.4516927221839035,0.027046137528725474,0.0307300756961695,0.27438571450103594,-0.10931390352447334,-0.24386869861662902
strict_nonoverlap,testA,clip_crop,frozen_final,5657,750,1975,0.3124078167541001,0.30063572860973364,0.3252281349084092,0.3960360867603913,0.3829875807690619,0.4099836995595269,0.4181011797362583,0.40385565095063924,0.4330468471197146,0.46651976428696046,0.4524171663282701,0.4816987038365521,0.8341789490704582,0.828531299794812,0.839531067732396,0.28318896941841964,0.2667598323287152,0.3016217697206061,0.1737670143185434,0.15956984294378382,0.18976558366413268,0.5570090153791762,0.54045326012243,0.5738549048123596,0.42902598550468446,0.41220866928009336,0.445978974744252,0.013964999116139297,0.010165084070240926,0.01836998886400705,0.10312914605505938,0.09535512630804745,0.11171384243059575,0.5193565494078133,0.5023894769854123,0.5376990172327577,0.37440339402510164,0.356958522065919,0.3911644797913814,0.10624005656708503,0.0154080621370201,0.27604907288369884,-0.10747431392768475,-0.2285829855745293
strict_nonoverlap,testA,clip_crop,center_score,5657,750,1975,0.07994554370783571,0.07202344028360924,0.08822371283045928,0.10249826088409143,0.09340172853002235,0.11198317054131927,0.20229392389388898,0.1889707649277347,0.2160692522854879,0.08571507424796973,0.07715376160339685,0.09498072226261675,0.8106920560257204,0.8007640218322543,0.8205382321220137,0.06752695775145837,0.0573416312806832,0.07824420926339071,0.038536326674916035,0.03030289762776628,0.047116788879110395,0.3042248541629839,0.2906302333869309,0.31857600534814356,0.5372105356195863,0.5156197902066951,0.557653786603921,0.15856461021742974,0.13408549354472132,0.18534884931918844,-0.129333126991205,-0.13866382602003385,-0.12025123997052034,0.11525543574332685,0.10296036773098644,0.12805616351380716,0.8573448824465264,0.8435949677651824,0.8714164196700649,0.02739968181014672,-0.1415069844731785,0.3218962480467613,-0.1941265676527289,-0.46551795943091934
strict_nonoverlap,testB,original,clip_baseline,5095,750,1810,0.21094544902194126,0.20422928575004634,0.21789097383729716,0.32750502668831677,0.31852371180316774,0.33685002603970643,0.2588199818821733,0.24954724513372753,0.2684978807374508,0.5935029683712955,0.5798027363264117,0.6071893014389131,0.7542186240551595,0.7493924567306008,0.7590233715211889,0.039450441609421,0.03120151357903268,0.0484852876592007,0.001962708537782139,0.0005812265996129045,0.0038358324289750586,0.4535819430814524,0.4387314483365666,0.4692843730846763,0.5462217860647693,0.5305744464540516,0.5612367261615705,0.00019627085377821394,0.0,0.0005996492104737157,0.0,0.0,0.0,0.0,0.0,0.0,0.0,0.0,0.0,1.0,0.0,0.0,0.0,0.0
strict_nonoverlap,testB,original,sam_score,5095,750,1810,0.29721754383359433,0.285076191160231,0.30973298025378054,0.38707057398946965,0.3730551160296324,0.40164695725785593,0.3715854375621501,0.356391745272093,0.38683932334916776,0.5280941590661266,0.5090379391673148,0.5478680654684172,0.8182200607387816,0.8071936628846276,0.8275535143772527,0.23846908734052993,0.2218527526436144,0.2554606160494559,0.1281648675171737,0.11372114407743072,0.14211596287953898,0.4620215897939156,0.4448071729898167,0.478978155147632,0.5258096172718352,0.508360632824034,0.5431739840235357,0.012168792934249264,0.008536750467025006,0.016313913880095534,0.08627209481165307,0.07710479297303399,0.09562629566922073,0.5579980372914622,0.5384770693138753,0.5781310971325521,0.43022571148184496,0.41042684879679386,0.450322484735309,0.011776251226692836,0.0379925591361919,0.24619716873552472,-0.11878751261392538,-0.2669030125889848
strict_nonoverlap,testB,original,smart,5095,750,1810,0.3097936636941698,0.29793180759585486,0.322272373800842,0.40932554512339886,0.39521598170133204,0.42351286308199326,0.362277976871192,0.34828577497655555,0.3764763570916354,0.6049537742170734,0.5852664159477375,0.624452667426377,0.8109425599850818,0.7993854289735384,0.8205010594315058,0.23768400392541708,0.2207538427931383,0.2552999364982044,0.11717369970559371,0.1038271472827932,0.1303427389705739,0.4592737978410206,0.4431852320611782,0.4756559092613095,0.5287536800785083,0.5116843796966694,0.5447503454195715,0.01197252208047105,0.008249900191097165,0.016188219097234405,0.09884821467222842,0.09065806911497037,0.10705422656273626,0.6319921491658489,0.6127075152715762,0.6519001069752607,0.35662414131501474,0.3372176008423663,0.3758419890279648,0.011383709519136408,0.0673615312128592,0.20938511333282958,-0.09388465117044985,-0.20506683280703103
strict_nonoverlap,testB,original,frozen_final,5095,750,1810,0.30635477128675875,0.2944878461563639,0.31889319944954464,0.4078664936022522,0.3943183795100119,0.4218695983812562,0.3599511857143446,0.34594079970658304,0.3740338049486896,0.6075996805311645,0.5890416543836154,0.6262891680779434,0.8098999075661296,0.7986253259093948,0.8191818001494214,0.22826300294406282,0.21132260439975187,0.24546839544227692,0.11364082433758586,0.100368488597746,0.12666637817925108,0.45829244357212956,0.4420763391036366,0.474235095569545,0.5309126594700687,0.5141931277368758,0.547341601373406,0.010794896957801767,0.0073469273116888514,0.014786456901199879,0.09540932226481744,0.08727094344337993,0.10325430248456875,0.5903827281648675,0.5692972549117212,0.6117665755217463,0.3055937193326791,0.2866288249780067,0.3242160388132362,0.10402355250245339,0.0511441337039105,0.20955972534626136,-0.09264300379082169,-0.19030081646968489
strict_nonoverlap,testB,original,center_score,5095,750,1810,0.10459915255738937,0.09398877912590452,0.11602549689762302,0.12706389576858135,0.11520759281116386,0.13992131129458715,0.20940132233243527,0.19509064493755718,0.22546071001679263,0.13877118883012493,0.12285646991627587,0.15610705588723872,0.8129072320931607,0.8019890523385498,0.8231193069218729,0.10677134445534837,0.09342810367299113,0.12121955343114818,0.07301275760549558,0.06137134947632284,0.08494450142572534,0.30657507360157016,0.29070123212287535,0.3225491072264033,0.5177625122669284,0.4949692231789333,0.5398816542287946,0.17566241413150147,0.14899277976063235,0.2023800932022989,-0.10634629646455193,-0.11706484679991296,-0.09566918408594788,0.14720314033366044,0.1303340120846208,0.1648072164453034,0.8388616290480864,0.8204603814522299,0.856406514520189,0.01393523061825319,-0.1379245162997964,0.34320227353755506,-0.18699955209173102,-0.42002841741390207
strict_nonoverlap,testB,clip_crop,clip_baseline,5095,750,1810,0.22410673026068992,0.21687655067720824,0.23171279781139514,0.34334505974859475,0.3339116110461865,0.35310388370751916,0.2588387428198416,0.2495547868115115,0.2685124325794622,0.7123175719906486,0.699517846866632,0.7247807640926185,0.6928214334218722,0.687399618455701,0.6983769250955921,0.05534838076545633,0.045585717278631,0.06613190732072811,0.0033366045142296367,0.0011775501954639455,0.006046806153012333,0.45436702649656524,0.4391464291589051,0.4697697627999814,0.5454367026496565,0.5300879706840099,0.5606964681455289,0.00019627085377821394,0.0,0.0005996492104737157,0.0,0.0,0.0,0.0,0.0,0.0,0.0,0.0,0.0,1.0,0.0,0.0,0.0,0.0
strict_nonoverlap,testB,clip_crop,sam_score,5095,750,1810,0.2977345038431782,0.285477182068661,0.3103037949982862,0.3863079143888719,0.37242529288630266,0.40046509689575394,0.37056023579244296,0.3556432024638766,0.3858288912619589,0.5338840518402815,0.5151141599662472,0.5543003804863654,0.7948919782737678,0.7829222619125737,0.8051129938013485,0.2435721295387635,0.22656583203519162,0.25969670448453885,0.12855740922473013,0.11456524152116199,0.1424979056801711,0.45966633954857705,0.44256535110648665,0.4761726581645636,0.5267909715407262,0.5098225973696138,0.5441022417640514,0.013542688910696762,0.009371321258510293,0.01824699907165993,0.0736277735824883,0.0647865865304301,0.08299523039300344,0.551324828263003,0.5316117931335257,0.5714863191951515,0.43277723258096173,0.4127539236272165,0.45350227625711725,0.01589793915603533,0.0298323948198656,0.23193958423095606,-0.12534457401450239,-0.2840984563991275
strict_nonoverlap,testB,clip_crop,smart,5095,750,1810,0.31289900759724093,0.30085194257513376,0.3253286831611144,0.4102702140164408,0.39613521448297667,0.42438150337960096,0.36085196506594464,0.347150291536352,0.3750780789502325,0.615926307092647,0.5967207925592839,0.6355045300425616,0.7828203389427411,0.7699190042087902,0.7936414085186784,0.2496565260058881,0.23252457945637817,0.2678005311909372,0.12482826300294406,0.11153486918825313,0.13848979247991847,0.4575073601570167,0.44078760099601183,0.47344980696079997,0.5287536800785083,0.5119233800506289,0.5452766169800447,0.013738959764474975,0.009599423347103266,0.018318867197620665,0.08879227733655107,0.08085111340690052,0.09680062773969257,0.6270853778213935,0.6079826921728669,0.6473553310550331,0.35662414131501474,0.33798280870818,0.37542510785971656,0.016290480863591757,0.054369034398752,0.19814748079093292,-0.09944113819334228,-0.21918420038715825
strict_nonoverlap,testB,clip_crop,frozen_final,5095,750,1810,0.3107674119114761,0.2989411320197435,0.32328978627466515,0.4105783763903109,0.3970793106549743,0.42496825607064015,0.3586895918058747,0.3446774340698316,0.3727424028686531,0.6303572018415075,0.6126666188998713,0.6485793857912153,0.777228152976107,0.7644226521245853,0.7880795671186375,0.2410206084396467,0.22352912593608873,0.2589271925136606,0.12070657507360157,0.10738257604203265,0.13412526889655677,0.458684985279686,0.4424314513374112,0.47467667842482536,0.5297350343473994,0.5136344950888764,0.546194601807124,0.011579980372914623,0.007815324367032934,0.01608221923350195,0.08666068165078615,0.07885040590498472,0.09454504190189293,0.5876349362119725,0.566540453607203,0.6100888493373876,0.3038272816486752,0.285791811336434,0.32225535529185073,0.1085377821393523,0.0403253854324535,0.19826687171201768,-0.09823956130169607,-0.20263716159507486
strict_nonoverlap,testB,clip_crop,center_score,5095,750,1810,0.10613472604296093,0.09548181748740715,0.1175120162174499,0.12844113328130674,0.11653159526577117,0.1412654247984932,0.2096002762602534,0.19518384887251047,0.22567222109847232,0.14051965843422132,0.12461675252205469,0.15762813833932837,0.788877029206555,0.7777376155680407,0.7994964769694978,0.10775269872423945,0.09441767190005963,0.12218573093573092,0.07536800785083415,0.06363383038731309,0.08772321258568164,0.30186457311089304,0.28596279566466243,0.3181820436060666,0.5075564278704613,0.48482899530892537,0.5303266676461945,0.19057899901864572,0.16256229253418697,0.2178660866305668,-0.11797200421772894,-0.1291275875533282,-0.10703357411603445,0.14425907752698724,0.12751178306093458,0.16162404840913527,0.8396467124631992,0.8220689169842735,0.857061924130489,0.016094210009813543,-0.1462966453071994,0.34249465682010005,-0.19934570693130024,-0.4497771580725873
