variant,metric,n,mean,std,ci_low,ci_high
baseline,pg,500,0.732,0.443361182645203,0.69395,0.77
baseline,epg,500,0.4668419011014875,0.30151588156313364,0.4403869897672687,0.49115239544167477
baseline,pacc,500,0.785700055398324,0.17065460610772867,0.7711994058937774,0.8003702226644136
baseline,ap,500,0.6531421896842843,0.3214904873890779,0.624134591644304,0.6807070050548509
baseline,iou,500,0.37795118096575003,0.2405814216848801,0.35591430266308327,0.3992218218054011
full,pg,500,0.146,0.3534598530745337,0.116,0.18
full,epg,500,0.1463255598415173,0.2364594741194415,0.12571629014917307,0.16709981992844927
full,pacc,500,0.6908517410757754,0.24319860617732997,0.6703239829396185,0.7124018477876095
full,ap,500,0.2741627685129636,0.24413947785161555,0.25208421439099726,0.29517727748743383
full,iou,500,0.005898095731768814,0.02589687239743755,0.003944730988400311,0.008511270945732634
gcls,pg,500,0.734,0.4423067606775666,0.696,0.772
gcls,epg,500,0.4668419009678778,0.30151588162389575,0.440386989831058,0.49115239503420427
gcls,pacc,500,0.785700055398324,0.17065460610772867,0.7711994058937774,0.8003702226644136
gcls,ap,500,0.6531416610289426,0.32149031670756506,0.6241339834861067,0.680707010562757
gcls,iou,500,0.37795118096575003,0.2405814216848801,0.35591430266308327,0.3992218218054011
