image_id,category_id,method,pg,epg,pacc,ap,iou
356347,51,GE_MAP,1.0,0.7838528016454508,0.4340919961734694,0.7840654681588677,0.3641249580114209
356347,50,GE_MAP,1.0,0.15012256118691691,0.6137994260204082,0.6587947003423736,0.10901650650604626
207585,32,GE_MAP,1.0,0.21561843334306127,0.7253667091836735,0.43014464521769097,0.04636678200692042
207585,88,GE_MAP,1.0,0.8879585826275423,0.7878667091836735,0.9421931233890319,0.6598382921606852
248752,39,GE_MAP,0.0,0.046499132296642584,0.6471420599489796,0.25704541432248856,0.03756251358991085
248752,1,GE_MAP,1.0,0.5213932973005163,0.7198062818877551,0.5302569179784945,0.32398903688031927
227187,52,GE_MAP,1.0,0.17880875233171653,0.7711057079081632,0.39106288193547717,0.09574049287457681
227187,16,GE_MAP,1.0,0.17781091029026078,0.7569355867346939,0.4945030730424688,0.09282951502529009
110042,64,GE_MAP,1.0,0.20513967812519085,0.7123724489795918,0.6628008127688245,0.0941501380868692
110042,70,GE_MAP,1.0,0.5471064023474407,0.9035395408163265,0.8625932053292314,0.31609439027836655
304404,1,GE_MAP,1.0,0.29147931115299514,0.5555444834183674,0.29859674319428564,0.14607903201102773
304404,28,GE_MAP,1.0,0.2585847832076826,0.8122409119897959,0.8340889862078287,0.06741239358542862
339823,1,GE_MAP,1.0,0.45625133315823974,0.6554926658163265,0.44222778566325716,0.30137816756254293
339823,28,GE_MAP,1.0,0.6736801576821112,0.8857820471938775,0.8103869142608121,0.6528770442156269
467176,1,GE_MAP,1.0,0.2934574672847309,0.6632453762755102,0.27210216701152296,0.19472906638707524
467176,84,GE_MAP,0.0,0.2807633832180067,0.8111049107142857,0.3586969178439507,0.2205592105263158
345027,8,GE_MAP,1.0,0.14448467631565134,0.7912946428571429,0.25106076146947476,0.12044347387871661
345027,4,GE_MAP,1.0,0.42973501057291147,0.8924784757653061,0.8565826814962526,0.14160700079554495
269942,3,GE_MAP,0.0,0.20782221286914382,0.7656050701530612,0.6700667243059734,0.04444263893402665
269942,10,GE_MAP,1.0,0.16991696842342874,0.7037826849489796,0.853614782867367,0.07854928704277743
125405,34,GE_MAP,1.0,0.09837548103716208,0.7836415816326531,0.6198301491666379,0.0489706526500219
125405,18,GE_MAP,1.0,0.7405288494253129,0.9262794961734694,0.8680178252829442,0.6731754726983566
319721,1,GE_MAP,1.0,0.18256363217727398,0.5937699298469388,0.19343914923346767,0.11689268229279494
319721,19,GE_MAP,1.0,0.7512096267978037,0.9079639668367347,0.9279113671690226,0.7265190098306289
147338,8,GE_MAP,1.0,0.5023849761404913,0.8004025829081632,0.8007275859551257,0.4143617332319747
147338,3,GE_MAP,0.0,0.2216274850871597,0.8093510841836735,0.24851051038795766,0.21769708864900228
571804,70,GE_MAP,0.0,0.058468586953331896,0.7588687818877551,0.05663641467860193,0.060709572238180264
571804,86,GE_MAP,0.0,0.05943902886411642,0.7099210778061225,0.17872725493323063,0.04237120863214685
151820,62,GE_MAP,1.0,0.39628902869821886,0.7497409119897959,0.7056710553944698,0.35082458770614694
151820,1,GE_MAP,1.0,0.3075585035886712,0.5693558673469388,0.31177491066262475,0.1616357569643827
112997,77,GE_MAP,1.0,0.6852082528845644,0.6955117984693877,0.7009337502861703,0.4313258393508524
112997,1,GE_MAP,0.0,0.13526224381640084,0.5935307716836735,0.18329042795213407,0.1045398665261679
226903,2,GE_MAP,1.0,0.3240863360138888,0.8426139987244898,0.7674061702668776,0.12050339681479007
226903,67,GE_MAP,1.0,0.5718764283623585,0.8384287308673469,0.7782881225922914,0.5646079484425349
139684,17,GE_MAP,1.0,0.08692923397926887,0.5931122448979592,0.15216164657360193,0.07636626854867898
139684,63,GE_MAP,1.0,0.33814700065844444,0.6535594706632653,0.35893115960631317,0.34716641003492693
192871,51,GE_MAP,1.0,0.7374234043671416,0.5651307397959183,0.7118024055218721,0.30580300330872995
192871,53,GE_MAP,1.0,0.48071361313452726,0.7641302614795918,0.6889906234319316,0.38224240526150954
176232,86,GE_MAP,0.0,0.1634622309314622,0.6728515625,0.3657565257031671,0.14389277146135393
176232,84,GE_MAP,0.0,0.07076797568545684,0.6484375,0.36928356944659424,0.043176394011716204
248111,79,GE_MAP,0.0,0.07805008773960904,0.6552734375,0.14119984533528993,0.06335625710727243
248111,82,GE_MAP,1.0,0.30443068182492505,0.720085299744898,0.46325748850414683,0.26856577439850016
276434,1,GE_MAP,1.0,0.39849465683964513,0.7784996811224489,0.45881122847239186,0.28208772043149666
276434,55,GE_MAP,1.0,0.24730911621618257,0.7881058673469388,0.7091975004813332,0.10240607851414099
322944,1,GE_MAP,1.0,0.6857929897787756,0.6051897321428571,0.7062988371827361,0.3903489875053856
322944,88,GE_MAP,1.0,0.7539812793379861,0.9261798469387755,0.9310816344503341,0.7495605138607166
137294,79,GE_MAP,1.0,0.36123676643605857,0.7094826211734694,0.46883691998800076,0.30878657119825503
137294,1,GE_MAP,0.0,0.3470068814265992,0.7050183354591837,0.4170188384967539,0.30213588570889716
499266,77,GE_MAP,1.0,0.8318730776811832,0.6333306760204082,0.8349767195836042,0.43762799938865965
499266,1,GE_MAP,0.0,0.2391399755894674,0.6843510841836735,0.27950171552204733,0.24491060786650776
345356,67,GE_MAP,1.0,0.22494933447426413,0.7473294005102041,0.38990210692181354,0.21166521576918293
345356,1,GE_MAP,1.0,0.4096190739001713,0.571906887755102,0.3884999392051,0.19646865180308246
278848,6,GE_MAP,1.0,0.5266767452078801,0.7815290178571429,0.5683037402641278,0.4082910504156321
278848,28,GE_MAP,1.0,0.5356089457392593,0.8714126275510204,0.9278282721197509,0.42243308566824816
321333,1,GE_MAP,0.0,0.4251595218335474,0.39217952806122447,0.5302267707490746,0.16649357748018584
321333,88,GE_MAP,1.0,0.7384640060814841,0.9399115114795918,0.9100322505891003,0.6498257839721254
117908,44,GE_MAP,0.0,0.237060883019882,0.7547233737244898,0.5459317230328007,0.16534418446931162
117908,1,GE_MAP,0.0,0.38815728834946084,0.6001275510204082,0.4021186136416863,0.26189162344112127
101762,2,GE_MAP,1.0,0.9022640631277457,0.7926698022959183,0.9243729925915048,0.6348799663063316
101762,17,GE_MAP,1.0,0.6551138172834662,0.9327766262755102,0.8924020738162928,0.4321548821548822
82812,27,GE_MAP,0.0,0.11114836503819497,0.7307876275510204,0.23087064829164528,0.06995318094188929
82812,7,GE_MAP,0.0,0.3691487239370592,0.7818080357142857,0.6203044843436564,0.303739506486899
54592,35,GE_MAP,1.0,0.2509959589703044,0.7411710778061225,0.6252809836302424,0.12474727052163365
54592,1,GE_MAP,0.0,0.3829160151407724,0.5585538903061225,0.3915678361119425,0.2191080557024502
27696,1,GE_MAP,0.0,0.002864838409276966,0.5631576849489796,0.030708246004970352,0.0
27696,49,GE_MAP,1.0,0.05115283519756711,0.6122648278061225,0.13125494162827442,0.03559212809200416
20553,88,GE_MAP,1.0,0.32227408734878477,0.8681042729591837,0.5770191824045288,0.2696170400618033
20553,44,GE_MAP,0.0,0.14502784490934376,0.8007214604591837,0.5159711775800185,0.049976247030878856
15956,19,GE_MAP,1.0,0.5616457882913369,0.9075653698979592,0.8412890477177948,0.4400579500181094
15956,1,GE_MAP,0.0,0.029471535665818973,0.7690529336734694,0.037849325457624025,0.04452506596306069
20333,32,GE_MAP,1.0,0.3051578206865302,0.8563655931122449,0.6714013551232165,0.1981530930129061
20333,1,GE_MAP,1.0,0.6384480956551547,0.6982421875,0.7295761401187792,0.4688672957519206
347174,1,GE_MAP,1.0,0.6143117753445861,0.8302375637755102,0.7476608469057872,0.5369897265858564
347174,65,GE_MAP,1.0,0.4643008640583381,0.7777822066326531,0.6038616620157933,0.4872620252000368
116068,38,GE_MAP,1.0,0.6453485996239476,0.9260204081632653,0.9220767094023858,0.6115529510255336
116068,1,GE_MAP,1.0,0.4344976011901095,0.7133290816326531,0.47658865497393876,0.3102522297880502
569700,64,GE_MAP,1.0,0.8107091014733848,0.8895089285714286,0.9449532953527786,0.7941329372447085
569700,86,GE_MAP,0.0,0.10495845336340309,0.6449298469387755,0.10547837493780984,0.1482526174881675
353096,76,GE_MAP,1.0,0.31178725090137527,0.7348533163265306,0.8654687898001784,0.27734926670287885
353096,72,GE_MAP,1.0,0.600804629533723,0.5090680803571429,0.61272944508602,0.31411148855599486
393115,1,GE_MAP,0.0,0.33759006623797333,0.6640824298469388,0.3372871815743801,0.2831015269448343
393115,41,GE_MAP,1.0,0.5516236938922525,0.7848573022959183,0.5994776766016476,0.4243894635811027
409424,55,GE_MAP,1.0,0.3905048551946357,0.7988480548469388,0.7460998695670673,0.28812244322189307
409424,67,GE_MAP,1.0,0.9026552787888743,0.38173628826530615,0.9029475427032555,0.33656971770744226
156278,51,GE_MAP,1.0,0.10655698359063545,0.6959502551020408,0.14315913252450982,0.09813194608654528
156278,49,GE_MAP,0.0,0.05139238949347925,0.6625478316326531,0.11008438990748723,0.03806385637995682
456143,57,GE_MAP,1.0,0.14798526811991441,0.6770766900510204,0.5699052387610003,0.07135488308115544
456143,54,GE_MAP,1.0,0.5734168870095346,0.8339046556122449,0.8174697138476951,0.5326903667152629
31620,62,GE_MAP,1.0,0.10017276334870255,0.7626554528061225,0.3279308833769438,0.05783227848101266
31620,1,GE_MAP,0.0,0.21635727264673704,0.7729193239795918,0.1683801509323146,0.13478624041309134
7574,44,GE_MAP,1.0,0.1034866551418418,0.7191884566326531,0.5370891167028343,0.0500269687162891
7574,79,GE_MAP,0.0,0.04392709062082732,0.6121851084183674,0.047912334574004206,0.05621301775147929
49060,1,GE_MAP,0.0,0.039829455043124684,0.7534877232142857,0.036683157165879166,0.034878277153558054
49060,7,GE_MAP,1.0,0.8529733778383847,0.7946627869897959,0.9032072391443156,0.6182801674632284
127394,62,GE_MAP,0.0,0.06373620595632812,0.6095942283163265,0.2960091145467737,0.040554439927511385
127394,50,GE_MAP,0.0,0.07452064158596867,0.6482182716836735,0.1293854772249437,0.0569031844411199
287874,1,GE_MAP,1.0,0.24084011024912141,0.8267697704081632,0.5114654280198706,0.05644811115935736
287874,7,GE_MAP,1.0,0.4802917722680051,0.7880859375,0.8383353387464301,0.29610750695088045
331799,52,GE_MAP,1.0,0.13067642401718393,0.7204440369897959,0.6034933219901198,0.03792866941015089
331799,53,GE_MAP,1.0,0.12525482823144468,0.7533880739795918,0.20214210840445518,0.07255284065357517
174482,2,GE_MAP,1.0,0.8451346916468718,0.8573620854591837,0.9229613086681391,0.7226613965744401
174482,3,GE_MAP,1.0,0.10022965104575846,0.635124362244898,0.39435763704263876,0.08829241571634878
303713,62,GE_MAP,0.0,0.017665296166709747,0.5988520408163265,0.020551712626562375,0.020725892770263696
303713,1,GE_MAP,1.0,0.8596497641725263,0.4094985650510204,0.8552259528292485,0.3321687778929811
243344,17,GE_MAP,1.0,0.6025863398563891,0.9219148596938775,0.952107372931446,0.4227199057020775
243344,82,GE_MAP,1.0,0.6640643940164042,0.7942841198979592,0.7757566805477746,0.5155127904247829
113403,65,GE_MAP,1.0,0.9635153106146382,0.4016063456632653,0.9602205240742849,0.3952181444627966
113403,88,GE_MAP,1.0,0.791672086984034,0.8923987563775511,0.903997443088308,0.7276670870113493
476258,41,GE_MAP,1.0,0.34166853582880957,0.8251753826530612,0.8321530758728437,0.22061306086183918
476258,1,GE_MAP,1.0,0.29183005477699137,0.6741071428571429,0.2933677424444449,0.27039086203819385
492992,21,GE_MAP,1.0,0.8194181320522947,0.815070950255102,0.8651678320900148,0.6015544486430779
492992,16,GE_MAP,1.0,0.45500928890047976,0.8912228954081632,0.8895595185729834,0.24414900983243318
214720,63,GE_MAP,1.0,0.4146597996493928,0.7730986926020408,0.7517322218365964,0.3929942418426104
214720,64,GE_MAP,0.0,0.2055969053590739,0.771843112244898,0.31069207839991037,0.1417004048582996
465129,1,GE_MAP,1.0,0.31916243641739594,0.6334502551020408,0.350520720679801,0.19340408736075781
465129,79,GE_MAP,0.0,0.0322083987575713,0.6544961734693877,0.04330428494282005,0.044111160123511246
528705,88,GE_MAP,1.0,0.633523637491167,0.8189373405612245,0.769060429980769,0.5108227439155718
528705,1,GE_MAP,0.0,0.007478813303872375,0.5907007334183674,0.013648928914422605,0.002961452568210506
132544,1,GE_MAP,1.0,0.33265593113103276,0.6181042729591837,0.3129619304948444,0.19188596491228072
132544,28,GE_MAP,0.0,0.43511720225403433,0.8234414859693877,0.6831010148600973,0.24126413155190132
356094,1,GE_MAP,0.0,0.4032163871966031,0.5965401785714286,0.40372440760561157,0.2329203137433216
356094,39,GE_MAP,1.0,0.12214415511199107,0.7080078125,0.6273315184044324,0.03990825688073395
7816,1,GE_MAP,0.0,0.2897349655019344,0.7468311543367347,0.3226344630019447,0.19335788671577342
7816,4,GE_MAP,1.0,0.6005972518578755,0.8839285714285714,0.7988245802375658,0.5576148879605013
197388,35,GE_MAP,1.0,0.0318407841929494,0.6211933992346939,0.20340082193686077,0.024231223368756095
197388,1,GE_MAP,1.0,0.08058327404181478,0.5406768176020408,0.11835794181334389,0.04744781979747882
457848,4,GE_MAP,1.0,0.8719482877665755,0.6206752232142857,0.8835318161156127,0.44835082024230477
457848,1,GE_MAP,0.0,0.028438232705518488,0.6100924744897959,0.041085355234700166,0.026569807941088666
212226,8,GE_MAP,1.0,0.7296807307866116,0.5343789859693877,0.7134148039679666,0.31275187527577586
212226,1,GE_MAP,1.0,0.4274397200121632,0.7853356186224489,0.6758359278421421,0.31971199393671446
111086,9,GE_MAP,1.0,0.8063641803951647,0.8042291135204082,0.8593166543846282,0.5789360881306528
111086,3,GE_MAP,1.0,0.5941694817447902,0.8204320790816326,0.801798925457774,0.5459584761136868
384527,84,GE_MAP,0.0,0.045793499360523224,0.6516661352040817,0.04766321202694565,0.03871961280387196
384527,62,GE_MAP,1.0,0.6377526875469878,0.8505660076530612,0.8203545119781331,0.5824004455583403
61108,18,GE_MAP,1.0,0.43400445477463545,0.8430923150510204,0.642478979714074,0.18279011833091136
61108,2,GE_MAP,1.0,0.6861541676112397,0.8333466198979592,0.7611057784291936,0.5378067654211807
245026,61,GE_MAP,1.0,0.5270297547807575,0.8347616390306123,0.7619169322063278,0.4799924736578023
245026,1,GE_MAP,1.0,0.5323013214168972,0.8111049107142857,0.6781738951755469,0.48221797323135757
310980,76,GE_MAP,1.0,0.2840546141797793,0.6696428571428571,0.7821751559071971,0.17916212736456374
310980,73,GE_MAP,1.0,0.972712458673229,0.6255181760204082,0.9696126468094617,0.4971229760471029
135561,80,GE_MAP,0.0,0.05819610700228577,0.6250597895408163,0.24596706776961552,0.03602172576347612
135561,82,GE_MAP,1.0,0.2022228460353359,0.6676299426020408,0.25429002072986995,0.2314392368311904
547144,73,GE_MAP,1.0,0.13015989310262505,0.6971859056122449,0.4849661651980279,0.09752910430030887
547144,76,GE_MAP,1.0,0.21454640401631678,0.7161591198979592,0.5882728608761219,0.1390920631082633
579321,18,GE_MAP,1.0,0.7921096313177547,0.839225924744898,0.8217219483256547,0.5503845725114257
579321,1,GE_MAP,0.0,0.03632980949339207,0.606086575255102,0.08293564346343951,0.02688198513120969
395388,1,GE_MAP,0.0,0.4753776848378044,0.7746930803571429,0.48392214671795886,0.41190240857306354
395388,20,GE_MAP,1.0,0.35092531936584914,0.8192362882653061,0.8857823179868595,0.1258673862760216
243204,54,GE_MAP,1.0,0.26872144063827774,0.8248764349489796,0.8024886688790899,0.07417553471710041
243204,50,GE_MAP,1.0,0.17602065365915914,0.6951132015306123,0.5729731331348558,0.10180836073273837
580410,84,GE_MAP,0.0,0.10337618270011509,0.7529296875,0.322730310203462,0.06310459492140266
580410,31,GE_MAP,0.0,0.2367100023732327,0.7844387755102041,0.5238441451467188,0.13305546649567168
89648,62,GE_MAP,1.0,0.4654273156366947,0.7077287946428571,0.5551274868851128,0.3618919154120616
89648,1,GE_MAP,1.0,0.501159367971417,0.630241549744898,0.4452300410665947,0.24501505656384798
375493,17,GE_MAP,1.0,0.13801153762280266,0.7230747767857143,0.7652798056100392,0.04488589496838053
375493,11,GE_MAP,1.0,0.2320945411350963,0.7575733418367347,0.6421365353884446,0.09365919082035616
3553,41,GE_MAP,1.0,0.24900396516939938,0.7992267219387755,0.5049731782797983,0.24078679629210942
3553,1,GE_MAP,1.0,0.6050409282163697,0.8347616390306123,0.7411220658552452,0.6146230361624988
356612,6,GE_MAP,0.0,0.035476491183705,0.7183514030612245,0.04231113683338254,0.0441017316017316
356612,8,GE_MAP,1.0,0.5158645495364946,0.7983896683673469,0.693259317898376,0.36928736205499096
307172,59,GE_MAP,1.0,0.7973225849255156,0.6248804209183674,0.8006876942489082,0.367752771246221
307172,1,GE_MAP,0.0,0.20259812991324794,0.6182836415816326,0.20537123469846613,0.17988353172903998
465806,47,GE_MAP,1.0,0.4616566523796156,0.8549705038265306,0.7980709554353974,0.2856581918130951
465806,51,GE_MAP,0.0,0.22553404238860844,0.7524314413265306,0.3335495390261742,0.1787650403279122
184324,1,GE_MAP,0.0,0.23874588907863054,0.6705795599489796,0.24264704833727185,0.21057407584296495
184324,3,GE_MAP,1.0,0.23494980300323334,0.8522799744897959,0.5526622468372449,0.08221892025755324
513524,42,GE_MAP,0.0,0.19206871580037368,0.7354910714285714,0.6000520503084664,0.10668371811267416
513524,1,GE_MAP,0.0,0.23075985046378666,0.7086654974489796,0.25522472102210214,0.20657837603126358
579158,33,GE_MAP,0.0,0.006370689543737698,0.6461654974489796,0.012759117468456581,0.006046355391333557
579158,5,GE_MAP,1.0,0.8090466563059879,0.8715720663265306,0.8796102386013792,0.6973084691624782
2149,53,GE_MAP,0.0,0.2062451873738113,0.5745575573979592,0.21907097733374287,0.17836111004195374
2149,51,GE_MAP,1.0,0.8338969981374749,0.4672154017857143,0.8210490624212641,0.338946587537092
196843,6,GE_MAP,1.0,0.8638487384243326,0.6912468112244898,0.8753662622349758,0.48507611513660837
196843,2,GE_MAP,1.0,0.34211495320466123,0.7811503507653061,0.7990050569486729,0.18101133651551313
300233,50,GE_MAP,0.0,0.1172438126279762,0.6379145408163265,0.20688944757740893,0.10423035203628833
300233,51,GE_MAP,0.0,0.2871463545410935,0.7199657206632653,0.3370682900996853,0.2980466603387121
378515,1,GE_MAP,0.0,0.3003911029763797,0.6940569196428571,0.2897404066494903,0.21929512281950872
378515,2,GE_MAP,1.0,0.09141487669507249,0.7172751913265306,0.29309753803542243,0.04638343640763646
493286,5,GE_MAP,1.0,0.7364496681404579,0.8798828125,0.8212995826492854,0.6356546971345666
493286,3,GE_MAP,1.0,0.9033446762122753,0.8719308035714286,0.9309319861760631,0.6904176904176904
472298,1,GE_MAP,1.0,0.21614805643990584,0.7612005739795918,0.4364716623893828,0.10748603351955308
472298,9,GE_MAP,1.0,0.45968168151284905,0.7926299426020408,0.7399869103473744,0.28762152540052033
10363,3,GE_MAP,1.0,0.8972709109101293,0.8331473214285714,0.9427155734727493,0.6904075142371127
10363,17,GE_MAP,1.0,0.6874665523465143,0.9357262436224489,0.9291040664402379,0.6659761781460383
211120,8,GE_MAP,0.0,0.726824976823813,0.9128069196428571,0.876554485777478,0.6863574449781347
211120,88,GE_MAP,1.0,0.7439390848035455,0.8290617028061225,0.7662216221475677,0.5442372070779531
296634,56,GE_MAP,1.0,0.17741389656892823,0.6499920280612245,0.30215576126173754,0.13235512079442716
296634,51,GE_MAP,1.0,0.8868860111524487,0.564811862244898,0.9020037069592426,0.45817721644624204
283268,58,GE_MAP,1.0,0.5988716981943302,0.8654137436224489,0.7792930522908849,0.5408933306139099
283268,1,GE_MAP,0.0,0.2897648280155013,0.6101522640306123,0.2903434242039883,0.25952984820380814
9772,72,GE_MAP,1.0,0.12082750599366723,0.7219786352040817,0.3267479357786649,0.06588991562876657
9772,1,GE_MAP,0.0,0.029362521648504628,0.6637834821428571,0.03939901391911356,0.023557330555073218
189806,17,GE_MAP,1.0,0.29732245987263334,0.8205317283163265,0.8786203464108526,0.15469820707781845
189806,18,GE_MAP,1.0,0.42863888037877385,0.8411391900510204,0.7922571413433153,0.2853044024029409
180383,72,GE_MAP,1.0,0.45061600975218447,0.8657724808673469,0.478046705460697,0.3753478018920423
180383,21,GE_MAP,1.0,0.6391304866900744,0.7657645089285714,0.6926658130184529,0.43708989894152017
505789,1,GE_MAP,1.0,0.12381704590629423,0.6375757334183674,0.13572343705177944,0.08424816194984389
505789,64,GE_MAP,0.0,0.16964242979757135,0.7755102040816326,0.36628711168236433,0.06878306878306878
127530,1,GE_MAP,1.0,0.5238631145094591,0.6804249043367347,0.5302984396312009,0.35392239816269794
127530,43,GE_MAP,1.0,0.15944960940952352,0.7307477678571429,0.5302033453677664,0.0568935427574171
476415,1,GE_MAP,1.0,0.7626641250401582,0.3445671237244898,0.7824552126131417,0.2748180815876516
476415,32,GE_MAP,1.0,0.3888921251438017,0.7255261479591837,0.6523200896092272,0.24989106753812637
513283,49,GE_MAP,0.0,0.03140897569174077,0.6525430484693877,0.048487464204544334,0.030205262279579464
513283,44,GE_MAP,1.0,0.1965633249035476,0.7229950573979592,0.4260244298686738,0.12683754240482473
236784,18,GE_MAP,1.0,0.6585403261929489,0.8408801020408163,0.6152475042043293,0.4097730464995934
236784,63,GE_MAP,1.0,0.8301331816790258,0.8454041772959183,0.9122166113815103,0.7135947422832669
306700,59,GE_MAP,1.0,0.8854359023363414,0.9644252232142857,0.978848573623048,0.8842112091333679
306700,1,GE_MAP,1.0,0.5881644709782904,0.7366669323979592,0.6931849348359583,0.3843250547504776
162415,40,GE_MAP,1.0,0.709554146590109,0.9119897959183674,0.9620912583065123,0.5236245954692557
162415,1,GE_MAP,1.0,0.588127345842476,0.43203922193877553,0.4925080780777221,0.1680144804834613
74209,67,GE_MAP,0.0,0.3219434522539527,0.5954639668367347,0.3243869787582928,0.2612999490501492
74209,82,GE_MAP,0.0,0.018289224027333947,0.6205556441326531,0.020412055407145923,0.023891309920533198
347335,67,GE_MAP,1.0,0.9941227770787918,0.4188655931122449,0.9938675649168092,0.41797241461905427
347335,47,GE_MAP,1.0,0.259947153581769,0.7083864795918368,0.7493413107589484,0.13665329242388483
172330,3,GE_MAP,1.0,0.885634215124369,0.7626554528061225,0.921492660362094,0.6042338240669968
172330,17,GE_MAP,1.0,0.5597942010154655,0.9399912308673469,0.9448854959799173,0.4129459933710275
466125,1,GE_MAP,1.0,0.5977965478640006,0.6128627232142857,0.6172588168114025,0.334327130667215
466125,84,GE_MAP,0.0,0.03840823967062828,0.6542370854591837,0.10153022624421339,0.027195245037568688
294162,73,GE_MAP,1.0,0.8413113654897797,0.8036511479591837,0.8808811090365256,0.6359874376501016
294162,74,GE_MAP,1.0,0.4223716040353564,0.795280612244898,0.9587656361101073,0.17268041237113402
79229,18,GE_MAP,1.0,0.34065846520256626,0.8961057079081632,0.8973968501527745,0.11479028697571744
79229,19,GE_MAP,1.0,0.5322109475447937,0.8866788903061225,0.8268651058465651,0.4381422924901186
213224,86,GE_MAP,0.0,0.19022582348897102,0.6382134885204082,0.2524349852631158,0.23087026523176002
213224,62,GE_MAP,0.0,0.19449541695991182,0.6867227359693877,0.4899729932797344,0.10422840209710509
563349,1,GE_MAP,0.0,0.07064585848973433,0.6238440688775511,0.07150756404821906,0.06262726595480507
563349,36,GE_MAP,0.0,0.0644990520572239,0.7030851403061225,0.09270151559071228,0.059113300492610835
363461,72,GE_MAP,1.0,0.14710693785567316,0.6428770727040817,0.4133049287924627,0.12807162668483285
363461,73,GE_MAP,0.0,0.18190010812482313,0.6958107461734694,0.24928671604309738,0.15007239113487025
64868,18,GE_MAP,1.0,0.2869551415625332,0.734733737244898,0.7421839578199934,0.16336664780941607
64868,79,GE_MAP,1.0,0.6736885396223814,0.8456831951530612,0.8414214735265547,0.5862455915357486
239773,39,GE_MAP,1.0,0.12308458207482477,0.6862444196428571,0.67793188661308,0.04927833806389275
239773,40,GE_MAP,0.0,0.07353663347769526,0.6530612244897959,0.3568566398602974,0.04114568989259157
393226,8,GE_MAP,1.0,0.7279512840662345,0.9053132971938775,0.8277866556482122,0.6486726318124676
393226,3,GE_MAP,0.0,0.03968198269068875,0.7382214604591837,0.05561199358460169,0.030770365997638726
34139,33,GE_MAP,1.0,0.8435028667105406,0.8191964285714286,0.8706220047177915,0.5802720458961784
34139,1,GE_MAP,0.0,0.2250438531600252,0.6708785076530612,0.3784969065791848,0.1923904538341158
116439,9,GE_MAP,1.0,0.46604186124607183,0.8172034438775511,0.7767476366753702,0.41419173532605225
116439,62,GE_MAP,1.0,0.036911819086087004,0.6740872130102041,0.12307871254845203,0.022242152466367713
121591,41,GE_MAP,0.0,0.0031736988895624844,0.6488958864795918,0.006327410739487106,0.002943007527307714
121591,1,GE_MAP,0.0,0.03851921566507074,0.6781728316326531,0.052330951069874454,0.03983826852182186
156372,9,GE_MAP,1.0,0.43106449244874073,0.5786033163265306,0.4289474226085909,0.2551257662227859
156372,62,GE_MAP,1.0,0.5520891511485979,0.8513233418367347,0.8321161697312618,0.3852999340804219
260105,47,GE_MAP,1.0,0.14520951311527622,0.7244300063775511,0.49873288207892585,0.06857527787133715
260105,48,GE_MAP,0.0,0.14008834778868667,0.7086854272959183,0.7746364752417689,0.04532688916465286
44195,1,GE_MAP,0.0,0.20813390249414568,0.6081792091836735,0.22121803131943596,0.1357102035433244
44195,36,GE_MAP,1.0,0.15429587358428182,0.7217992665816326,0.3273543148789113,0.10017404757300329
280930,79,GE_MAP,1.0,0.4610975970648605,0.7782206632653061,0.6429960848074309,0.26059800664451827
280930,1,GE_MAP,1.0,0.4376342716130777,0.6515066964285714,0.45836319955902377,0.32355899419729206
224675,38,GE_MAP,0.0,0.17562739189964155,0.7206234056122449,0.2740986302574485,0.16100071821881734
224675,31,GE_MAP,1.0,0.2276772078705611,0.7370854591836735,0.5601062653145371,0.17250031363693388
402346,51,GE_MAP,1.0,0.7042029874670088,0.7593869579081632,0.6151795079915547,0.37985411958085064
402346,86,GE_MAP,0.0,0.009438502488504332,0.5526147959183674,0.009559103283201965,0.009836354814520753
66817,50,GE_MAP,0.0,0.032108635047531316,0.6484972895408163,0.056494824121925004,0.028853036727052476
66817,67,GE_MAP,0.0,0.16626829161331225,0.47654257015306123,0.1712028815028737,0.11011350160935118
536073,44,GE_MAP,1.0,0.5095788600444586,0.8786870216836735,0.7159247583379255,0.3855239248940036
536073,47,GE_MAP,1.0,0.48628258359697757,0.8331074617346939,0.8412207025650904,0.2951771736385826
483999,67,GE_MAP,1.0,0.6118394522447547,0.842155612244898,0.7479489636064754,0.5884003741814781
483999,1,GE_MAP,1.0,0.5870117475513218,0.6902303890306123,0.5841480879431967,0.3680422850172799
405432,75,GE_MAP,1.0,0.27677636441980863,0.7755699936224489,0.9682334380881756,0.0438142141462172
405432,60,GE_MAP,0.0,0.13478211612784993,0.6419403698979592,0.1451223153065971,0.14317054559328501
133645,9,GE_MAP,1.0,0.40611372752009034,0.778938137755102,0.6418788799075517,0.22859725989289936
133645,15,GE_MAP,1.0,0.3184622303854307,0.8195750956632653,0.8433570149181938,0.10825453112687156
291634,4,GE_MAP,1.0,0.4953615147928789,0.7596061862244898,0.532383724268014,0.4716832377031229
291634,2,GE_MAP,1.0,0.42574776790478963,0.7686941964285714,0.5728330235434893,0.42536020201019953
189775,62,GE_MAP,0.0,0.061451279821742685,0.6778140943877551,0.14459112604923224,0.04144678327898014
189775,1,GE_MAP,1.0,0.47648972669997824,0.6681481186224489,0.4729539970973978,0.3231575952197065
249129,62,GE_MAP,0.0,0.3109217032806053,0.79296875,0.4539542348668662,0.26591760299625467
249129,67,GE_MAP,1.0,0.21474447542726005,0.7801339285714286,0.524584823868335,0.15086206896551724
481582,19,GE_MAP,1.0,0.6647469369259567,0.8818160076530612,0.8168452921053404,0.6127220480668757
481582,1,GE_MAP,1.0,0.34722572439669336,0.6606146364795918,0.34596814659033986,0.2666236003445306
372260,3,GE_MAP,1.0,0.7304251151495763,0.9355668048469388,0.9257556486498815,0.6255935147654893
372260,85,GE_MAP,1.0,0.37906576139217474,0.7744738520408163,0.986607269721766,0.08298217179902755
199551,1,GE_MAP,0.0,0.23000995947530992,0.7212213010204082,0.2901167341198691,0.21278631324216332
199551,65,GE_MAP,1.0,0.7869905628796595,0.7674784757653061,0.8384685838934647,0.5466132980997164
71877,1,GE_MAP,1.0,0.29652862029428245,0.7413703762755102,0.5012540877992988,0.2765637194782027
71877,41,GE_MAP,1.0,0.11705695806800655,0.7749123086734694,0.5713113420034638,0.04579249746535992
500478,62,GE_MAP,0.0,0.055848356496602095,0.6631855867346939,0.0803092831590512,0.05943900267141585
500478,1,GE_MAP,1.0,0.6497744281206007,0.705695950255102,0.6831271492169497,0.4501210202941724
350148,67,GE_MAP,0.0,0.5464058242236511,0.7085060586734694,0.5609381859401198,0.42942966372786145
350148,3,GE_MAP,0.0,0.12007267692779029,0.7837611607142857,0.1613076647758734,0.1346997368211181
226130,67,GE_MAP,0.0,0.9836955553946201,0.32284359056122447,0.9844702176690033,0.3188661467834733
226130,58,GE_MAP,1.0,0.9250819995975572,0.6838727678571429,0.9210806721626996,0.533895565807646
125778,62,GE_MAP,1.0,0.19572479564287315,0.6789899553571429,0.2910820992492579,0.21167776037588096
125778,63,GE_MAP,1.0,0.3775294959395571,0.7550223214285714,0.5833043035918499,0.37559687087270144
403565,1,GE_MAP,1.0,0.1985107270758737,0.7474689094387755,0.2777886631346085,0.16561306466482287
403565,27,GE_MAP,0.0,0.04574377184508326,0.7406329719387755,0.06039314932983623,0.04287710524380378
84241,1,GE_MAP,1.0,0.529094201958359,0.6102917729591837,0.4530779234744622,0.23006654329251486
84241,79,GE_MAP,0.0,0.0490166139640778,0.6093351403061225,0.07334880360498137,0.03099510603588907
112298,44,GE_MAP,1.0,0.24138552275028166,0.7925502232142857,0.5299830455122145,0.11307089297886844
112298,1,GE_MAP,1.0,0.4179145902435387,0.8116230867346939,0.5131067215785183,0.3736664236962428
231822,67,GE_MAP,1.0,0.9824073759975771,0.4633091517857143,0.9811603866721437,0.4482101510153064
231822,56,GE_MAP,1.0,0.19099080630157833,0.7787786989795918,0.5006123860880324,0.10850534093647096
436617,46,GE_MAP,0.0,0.11171952635555958,0.7391581632653061,0.2440142806884839,0.09475722783234196
436617,31,GE_MAP,0.0,0.028463222746750404,0.6205755739795918,0.029539429387210915,0.02996025680220116
434479,62,GE_MAP,1.0,0.08496554561139134,0.6531808035714286,0.1298737308201089,0.07559096945551129
434479,59,GE_MAP,1.0,0.7252262754357167,0.8393056441326531,0.8395853249806838,0.660662430032406
16228,1,GE_MAP,0.0,0.033893341959931385,0.7308673469387755,0.05341001842135623,0.03328799484572983
16228,28,GE_MAP,1.0,0.2507481758744462,0.7697704081632653,0.8137173713538642,0.07391374058040724
210388,1,GE_MAP,1.0,0.28766398412868566,0.7483458227040817,0.33503405247470086,0.26114686951433586
210388,33,GE_MAP,1.0,0.2315743555898854,0.8145727040816326,0.6085375731371996,0.08434209231374865
10707,27,GE_MAP,1.0,0.09018792249708402,0.7042211415816326,0.386660998594857,0.030380243041944335
10707,67,GE_MAP,1.0,0.25550149519320753,0.7209223533163265,0.5917695962924024,0.19305019305019305
88462,6,GE_MAP,1.0,0.810420419291926,0.9250837053571429,0.9276855491097448,0.6933681376947549
88462,3,GE_MAP,1.0,0.23423850291397558,0.7986088966836735,0.7600498014869392,0.08955761780340571
451714,1,GE_MAP,1.0,0.44303852375049324,0.8119618941326531,0.44914187505410325,0.4113793748830245
451714,35,GE_MAP,0.0,0.11825842373987352,0.6899115114795918,0.3438647606119622,0.07568466702310937
347930,63,GE_MAP,1.0,0.6913422654164877,0.5646324936224489,0.7004049735656169,0.41303705295966897
347930,18,GE_MAP,1.0,0.6495265974792871,0.913444674744898,0.7930379539307787,0.6155956806514428
341921,15,GE_MAP,1.0,0.4047522124306387,0.7944634885204082,0.8489555302565319,0.30119257351944706
341921,1,GE_MAP,0.0,0.22970765922527223,0.7902981505102041,0.4091287920587849,0.12911769574573745
182611,61,GE_MAP,0.0,0.11788831317475258,0.6776546556122449,0.24957315260591273,0.09848949333927874
182611,67,GE_MAP,0.0,0.6701332047108001,0.8086535395408163,0.7839163035806319,0.6061451368092874
284725,3,GE_MAP,1.0,0.45212117708293387,0.8027543048469388,0.8193053051371806,0.28536356415625674
284725,6,GE_MAP,1.0,0.7861117835975,0.8923788265306123,0.8544266973487392,0.6573821458029313
25603,59,GE_MAP,1.0,0.3146196962947239,0.8252351721938775,0.6805872246635205,0.17156353330184224
25603,62,GE_MAP,0.0,0.3496764131598738,0.7529296875,0.5043514837582667,0.3108183233266622
449312,3,GE_MAP,0.0,0.10308903710476322,0.6867426658163265,0.16481778115919607,0.08307082020767705
449312,1,GE_MAP,0.0,0.5508026702736106,0.7347735969387755,0.5615265703695779,0.34346324617661567
179112,1,GE_MAP,1.0,0.8168078774094524,0.7153220663265306,0.8305134112827284,0.532055692055692
179112,77,GE_MAP,1.0,0.28290748081282313,0.8613879145408163,0.5131820054527887,0.18147581499352713
153529,33,GE_MAP,1.0,0.32634707768066396,0.7727598852040817,0.7492406443059954,0.29781992856263084
153529,1,GE_MAP,1.0,0.6091480342736204,0.6896125637755102,0.5371024514634464,0.2919299840872926
375278,33,GE_MAP,1.0,0.7529433077266415,0.7985889668367347,0.8202496426382041,0.5354844640558927
375278,17,GE_MAP,1.0,0.7905276477177189,0.9126275510204082,0.8680222989374977,0.7122982018637617
246963,1,GE_MAP,0.0,0.01733380735409232,0.6039740114795918,0.04837682582584263,0.014188619338195168
246963,4,GE_MAP,1.0,0.3682083143511243,0.8353595344387755,0.6654710096128919,0.31828684601419377
259640,1,GE_MAP,0.0,0.19722226184300226,0.6862643494897959,0.2096002881451399,0.18485915492957747
259640,8,GE_MAP,1.0,0.4514750727677459,0.6839325573979592,0.4877672847014836,0.3585584856819285
177861,1,GE_MAP,1.0,0.4707656596568187,0.7930883290816326,0.5116163114371495,0.2448905374936359
177861,28,GE_MAP,1.0,0.2607184340531689,0.7966358418367347,0.6499697366806789,0.13016793112266645
528399,51,GE_MAP,1.0,0.43355590647395786,0.7323022959183674,0.547509660069311,0.336035590706871
528399,67,GE_MAP,0.0,0.07908423955682359,0.6099728954081632,0.08489940117766547,0.09615739885460928
554328,1,GE_MAP,1.0,0.6920174107068681,0.5467753507653061,0.6116955206780338,0.27056068770849373
554328,40,GE_MAP,1.0,0.19896589374648033,0.7415098852040817,0.40013126862183324,0.13028900958894923
97337,63,GE_MAP,0.0,0.2174230695478355,0.6218909438775511,0.23262273375207496,0.21310659477395272
97337,1,GE_MAP,0.0,0.013319362043611204,0.6274314413265306,0.023196960264567225,0.012049466229785435
512564,6,GE_MAP,1.0,0.32866496450680566,0.8523995535714286,0.7089897473563179,0.13481308411214954
512564,8,GE_MAP,0.0,0.18225930425572395,0.8312141262755102,0.3164424183500733,0.08601338225771639
292082,1,GE_MAP,1.0,0.4366565957636725,0.6769770408163265,0.3777364360695725,0.21209469641728648
292082,62,GE_MAP,1.0,0.13995363424412832,0.6098931760204082,0.23392257630505958,0.08907297096053611
535094,21,GE_MAP,1.0,0.7483829058417838,0.8588568239795918,0.8834258360427576,0.6460061981405578
535094,1,GE_MAP,0.0,0.00295919922101238,0.5586734693877551,0.040667045685037026,0.0
323799,1,GE_MAP,0.0,0.5320965614829768,0.5963010204081632,0.526020714696171,0.2935267857142857
323799,34,GE_MAP,1.0,0.2155756689755701,0.7955197704081632,0.4060904693172653,0.07459186434563002
290163,1,GE_MAP,1.0,0.47592022711309107,0.5133729272959183,0.46452439795536876,0.21825574694243452
290163,51,GE_MAP,0.0,0.13903927900894894,0.7605030293367347,0.16141710638670093,0.13052601114246437
288430,1,GE_MAP,0.0,0.0792544804039229,0.7041812818877551,0.09609238919527259,0.0696377084116836
288430,38,GE_MAP,0.0,0.1783577849991093,0.841438137755102,0.3829634946465008,0.11452420701168614
21503,76,GE_MAP,1.0,0.09544645946506952,0.6543566645408163,0.3662202964669388,0.06993081997104092
21503,54,GE_MAP,1.0,0.7988788186924068,0.6087771045918368,0.7945445931774188,0.38854971343134814
256407,85,GE_MAP,1.0,0.5993123768517518,0.8005221619897959,0.6781480019943742,0.522585261149535
256407,47,GE_MAP,1.0,0.29889747268740235,0.787468112244898,0.6064492818334025,0.21159248854058849
14226,73,GE_MAP,1.0,0.4887664456664166,0.85546875,0.9132605120535461,0.31797235023041476
14226,62,GE_MAP,0.0,0.2130236581848212,0.7037627551020408,0.2661251361238801,0.22952519178934272
187243,1,GE_MAP,0.0,0.3483440802187884,0.7031847895408163,0.36627053694671025,0.30575237740070854
187243,70,GE_MAP,1.0,0.4847345485251349,0.8249162946428571,0.731564774150991,0.3509899527186761
311180,87,GE_MAP,1.0,0.49489207453515105,0.9174904336734694,0.757961358067686,0.5575032064985036
311180,1,GE_MAP,0.0,0.6377980846044319,0.7208027742346939,0.7132767828031579,0.5264830150414062
450303,67,GE_MAP,1.0,0.35141242451268934,0.7597456951530612,0.5406547428234232,0.2959761723996963
450303,62,GE_MAP,0.0,0.07802153996592612,0.6896524234693877,0.25659218850444665,0.058866191224465125
365886,1,GE_MAP,1.0,0.9304697126039639,0.5183155293367347,0.9164176631079363,0.40261505759058774
365886,77,GE_MAP,1.0,0.7155058783039724,0.9286910076530612,0.8958981305838455,0.627563235141043
498807,1,GE_MAP,0.0,0.31632811176490583,0.7308872767857143,0.3558625867759404,0.3016291698991466
498807,42,GE_MAP,1.0,0.3000009636168166,0.7780612244897959,0.7357422551931369,0.1838170624450308
173004,49,GE_MAP,0.0,0.04497631615240864,0.6768176020408163,0.06598810917606031,0.043303834808259584
173004,62,GE_MAP,0.0,0.07700080387160667,0.6294443558673469,0.25978579512550176,0.05585741126288529
185950,1,GE_MAP,0.0,0.46809389023419407,0.7834422831632653,0.6016361156740114,0.34922441157094086
185950,41,GE_MAP,1.0,0.06138196033830591,0.6161511479591837,0.90216054954196,0.027174462066875443
511999,7,GE_MAP,1.0,0.7873909364117552,0.8433115433673469,0.8607189084639862,0.6250476917207173
511999,1,GE_MAP,0.0,0.2512915739390331,0.7692522321428571,0.3748144618307227,0.15569167942827974
80153,18,GE_MAP,1.0,0.422273740703243,0.8573222257653061,0.9084622272128051,0.22303017147818538
80153,1,GE_MAP,1.0,0.29012093839854347,0.7570352359693877,0.5238470923149349,0.2655581661545876
364126,1,GE_MAP,0.0,0.120794914979954,0.7502192283163265,0.1384399983180207,0.12582827648741018
364126,42,GE_MAP,1.0,0.1273574688084003,0.7192482461734694,0.7210227695537053,0.06280353935200586
354072,81,GE_MAP,1.0,0.2564644266025903,0.7687141262755102,0.8711694792101825,0.14675391515329755
354072,64,GE_MAP,1.0,0.46189941936175444,0.8285435267857143,0.6866636114746061,0.4388493901245842
276018,88,GE_MAP,1.0,0.3424064876748059,0.8589564732142857,0.8597959028137918,0.20812353138637127
276018,1,GE_MAP,1.0,0.8010459525871052,0.4021843112244898,0.7862733783148919,0.2925805386538371
56288,72,GE_MAP,1.0,0.34819045812918936,0.6824178890306123,0.5047933492950164,0.27863286555002265
56288,76,GE_MAP,1.0,0.07892121000202279,0.6381337691326531,0.5047918838428703,0.03987097456506795
564091,1,GE_MAP,0.0,0.6659575232201674,0.7821468431122449,0.6450003334180241,0.4891578652210487
564091,31,GE_MAP,0.0,0.10386184107393748,0.6476203762755102,0.23317929332559534,0.08992176240477662
6763,32,GE_MAP,0.0,0.2409507832341027,0.8216079400510204,0.46192519933900905,0.17235321312991217
6763,1,GE_MAP,1.0,0.9161374011546505,0.6923230229591837,0.9061223388897572,0.497493652756982
186873,9,GE_MAP,1.0,0.3272015866680607,0.8291812818877551,0.7365813485738938,0.19882220975883344
186873,1,GE_MAP,0.0,0.01798234987023711,0.7114357461734694,0.017902049494102693,0.020630411255411256
380913,1,GE_MAP,1.0,0.535772586285731,0.5767697704081632,0.5020453690695547,0.26480872425134155
380913,31,GE_MAP,1.0,0.25446636291377317,0.7479870854591837,0.6641649701140808,0.1228496115427303
128372,6,GE_MAP,1.0,0.7634760421251903,0.8227439413265306,0.838244961378328,0.5921680117388114
128372,1,GE_MAP,1.0,0.4007499938356039,0.8293407206632653,0.6806537950898017,0.23496828374877154
356424,44,GE_MAP,1.0,0.17472473196317048,0.7154017857142857,0.8366097627163116,0.0535524920466596
356424,47,GE_MAP,1.0,0.17903559443611647,0.6818997130102041,0.3247197755791381,0.13546744664716714
61584,19,GE_MAP,1.0,0.3153739418756054,0.8090122767857143,0.719173072803684,0.11522481765303295
61584,1,GE_MAP,1.0,0.14862191241657713,0.6902104591836735,0.311754341447206,0.09769547802867591
250137,28,GE_MAP,1.0,0.5358132723932595,0.8260722257653061,0.893301753492184,0.3702554481166113
250137,31,GE_MAP,1.0,0.4273657550644529,0.7993463010204082,0.6855733381554131,0.30146395615069727
184611,1,GE_MAP,0.0,0.1579281354354587,0.6403260522959183,0.17802077156754195,0.1525240666823198
184611,2,GE_MAP,1.0,0.6855010675495016,0.8231624681122449,0.7370436297708065,0.5180598555211559
4134,32,GE_MAP,1.0,0.1114419544552182,0.6936583227040817,0.4906158047229059,0.06684069936862555
4134,1,GE_MAP,1.0,0.8198359465808787,0.5726642219387755,0.7929983684640625,0.37576057527147805
213605,6,GE_MAP,1.0,0.757831678067493,0.9080237563775511,0.8776271754784741,0.6895391860073999
213605,3,GE_MAP,1.0,0.29098769900756377,0.7776426977040817,0.6582310332181098,0.19152173913043477
375430,51,GE_MAP,0.0,0.024467337208068634,0.6645009566326531,0.025598428385083197,0.030020167098818783
375430,67,GE_MAP,1.0,0.44643252371059733,0.5079520089285714,0.4533733933175207,0.2752597898197616
419408,15,GE_MAP,1.0,0.21223971583797885,0.7245695153061225,0.8494473733245532,0.09767563332462784
419408,1,GE_MAP,0.0,0.2158021616615334,0.7499800701530612,0.25534416523548153,0.14885677454372753
7281,1,GE_MAP,1.0,0.16127460787710932,0.7163384885204082,0.21029639799380753,0.08545910171560753
7281,19,GE_MAP,1.0,0.5550585249622462,0.8973612882653061,0.8401197405188477,0.402690790999768
367095,1,GE_MAP,1.0,0.43739377151885644,0.7962771045918368,0.5829295698958347,0.4362764021397452
367095,72,GE_MAP,0.0,0.0927662864697575,0.6516063456632653,0.1355670644661467,0.0772763262074426
434297,57,GE_MAP,1.0,0.3852921596309037,0.8126594387755102,0.8156864293914129,0.2274819197896121
434297,54,GE_MAP,1.0,0.5696495615024497,0.7878268494897959,0.714970417251363,0.48594881699662
400573,60,GE_MAP,1.0,0.591907204272713,0.9129264987244898,0.9722806470415699,0.45482904916396305
400573,1,GE_MAP,1.0,0.8866163095119982,0.6499123086734694,0.9001577088516189,0.5230259585098295
368900,72,GE_MAP,1.0,0.3996804540474774,0.7869300063775511,0.7921635240959437,0.19099508134695423
368900,82,GE_MAP,0.0,0.0188458476976554,0.6299625318877551,0.021791642325594232,0.02345763425024983
434204,15,GE_MAP,1.0,0.03055795628197493,0.6109494579081632,0.09623314458718209,0.02473021582733813
434204,1,GE_MAP,1.0,0.30722857448693974,0.6513472576530612,0.29061962619850606,0.1991026873597949
213593,3,GE_MAP,1.0,0.24956819293165894,0.822624362244898,0.5905272232506893,0.22182390487015827
213593,13,GE_MAP,1.0,0.46998581033357456,0.8554288903061225,0.7934146295352589,0.3305029995385325
60449,73,GE_MAP,1.0,0.655650281772555,0.9122488839285714,0.9775718649096169,0.4371004858092559
60449,62,GE_MAP,0.0,0.08563805213580013,0.7409319196428571,0.11535877281558246,0.06923958184161536
119677,61,GE_MAP,1.0,0.37735761969046444,0.7363879145408163,0.790929312159996,0.3031819618586029
119677,48,GE_MAP,1.0,0.25313149091942305,0.7766262755102041,0.691165487900743,0.09802028005794303
16451,42,GE_MAP,1.0,0.3863360877524739,0.7947624362244898,0.8444678206546069,0.16310442909386427
16451,62,GE_MAP,1.0,0.11756430517378023,0.7522321428571429,0.24203343690734724,0.0769916103645408
578545,62,GE_MAP,0.0,0.1595539810280686,0.7130301339285714,0.2860842207980671,0.1047068333022446
578545,1,GE_MAP,1.0,0.4884262404085635,0.8293606505102041,0.5261924593414857,0.4084156705589719
496954,55,GE_MAP,1.0,0.465557153882371,0.8795041454081632,0.9447903563939307,0.19429637526652452
496954,48,GE_MAP,0.0,0.11216730025322241,0.6833545918367347,0.3839279952004746,0.08156540840511012
397133,67,GE_MAP,1.0,0.3439487089788545,0.6708585778061225,0.45397860939484086,0.3296667613751674
397133,1,GE_MAP,0.0,0.20399654338699816,0.7130102040816326,0.2271423475927481,0.19219118142039718
121586,84,GE_MAP,1.0,0.45302947039137514,0.8251155931122449,0.6139097113088892,0.3068172841456671
121586,72,GE_MAP,1.0,0.5000036264848902,0.8337850765306123,0.6911848806075849,0.3396151714308338
27768,1,GE_MAP,0.0,0.0047950752572375665,0.7151426977040817,0.01491119347896493,0.0060500695410292075
27768,6,GE_MAP,1.0,0.9350844207105574,0.7951211734693877,0.9425978739847857,0.6418991883512732
492905,76,GE_MAP,1.0,0.06105951500732575,0.6568478954081632,0.4338011752063343,0.03648573027420257
492905,72,GE_MAP,0.0,0.10471428681462616,0.6626275510204082,0.11786772390579472,0.10881811002895499
178028,81,GE_MAP,1.0,0.19984792952056413,0.6837930484693877,0.4836415593215914,0.18760880696364568
178028,47,GE_MAP,0.0,0.11855325495252099,0.696906887755102,0.6463799336361625,0.044483538577532046
521717,62,GE_MAP,1.0,0.04571539945711068,0.6949338329081632,0.14100943802220167,0.030834494111687982
521717,1,GE_MAP,0.0,0.19347801301322057,0.7108777104591837,0.19813452553354907,0.13843686898681554
11511,15,GE_MAP,0.0,0.23690494595335757,0.6887555803571429,0.3601164656530362,0.24650197819164335
11511,31,GE_MAP,1.0,0.3560295332841479,0.75,0.6526114213538674,0.17037037037037037
572462,27,GE_MAP,0.0,0.06872123271564182,0.6632055165816326,0.09086791000388633,0.0558162923231646
572462,15,GE_MAP,0.0,0.013601420852546578,0.6745455994897959,0.014702192165905483,0.01406749984906116
414510,3,GE_MAP,1.0,0.3009074672072678,0.7101403061224489,0.7403056861580515,0.1909212283044059
414510,8,GE_MAP,1.0,0.5152739578168403,0.7847775829081632,0.6711026959205304,0.33663001412863197
60823,1,GE_MAP,0.0,0.06801180467844369,0.6821189413265306,0.06584135421004118,0.06697864872769815
60823,21,GE_MAP,1.0,0.7477536617308906,0.9091198979591837,0.8364629292879171,0.5833333333333334
424162,18,GE_MAP,1.0,0.58600340419461,0.9182676977040817,0.9072477148032397,0.4020122484689414
424162,1,GE_MAP,0.0,0.1992787444443962,0.6909478635204082,0.19043219222579102,0.1584174535981765
555597,14,GE_MAP,0.0,0.01455218554682452,0.6352240114795918,0.014908121523561878,0.017235824742268042
555597,8,GE_MAP,1.0,0.1226654064923294,0.7411312181122449,0.1668836252530792,0.10085836909871244
193245,1,GE_MAP,1.0,0.20894535697646904,0.6880779655612245,0.2092782783586276,0.15257999891710433
193245,38,GE_MAP,0.0,0.1086757530320719,0.8033920599489796,0.33971713738180315,0.07379588771007417
457078,72,GE_MAP,1.0,0.2873482094647813,0.7391780931122449,0.6762374214261365,0.12502507187270173
457078,1,GE_MAP,0.0,0.08054776405402149,0.6402861926020408,0.11322649077663798,0.07155349794238683
154718,1,GE_MAP,0.0,0.24224275675371912,0.7441605548469388,0.2995710931073828,0.3221207160585098
154718,70,GE_MAP,1.0,0.5739811862602598,0.7284159757653061,0.6515387961974869,0.40417996589567573
263068,1,GE_MAP,0.0,0.1673304725547781,0.7574736926020408,0.1844359507385311,0.10771374101774454
263068,41,GE_MAP,0.0,0.03380720244461378,0.591179049744898,0.12768644121485384,0.02407345734811361
214224,44,GE_MAP,1.0,0.2819450092555182,0.7105389030612245,0.60629314001845,0.2173303874548688
214224,84,GE_MAP,0.0,0.05852314551070462,0.6565489477040817,0.10024129132742071,0.06030863187741971
567825,54,GE_MAP,1.0,0.7390567831232432,0.8410196109693877,0.9002989696260953,0.6561786129908194
567825,46,GE_MAP,1.0,0.5926235425974529,0.9066685267857143,0.8150899731334608,0.5513508334930063
546976,4,GE_MAP,1.0,0.5673302187362201,0.841438137755102,0.6707238672348219,0.5074294205052006
546976,1,GE_MAP,1.0,0.7142511020632627,0.8360570790816326,0.8196116590143459,0.5911124366239189
107851,1,GE_MAP,0.0,0.1869775584582174,0.7974330357142857,0.2681239598042576,0.07826244672168314
107851,22,GE_MAP,1.0,0.5959154236935331,0.9079041772959183,0.767950830342584,0.3327075812274368
499768,11,GE_MAP,1.0,0.31030254273397473,0.8069794323979592,0.4963013345363204,0.20327410332346166
499768,3,GE_MAP,1.0,0.28656491692713537,0.7388592155612245,0.9233226692593325,0.09177237124835379
368684,73,GE_MAP,1.0,0.6857270179415439,0.9125079719387755,0.8756989531553813,0.593819393042191
368684,65,GE_MAP,1.0,0.4844307924777603,0.8235212053571429,0.7694614709211244,0.3700647364302483
456292,17,GE_MAP,1.0,0.3196901767750407,0.7891222895408163,0.7238650984729416,0.17772769661175009
456292,44,GE_MAP,1.0,0.10660177175733418,0.7107182716836735,0.6853745582564664,0.032268817921194744
333745,6,GE_MAP,1.0,0.7599513661227155,0.6647999043367347,0.7279296772593444,0.379830383480826
333745,1,GE_MAP,0.0,0.2774696904302572,0.6856863839285714,0.2827171903954204,0.2278958190541467
34257,56,GE_MAP,1.0,0.35751636338657267,0.7372847576530612,0.6501362837906659,0.3182311869666408
34257,57,GE_MAP,1.0,0.6582102333857367,0.8780492665816326,0.862912686005629,0.5997252567541048
100428,32,GE_MAP,0.0,0.09875956025152083,0.7322225765306123,0.23874859079719188,0.06707401749756978
100428,1,GE_MAP,1.0,0.6339701107846049,0.6258370535714286,0.5883107974565487,0.3004694835680751
26926,11,GE_MAP,1.0,0.8225586746357797,0.8969826211734694,0.9299084079245404,0.7610705371175003
26926,3,GE_MAP,1.0,0.20033041833538853,0.7208625637755102,0.6500083799266715,0.10177643814532161
91654,50,GE_MAP,1.0,0.13083055193404478,0.5996293048469388,0.29493896080369475,0.09095434182542196
91654,67,GE_MAP,0.0,0.10570670106764386,0.6528818558673469,0.11994542078129244,0.12428980843682437
199771,47,GE_MAP,1.0,0.4208513072289799,0.8078962053571429,0.8744099613777653,0.23838495575221239
199771,51,GE_MAP,1.0,0.254471728668288,0.7669802295918368,0.7201674096258296,0.14557147033031279
329542,61,GE_MAP,1.0,0.4912068696748551,0.7998046875,0.8247047070418171,0.34543203440635994
329542,47,GE_MAP,0.0,0.0025093011468618988,0.6518056441326531,0.014391802362540784,0.001999314520735748
413689,28,GE_MAP,0.0,0.3066799489388169,0.7977718431122449,0.7764434844595359,0.1107703093506266
413689,1,GE_MAP,0.0,0.15555044521333508,0.6611926020408163,0.2722897298597625,0.12699635392594874
98853,62,GE_MAP,1.0,0.15111762833318243,0.740852200255102,0.44471300322199186,0.08410227512854829
98853,43,GE_MAP,0.0,0.0078140237233863,0.6049505739795918,0.010278245603835522,0.005119453924914676
405249,67,GE_MAP,1.0,0.7496311649611197,0.8457429846938775,0.8508547392118607,0.6444975197501378
405249,1,GE_MAP,1.0,0.8318479682095413,0.5983936543367347,0.7713760548330727,0.3945012019230769
223182,62,GE_MAP,0.0,0.05624424836967142,0.6592793367346939,0.12160889504279325,0.044489157165213504
223182,43,GE_MAP,1.0,0.173567609580279,0.7025868941326531,0.43815845794722563,0.08660790794466887
351530,62,GE_MAP,1.0,0.6859491841879964,0.8555484693877551,0.7989916328127994,0.6052932527364809
351530,15,GE_MAP,0.0,0.15355992963651555,0.7033641581632653,0.17818097749342832,0.18403596294062827
443969,28,GE_MAP,1.0,0.4945561231586559,0.8760363520408163,0.9678622998512778,0.30696378830083565
443969,1,GE_MAP,1.0,0.41944705646983,0.7107780612244898,0.35825272622406495,0.22295994859713
181542,1,GE_MAP,1.0,0.4011763275134028,0.7270208864795918,0.3584635756011769,0.2502189621195533
181542,8,GE_MAP,1.0,0.34812809762499225,0.791015625,0.7153461616763921,0.16085147247119078
359833,1,GE_MAP,1.0,0.5513506887403109,0.7829838966836735,0.6053323701269008,0.37670291929021177
359833,53,GE_MAP,0.0,0.7374848795827673,0.8404815051020408,0.7932027154830562,0.6067410209797082
23034,1,GE_MAP,0.0,0.47382142813109546,0.7620176977040817,0.4039733415291821,0.2480005038100636
23034,19,GE_MAP,1.0,0.539914336108804,0.9376793686224489,0.8457335507246362,0.3855374336804873
36936,72,GE_MAP,1.0,0.21921328161956127,0.7228156887755102,0.48562280583909206,0.10009705596894208
36936,63,GE_MAP,1.0,0.2800798468625037,0.7150629783163265,0.49430154395925374,0.22273567467652494
184384,67,GE_MAP,0.0,0.08580492877659265,0.5759725765306123,0.13921618142879166,0.08768920715235196
184384,1,GE_MAP,0.0,0.06746652062940192,0.6059470663265306,0.19616921627406622,0.03832684824902724
520832,28,GE_MAP,0.0,0.06017559766987875,0.646125637755102,0.07141092960392692,0.05230572160546541
520832,31,GE_MAP,0.0,0.042388858460215874,0.6772759885204082,0.05693834321916898,0.03864877701258609
289059,43,GE_MAP,1.0,0.21826222331774023,0.7081473214285714,0.49953497225848875,0.18901257130198815
289059,1,GE_MAP,1.0,0.8407328172417023,0.7380022321428571,0.7864919262409458,0.5009490547414774
315492,1,GE_MAP,1.0,0.2312967600513459,0.7119738520408163,0.46351153395581535,0.17009302859768002
315492,70,GE_MAP,1.0,0.2094706809528097,0.7465919961734694,0.4885754999417267,0.14186407504893028
394275,1,GE_MAP,0.0,0.006775601024895333,0.6821588010204082,0.027152343215431404,0.0075917859365276915
394275,6,GE_MAP,1.0,0.8945867110360178,0.7243901466836735,0.9152942453689994,0.5887530853183454
415716,63,GE_MAP,0.0,0.07853630035179751,0.6613919005102041,0.09492146219388585,0.07808345542351729
415716,62,GE_MAP,1.0,0.30567349140478145,0.7280373086734694,0.6577065594258473,0.26547529335773495
455267,57,GE_MAP,1.0,0.09135968791245469,0.7030851403061225,0.42241596563358264,0.04481631082900558
455267,79,GE_MAP,1.0,0.8950489347731804,0.5421715561224489,0.9175851573296905,0.45624541387554146
194875,4,GE_MAP,1.0,0.8213381282497011,0.8759167729591837,0.8974149821218582,0.6817949504242052
194875,1,GE_MAP,1.0,0.25720582564369066,0.6745057397959183,0.24316881305476606,0.11685502622613962
381360,42,GE_MAP,1.0,0.09589971538820945,0.6906289859693877,0.589406779192981,0.04825260576333538
381360,1,GE_MAP,1.0,0.27613056694837507,0.7892817283163265,0.485684954171583,0.19950030284675954
10583,67,GE_MAP,0.0,0.849499652596985,0.37131297831632654,0.8529149305637949,0.35349332896112146
10583,54,GE_MAP,1.0,0.5158876517589092,0.7569953762755102,0.5818646300801563,0.43678691856436785
329456,31,GE_MAP,0.0,0.040299844347593046,0.6953722895408163,0.07240353594164986,0.026990896938060983
329456,1,GE_MAP,0.0,0.6464983834238176,0.5338408801020408,0.6443138751092045,0.3360018168398342
335529,15,GE_MAP,1.0,0.7983267008320739,0.9394132653061225,0.958179899883441,0.7116570236175661
335529,9,GE_MAP,1.0,0.10944127162076257,0.6766780931122449,0.2827571375354798,0.0553744031675789
451084,1,GE_MAP,1.0,0.4626465570407388,0.8393853635204082,0.6022916058289971,0.3680207026348808
451084,41,GE_MAP,1.0,0.18191969148614082,0.6994379783163265,0.8568516930225663,0.07130980971734713
458702,14,GE_MAP,1.0,0.19958093475907865,0.7419084821428571,0.33598659820996596,0.19540229885057472
458702,3,GE_MAP,1.0,0.2319118775376851,0.7465122767857143,0.844065743361192,0.09985845718329794
499622,1,GE_MAP,1.0,0.08232013589917653,0.7173349808673469,0.07620711310258388,0.05320427236315087
499622,4,GE_MAP,1.0,0.5761121180760453,0.7804328762755102,0.6234950838650672,0.4563264903276747
458109,1,GE_MAP,0.0,0.01253322957020738,0.6920440051020408,0.013236952669815694,0.012399335293365716
458109,7,GE_MAP,1.0,0.6095343000381833,0.5939692283163265,0.5985032785137747,0.3199479270979371
192191,59,GE_MAP,0.0,0.49707512212837063,0.8926179846938775,0.7966050734242157,0.44188937228091985
192191,79,GE_MAP,1.0,0.9113764632488249,0.6819196428571429,0.9437196864192696,0.5666576160738528
78565,1,GE_MAP,0.0,0.028541036603878574,0.6768574617346939,0.027661018724170934,0.023782286712023603
78565,9,GE_MAP,1.0,0.35958295804174134,0.8722895408163265,0.6783730743400839,0.22608695652173913
118515,15,GE_MAP,1.0,0.7945143219369993,0.9344905931122449,0.9522180767492737,0.7202315090646012
118515,17,GE_MAP,1.0,0.6548929993423367,0.9072265625,0.8840589331522324,0.5593525179856115
511076,15,GE_MAP,0.0,0.1458737785276238,0.7287946428571429,0.2936316223468842,0.10207852193995381
511076,31,GE_MAP,0.0,0.0530385678064711,0.6685467155612245,0.09240552100862644,0.04677021837565198
452084,67,GE_MAP,0.0,0.38120229717732607,0.6580835459183674,0.3903616590194835,0.33694055808920154
452084,58,GE_MAP,0.0,0.1105861227786321,0.7592673788265306,0.18430199649184298,0.092895764493842
447465,36,GE_MAP,0.0,0.026968463967700505,0.6231066645408163,0.02929144587214658,0.027011730808808396
447465,1,GE_MAP,1.0,0.3227928590590944,0.5982342155612245,0.3264047275499419,0.21339940689870454
26204,8,GE_MAP,1.0,0.20248617509011024,0.7786192602040817,0.46789931525726514,0.12652355115200126
26204,6,GE_MAP,0.0,0.43931763222493103,0.8761559311224489,0.6528669361874934,0.32072584171403584
353970,17,GE_MAP,1.0,0.8847538478006622,0.8605907206632653,0.947715703219559,0.6939400568803326
353970,62,GE_MAP,1.0,0.7296539187352409,0.6585020727040817,0.7501562933492117,0.4203511383241433
248631,73,GE_MAP,1.0,0.7408649024622476,0.7924904336734694,0.7902435175660716,0.5780515480628952
248631,74,GE_MAP,1.0,0.3883802012050128,0.8316924426020408,0.9684115888542143,0.18602409638554218
349594,1,GE_MAP,1.0,0.8820415644491278,0.6884964923469388,0.9022229706984185,0.5293161080495077
349594,60,GE_MAP,1.0,0.3780489580971335,0.8956273915816326,0.7130582727376436,0.21153267088226438
252219,1,GE_MAP,0.0,0.10398829714578905,0.6126833545918368,0.16743918840741323,0.08343158986935811
252219,10,GE_MAP,0.0,0.08128665880990105,0.6583027742346939,0.41125762680153033,0.04908485856905158
132329,82,GE_MAP,1.0,0.9808183783169026,0.4520687181122449,0.9827566649218333,0.42582962638097027
132329,44,GE_MAP,1.0,0.38886763938902386,0.7573142538265306,0.6891295769172027,0.28992944194996795
435003,72,GE_MAP,1.0,0.46280927257316024,0.8013592155612245,0.6126898379979251,0.4047064444842621
435003,62,GE_MAP,0.0,0.33819798306332965,0.7236527423469388,0.5155009067358628,0.26440318302387267
163290,24,GE_MAP,1.0,0.566143833134632,0.8919403698979592,0.9052151767077973,0.4071725344412858
163290,25,GE_MAP,1.0,0.11736573087836538,0.7570750956632653,0.23926346197733495,0.10996714129244249
239347,1,GE_MAP,0.0,0.10362236857676813,0.6320551658163265,0.106554388774066,0.09215184893784421
239347,65,GE_MAP,1.0,0.6300802746192163,0.8122608418367347,0.7150448194626217,0.5150079802296247
9590,1,GE_MAP,0.0,0.13423581670915263,0.5215441645408163,0.1502512313411364,0.08043819665223886
9590,51,GE_MAP,1.0,0.13795886886847844,0.7327606823979592,0.4087501682576604,0.06079708622259578
162581,43,GE_MAP,1.0,0.16771596313624007,0.7267617984693877,0.8712471546696644,0.0445993031358885
162581,1,GE_MAP,1.0,0.2804569926675032,0.7255660076530612,0.31986374997023226,0.21354731852190303
490125,16,GE_MAP,1.0,0.30501921124020476,0.7759685905612245,0.609786799866794,0.21331093848414864
490125,8,GE_MAP,1.0,0.7470724812179628,0.9402503188775511,0.9509866361369106,0.6637882695973982
313562,1,GE_MAP,1.0,0.7021912826825065,0.731804049744898,0.6814093795814414,0.42959477789081046
313562,57,GE_MAP,1.0,0.5379705604909594,0.8728874362244898,0.8379296917265827,0.28385358185492926
402720,1,GE_MAP,1.0,0.6536305346475602,0.7566764987244898,0.5617226078719102,0.3392325593981707
402720,44,GE_MAP,1.0,0.13948167283026605,0.7467713647959183,0.37178633766237296,0.04623930340789671
261888,2,GE_MAP,1.0,0.45596662422071454,0.8564054528061225,0.7230376303070922,0.3474913964861438
261888,1,GE_MAP,0.0,0.04716969946695961,0.6186423788265306,0.04756156077803143,0.05211274582652202
229849,1,GE_MAP,1.0,0.6329433291746607,0.5561623086734694,0.6156635225561987,0.3168082952418934
229849,43,GE_MAP,0.0,0.0023804021114510756,0.7016701211734694,0.011629857349721185,0.0
475064,60,GE_MAP,1.0,0.5835666674639594,0.8930365114795918,0.9460389464086777,0.3170886881282606
475064,1,GE_MAP,0.0,0.19566137979851916,0.7197664221938775,0.25533520373259777,0.16263696998570748
181859,81,GE_MAP,0.0,0.15127706581355227,0.6015425701530612,0.1623818724985201,0.12560682265471243
181859,17,GE_MAP,1.0,0.7256168677294232,0.9249441964285714,0.867368238979916,0.726248455331831
461009,53,GE_MAP,1.0,0.48314481109296253,0.8813376913265306,0.9494280471740341,0.1806797853309481
461009,62,GE_MAP,0.0,0.10512519661307139,0.6495934311224489,0.1358215265970742,0.10199703764237193
507975,1,GE_MAP,1.0,0.18387530584983952,0.7173748405612245,0.15408443711685002,0.094502266777345
507975,19,GE_MAP,1.0,0.777897585105825,0.8215880102040817,0.8046263934487373,0.5898093841642229
187144,1,GE_MAP,1.0,0.13471536105725207,0.708366549744898,0.4386907445897854,0.07280446077810164
187144,6,GE_MAP,1.0,0.8193477671022767,0.9020647321428571,0.8906133489478466,0.7015668650552654
152686,43,GE_MAP,1.0,0.15744674102615022,0.7214405293367347,0.9113155087559622,0.04319550930996714
152686,1,GE_MAP,0.0,0.23138452228847436,0.6550342793367347,0.23032751163889928,0.19780321638782036
115870,1,GE_MAP,1.0,0.33670589227167724,0.658203125,0.35708313413174886,0.24981409387165915
115870,63,GE_MAP,1.0,0.5510247837218636,0.8336455676020408,0.8026785039540428,0.5881888598352163
32610,73,GE_MAP,1.0,0.6373016620541506,0.7184709821428571,0.7427116976722254,0.4938368926472696
32610,27,GE_MAP,1.0,0.6010936464224713,0.8681242028061225,0.9101173877821773,0.6125651384741495
530061,67,GE_MAP,1.0,0.3578048978821253,0.7525310905612245,0.46799356836528455,0.35429017160686427
530061,51,GE_MAP,1.0,0.6275745552780873,0.871711575255102,0.9113181591033694,0.5203785112882796
321214,1,GE_MAP,1.0,0.7457419226686426,0.7404934630102041,0.7716645342001567,0.5373600994848108
321214,62,GE_MAP,0.0,0.047256337141282564,0.6017219387755102,0.04842616975258629,0.04946727549467275
291490,65,GE_MAP,1.0,0.8895803817524786,0.7587691326530612,0.9398222060814392,0.6447835656639765
291490,17,GE_MAP,1.0,0.6999041307814591,0.9069674744897959,0.8785250231656904,0.6184404119666503
21465,62,GE_MAP,1.0,0.2552745343311055,0.7186702806122449,0.7576373559524964,0.18920160827110855
21465,86,GE_MAP,1.0,0.2091598286349758,0.7592873086734694,0.5793175089055679,0.12044858724147975
316666,44,GE_MAP,0.0,0.08026606549946692,0.7560786033163265,0.16406383464794638,0.04479825177554047
316666,67,GE_MAP,0.0,0.08108073940397441,0.6313376913265306,0.13274820040332475,0.09060518165281943
49269,19,GE_MAP,1.0,0.7621656817185705,0.8535355548469388,0.8497359515290651,0.6153564325342824
49269,18,GE_MAP,1.0,0.782042804642628,0.9273955676020408,0.901702419377717,0.731895790403297
89556,11,GE_MAP,1.0,0.1488501780515741,0.6728117028061225,0.6067028052355098,0.055462861745584256
89556,3,GE_MAP,0.0,0.4422354592303253,0.775031887755102,0.5171016564481596,0.40903617611643367
179898,84,GE_MAP,0.0,0.03527624488109256,0.69921875,0.055331285356601465,0.03013945119208277
179898,67,GE_MAP,0.0,0.10463650187786379,0.6877590880102041,0.4773984460151315,0.05415358609031635
491497,62,GE_MAP,0.0,0.3104322544909377,0.6933394451530612,0.536916208010835,0.28315863032844163
491497,84,GE_MAP,1.0,0.3296652462944844,0.8417171556122449,0.7013155856626826,0.2313201703445606
261161,18,GE_MAP,1.0,0.8592810740997933,0.9241669323979592,0.9288806231390048,0.7636058648111332
261161,15,GE_MAP,1.0,0.6102418067560795,0.8524792729591837,0.7750065207678993,0.4621812104918986
492110,77,GE_MAP,0.0,0.1075868286408637,0.7372050382653061,0.2665379910935282,0.04386919005148285
492110,1,GE_MAP,0.0,0.7456569927002415,0.8207310267857143,0.754187568737879,0.5763270689086712
281687,31,GE_MAP,0.0,0.38276530588820284,0.7610212053571429,0.5692853404965447,0.2947300317609693
281687,1,GE_MAP,1.0,0.49129127290968816,0.6554328762755102,0.44210152278020104,0.27326607818411097
498463,78,GE_MAP,0.0,0.01679455923462666,0.5808155293367347,0.017278771723481086,0.017241379310344827
498463,82,GE_MAP,1.0,0.6824430400994413,0.6697425063775511,0.7446012642505125,0.48429962966420814
187236,63,GE_MAP,1.0,0.5073714004718082,0.6115672831632653,0.49567099115158153,0.3735536127539213
187236,17,GE_MAP,1.0,0.7671668157125502,0.8072385204081632,0.817589091910951,0.5652252090263418
470952,1,GE_MAP,1.0,0.6798609285416551,0.6575454400510204,0.6451000562605883,0.4062543192812716
470952,35,GE_MAP,0.0,0.044560895007012075,0.6683474170918368,0.1212403619154067,0.03653311718388143
167159,65,GE_MAP,1.0,0.9561389247225176,0.37741151147959184,0.9562596666865081,0.36065573770491804
167159,84,GE_MAP,1.0,0.6177286519257699,0.9090003188775511,0.7267651066818666,0.4883460331689825
133244,1,GE_MAP,0.0,0.4015415332020059,0.6591796875,0.3946087543178705,0.2849257787999164
133244,62,GE_MAP,0.0,0.28475516030968195,0.7793566645408163,0.2833588884233067,0.1462831585441086
540414,28,GE_MAP,0.0,0.15896226295659138,0.7340760522959183,0.3503451889678641,0.10033038904996291
540414,1,GE_MAP,0.0,0.21408563682152684,0.6759008290816326,0.19971629581109163,0.16442297811119103
572555,10,GE_MAP,1.0,0.031851837346920736,0.7625757334183674,0.0528398562811673,0.023924621056943877
572555,7,GE_MAP,1.0,0.741430604609824,0.7483258928571429,0.7911752282744671,0.5149978876214618
463802,88,GE_MAP,1.0,0.7740267763126365,0.8410794005102041,0.7980313113294565,0.5794081966348437
463802,43,GE_MAP,1.0,0.5645407625500752,0.8115433673469388,0.7018283003042171,0.39177976458480734
3501,51,GE_MAP,1.0,0.874832603680774,0.6338089923469388,0.9056665508793862,0.5114986839656501
3501,56,GE_MAP,1.0,0.5114069320496769,0.9052734375,0.9180783747771727,0.4645110410094637
348708,67,GE_MAP,1.0,0.9922749253009054,0.4520687181122449,0.992351557764416,0.446843185384894
348708,51,GE_MAP,1.0,0.8132893074508478,0.7155412946428571,0.8380069134465183,0.5159069325735992
332901,20,GE_MAP,1.0,0.8020627774231743,0.8373126594387755,0.8161224716679185,0.5582314103257928
332901,1,GE_MAP,1.0,0.12211682027958996,0.7921316964285714,0.1703104635452346,0.05302342473215907
409358,70,GE_MAP,1.0,0.12665639584073007,0.7270806760204082,0.18908575422212237,0.12915739268680446
409358,81,GE_MAP,1.0,0.17536586135424076,0.7675183354591837,0.5808177757751201,0.11333231985405899
46497,1,GE_MAP,1.0,0.402214251926936,0.5943478954081632,0.3982388768435061,0.20610031983774085
46497,9,GE_MAP,1.0,0.3639818748747618,0.7338568239795918,0.5905010566606568,0.27071159412375073
131138,76,GE_MAP,1.0,0.12115811245697242,0.6585419323979592,0.5983148473738037,0.07768087855297158
131138,72,GE_MAP,0.0,0.18546117392981934,0.6893734056122449,0.22029369752546457,0.17808363655539736
476215,19,GE_MAP,1.0,0.5298838985410534,0.8612085459183674,0.7048840071051341,0.31362113148038634
476215,1,GE_MAP,0.0,0.1001186081700808,0.7480668048469388,0.2672935512789166,0.05410056869200838
280891,44,GE_MAP,1.0,0.08007175053490122,0.6989198022959183,0.32951295184348267,0.04009403990341848
280891,55,GE_MAP,1.0,0.5492290015495778,0.8565848214285714,0.787851030662336,0.4892106757524134
532855,1,GE_MAP,0.0,0.2462032038699013,0.7055763711734694,0.3155428260711189,0.24264328924433506
532855,41,GE_MAP,0.0,0.04112737355171402,0.7169363839285714,0.04976127069202076,0.045240656090346866
296231,84,GE_MAP,1.0,0.28633812721037,0.8043088329081632,0.6227642038582328,0.09368654236662359
296231,72,GE_MAP,1.0,0.46433901307821707,0.8472576530612245,0.694016513544634,0.41294523171198777
463522,19,GE_MAP,1.0,0.7220905782882927,0.9134247448979592,0.8773168748324608,0.6933719206606903
463522,1,GE_MAP,0.0,0.017525083634487636,0.6897520727040817,0.018596181833243866,0.018907165815844205
115946,3,GE_MAP,1.0,0.15764533050173632,0.7577726403061225,0.7237540614068861,0.07292143401983218
115946,10,GE_MAP,1.0,0.13814094703264868,0.7547632334183674,0.72852433783167,0.05317020621729763
427256,1,GE_MAP,1.0,0.5118032410144497,0.5708904655612245,0.5346204874845112,0.27663363010246933
427256,40,GE_MAP,0.0,0.04451495243669591,0.6742267219387755,0.12576925876259498,0.02985340376283459
12748,19,GE_MAP,1.0,0.8441722201635138,0.9412268813775511,0.9404009561712839,0.8157450796626055
12748,1,GE_MAP,1.0,0.22331442473019564,0.4706234056122449,0.2907030150965261,0.13484463552863005
100283,3,GE_MAP,1.0,0.11997137611882683,0.6896324936224489,0.4817731921881739,0.05141012365231163
100283,13,GE_MAP,1.0,0.665862378803184,0.9085419323979592,0.8994492300903117,0.7171474358974359
67213,1,GE_MAP,0.0,0.0175035518074136,0.6984215561224489,0.024982209356906454,0.020645912885897354
67213,3,GE_MAP,0.0,0.4768299497368203,0.8516422193877551,0.627660289462529,0.4659971305595409
223955,1,GE_MAP,1.0,0.4108001146501247,0.7554209183673469,0.40223618696305724,0.32826098855985547
223955,34,GE_MAP,1.0,0.16726490382865403,0.7627551020408163,0.7613235786516865,0.042162858062439655
332318,8,GE_MAP,1.0,0.39374247933550083,0.8830915178571429,0.8117686138677738,0.14026088230983438
332318,21,GE_MAP,1.0,0.13800896283008632,0.7782007334183674,0.40375585871839353,0.06171486383947391
473219,84,GE_MAP,1.0,0.36295359855510867,0.8597735969387755,0.666068854278452,0.10981781376518218
473219,62,GE_MAP,0.0,0.12255215302950585,0.6263552295918368,0.12429082639816823,0.11703480431403947
334483,1,GE_MAP,1.0,0.676276730168956,0.6013432716836735,0.6467316043560323,0.3301968925796946
334483,61,GE_MAP,0.0,0.2687471030084046,0.7746532206632653,0.38690964672071426,0.236168344254543
303566,53,GE_MAP,0.0,0.5658034215646132,0.8376913265306123,0.6426302751758255,0.49582120968241195
303566,55,GE_MAP,1.0,0.14980929257153536,0.7012117346938775,0.32788260398720187,0.09909260260801635
530624,65,GE_MAP,1.0,0.8685675218330408,0.5791414221938775,0.8892448885083362,0.457982546201232
530624,18,GE_MAP,1.0,0.7386180023147431,0.9006297831632653,0.863168873259877,0.6379873665868002
382696,82,GE_MAP,0.0,0.15922502135073624,0.7155412946428571,0.16715447817741325,0.153841593549917
382696,79,GE_MAP,1.0,0.2851109276421203,0.7381218112244898,0.4715534862869697,0.21897289586305277
175251,90,GE_MAP,0.0,0.19395719099778713,0.7928491709183674,0.689060701365102,0.048342794360007324
175251,1,GE_MAP,1.0,0.6657553841786203,0.5479312818877551,0.6533208292165064,0.31794810115163724
514508,1,GE_MAP,0.0,0.14246345321941772,0.5763711734693877,0.16767766242322782,0.10008467400508043
514508,72,GE_MAP,1.0,0.5126024204376164,0.5864158163265306,0.5065166362656378,0.29458154871167314
157138,61,GE_MAP,1.0,0.5869865299927786,0.9072265625,0.9413908449414907,0.6550062995627363
157138,48,GE_MAP,1.0,0.17526562567166018,0.6450494260204082,0.7918742823337943,0.11931958660930624
116479,65,GE_MAP,1.0,0.8853152469691575,0.6519252232142857,0.8852064412641532,0.4481483822042467
116479,63,GE_MAP,0.0,0.03896870265437841,0.6838727678571429,0.04924324990172182,0.04238106737503019
283785,84,GE_MAP,0.0,0.10885740029310725,0.8006417410714286,0.18620434031462268,0.06940180481905293
283785,1,GE_MAP,1.0,0.5428706679652555,0.7091836734693877,0.521455443114842,0.3332724115873161
400803,1,GE_MAP,0.0,0.011837974584464157,0.6720543686224489,0.012515625908732016,0.013548348420358491
400803,9,GE_MAP,1.0,0.6699500889899633,0.8283442283163265,0.7843478734159095,0.581974373907979
396200,8,GE_MAP,1.0,0.09983056004047942,0.7336774553571429,0.35656088667043545,0.044339555174140025
396200,1,GE_MAP,1.0,0.09684986513573868,0.6459064094387755,0.113162792185941,0.06450084245998315
398377,63,GE_MAP,1.0,0.15187667499260255,0.6789102359693877,0.38287826518581125,0.09828174847484189
398377,1,GE_MAP,1.0,0.6811998048672621,0.5586136798469388,0.6561069320069377,0.3261630206590197
63740,73,GE_MAP,0.0,0.1667118782982728,0.6458067602040817,0.17547550736840828,0.1536336793980379
63740,76,GE_MAP,1.0,0.32164900424518295,0.7169563137755102,0.7259169599106902,0.2860446410617334
200421,65,GE_MAP,1.0,0.4113742974136923,0.6971859056122449,0.5931511850312599,0.3234482144447413
200421,1,GE_MAP,1.0,0.6972377522873868,0.8420758928571429,0.7944648900862544,0.6141222303384466
79031,1,GE_MAP,0.0,0.2655128954689323,0.6094547193877551,0.25739816640960933,0.17018843955113275
79031,42,GE_MAP,1.0,0.6224750386538828,0.8975805165816326,0.8334497631294253,0.6152291105121294
195165,81,GE_MAP,1.0,0.10054553389890658,0.6559510522959183,0.7388565671662113,0.052056449398715066
195165,44,GE_MAP,1.0,0.19000767941832228,0.7657047193877551,0.486036411340533,0.09888088302928101
441543,1,GE_MAP,1.0,0.1592157122917709,0.5102838010204082,0.18641137542049335,0.09605267998381341
441543,28,GE_MAP,1.0,0.8743850456214527,0.8871173469387755,0.9482854999321293,0.7559041544561282
270474,39,GE_MAP,1.0,0.4102694500031101,0.936164700255102,0.8569285981329248,0.22967772967772968
270474,1,GE_MAP,1.0,0.49005415692757404,0.7882653061224489,0.5867576875503495,0.40717593884269854
571598,32,GE_MAP,1.0,0.17094129388038032,0.7280572385204082,0.5236784425489992,0.10979906054279749
571598,1,GE_MAP,1.0,0.7436628448349557,0.568977200255102,0.7343747011779,0.3638930556781082
31248,84,GE_MAP,0.0,0.34206244221809273,0.8396045918367347,0.5643691963075149,0.2687624931855352
31248,62,GE_MAP,1.0,0.38973021728169643,0.7623565051020408,0.8140544860110529,0.33843763870395027
574702,1,GE_MAP,1.0,0.17576667563582665,0.707649075255102,0.17906923773292902,0.12798715967185828
574702,4,GE_MAP,1.0,0.6116595436904447,0.8470982142857143,0.7555518559490564,0.5396892062158757
185599,55,GE_MAP,1.0,0.7884580545645934,0.6218909438775511,0.7937496374352981,0.4292933850735493
185599,53,GE_MAP,1.0,0.4092060670539851,0.4942602040816326,0.4198088609734008,0.22610551997560233
192699,1,GE_MAP,1.0,0.523501861626312,0.568718112244898,0.48961777329955103,0.2517289073305671
192699,4,GE_MAP,0.0,0.2437222607680771,0.7712452168367347,0.3248738865116055,0.20036226835725232
13201,41,GE_MAP,0.0,0.13747055985612233,0.7160794005102041,0.7799125940644898,0.06669287211740042
13201,1,GE_MAP,1.0,0.5139419721200422,0.7937260841836735,0.5866456021455155,0.38699360341151384
27982,81,GE_MAP,0.0,0.040841821809843096,0.6342673788265306,0.14523933913350415,0.02925306813372831
27982,70,GE_MAP,1.0,0.36108311304663204,0.7038823341836735,0.6772311125140731,0.23722983726063968
489339,42,GE_MAP,1.0,0.6200740352052605,0.6755819515306123,0.6939545209720609,0.4403300670448685
489339,1,GE_MAP,1.0,0.46354480139541815,0.7492028061224489,0.5688486725730086,0.3691914381673267
135872,62,GE_MAP,0.0,0.1854730139573772,0.6846898915816326,0.46069835010606935,0.16845369494376117
135872,76,GE_MAP,1.0,0.038453061954515345,0.6359813456632653,0.1240022571464804,0.02529483963925503
357978,1,GE_MAP,0.0,0.20853169526625367,0.5487484056122449,0.2145656002443898,0.15719337427880142
357978,62,GE_MAP,0.0,0.04682422839006612,0.6469228316326531,0.19910228071370634,0.02931346227603967
366711,55,GE_MAP,1.0,0.7444155157369854,0.8290816326530612,0.8388605250347234,0.5937662829804368
366711,1,GE_MAP,1.0,0.5051230506703194,0.842414700255102,0.5964660497649626,0.34075371018842754
185802,52,GE_MAP,1.0,0.521595884877061,0.8067402742346939,0.7342151436632557,0.34997989006569247
185802,62,GE_MAP,1.0,0.46394045324812827,0.7746332908163265,0.6590212846209628,0.3405260395404444
126592,13,GE_MAP,1.0,0.4132598039351895,0.841796875,0.8287740556373233,0.3361766181635725
126592,3,GE_MAP,1.0,0.28771006497832763,0.7340760522959183,0.5756338921274193,0.2075191542436301
433243,25,GE_MAP,1.0,0.5025599303585104,0.8185586734693877,0.7186892361474218,0.4213436725354351
433243,24,GE_MAP,1.0,0.5518170840739887,0.8352200255102041,0.7117933293100702,0.45407725321888415
173371,59,GE_MAP,0.0,0.5688184141601265,0.8361168686224489,0.7341494337183302,0.5082526013634733
173371,47,GE_MAP,1.0,0.06801523362051537,0.6582429846938775,0.36534403543606153,0.03905855982067806
477288,28,GE_MAP,1.0,0.6239559065244086,0.8973014987244898,0.8322027755645526,0.48247464095611126
477288,1,GE_MAP,1.0,0.45963596837805093,0.38155691964285715,0.5075822298420645,0.1699390113417505
39951,1,GE_MAP,0.0,0.06546596280100245,0.7746532206632653,0.08477459870687198,0.08571197541845234
39951,43,GE_MAP,0.0,0.1410503931646045,0.7359893176020408,0.7300712087198333,0.044434826516626995
6471,1,GE_MAP,1.0,0.4071163824527353,0.646484375,0.39827300495642926,0.2656896837224706
6471,15,GE_MAP,1.0,0.03714949295751732,0.6892139668367347,0.05951902148558701,0.03675335104083019
189078,55,GE_MAP,1.0,0.42306075187576014,0.7408322704081632,0.6083768577624689,0.30693385919096094
189078,53,GE_MAP,0.0,0.19489097777311526,0.7000558035714286,0.2710247869576765,0.20668388593115808
189451,61,GE_MAP,1.0,0.5948072762025989,0.8766741071428571,0.8465139086351772,0.6173396821470534
189451,49,GE_MAP,1.0,0.24114797421002548,0.7937260841836735,0.5466023062076765,0.13714047519799916
172396,59,GE_MAP,1.0,0.7814144214504867,0.9007892219387755,0.8333639534790903,0.7223337795626952
172396,79,GE_MAP,1.0,0.9914790704275996,0.35770089285714285,0.9915321627846805,0.3472281298738126
116208,46,GE_MAP,0.0,0.09969234695415176,0.7256855867346939,0.13845406961374696,0.10687171500875997
116208,47,GE_MAP,1.0,0.07502137619363991,0.6149154974489796,0.2020965602115026,0.04497825227362594
467511,4,GE_MAP,1.0,0.810573735336822,0.8641980229591837,0.9087690330811657,0.6823902302600914
467511,1,GE_MAP,1.0,0.6530196869944728,0.7636120854591837,0.5889151471027749,0.3933612929623568
98839,72,GE_MAP,1.0,0.817436146944064,0.6846301020408163,0.8290859961163994,0.4227345688019845
98839,17,GE_MAP,1.0,0.8088838468048738,0.9622927295918368,0.9640997468960112,0.8570889039957701
209142,56,GE_MAP,1.0,0.40711627621020086,0.7269610969387755,0.6203146741631365,0.3658288200712864
209142,48,GE_MAP,0.0,0.06161761495635107,0.5452008928571429,0.06228661809832963,0.042745081588992824
64898,42,GE_MAP,1.0,0.03370016464210184,0.6705994897959183,0.08023069026034349,0.036099609261095233
64898,1,GE_MAP,0.0,0.03785869648832432,0.7154017857142857,0.03392203088810426,0.03265140224901775
201418,1,GE_MAP,1.0,0.3671158953911453,0.7694515306122449,0.43569507180001366,0.21599457810911554
201418,72,GE_MAP,0.0,0.09749761505449679,0.7050581951530612,0.24737225129834614,0.05672764357192938
73946,42,GE_MAP,1.0,0.6697273229395653,0.8215481505102041,0.7666283984238342,0.5772227206194815
73946,1,GE_MAP,1.0,0.4533179173070712,0.5429886798469388,0.4602931324722305,0.26660696581059906
579970,72,GE_MAP,0.0,0.04280274737626659,0.6893335459183674,0.06438216501914738,0.036171396772398445
579970,63,GE_MAP,1.0,0.14067344994374256,0.6706792091836735,0.4494045325038053,0.10014703479823558
61333,17,GE_MAP,1.0,0.7152875594929136,0.9223134566326531,0.8970139961526213,0.7127063679245284
61333,84,GE_MAP,1.0,0.8590035765815609,0.8607900191326531,0.9188341000289708,0.683593042217793
409198,1,GE_MAP,1.0,0.34012413528328356,0.6841318558673469,0.5243541163095289,0.2659441433930804
409198,34,GE_MAP,1.0,0.1509543503997059,0.7274394132653061,0.7981936690031605,0.04941961493014527
211042,17,GE_MAP,1.0,0.5892498455644245,0.925422512755102,0.9218407422811716,0.5547358400761542
211042,70,GE_MAP,1.0,0.30273966195271595,0.8011798469387755,0.713990605793847,0.21368329786395523
340894,1,GE_MAP,0.0,0.024218893542710538,0.7791772959183674,0.02782828153077349,0.03332751701273774
340894,76,GE_MAP,1.0,0.45084781455175704,0.8185985331632653,0.8283551479672846,0.4534974482137496
502136,64,GE_MAP,1.0,0.37150332470006886,0.8066206951530612,0.8595036100583497,0.16049489531060737
502136,86,GE_MAP,0.0,0.10673509719256564,0.7855747767857143,0.272903203036739,0.04559567107247405
91495,1,GE_MAP,0.0,0.23762011626298218,0.5154854910714286,0.2787151154323285,0.13821339950372208
91495,40,GE_MAP,1.0,0.1051566598108685,0.6547751913265306,0.7727012743592498,0.04403973509933775
12576,47,GE_MAP,1.0,0.43485352618465445,0.8023158482142857,0.5643787844709353,0.28635153608173247
12576,67,GE_MAP,1.0,0.9314013149556664,0.5618622448979592,0.948527171439864,0.49305907854079234
331280,19,GE_MAP,1.0,0.7100268656873178,0.8643973214285714,0.8742048386577383,0.5899969870442905
331280,1,GE_MAP,0.0,0.04142220484507168,0.5237364477040817,0.10846774458878629,0.025328330206378986
140556,11,GE_MAP,1.0,0.3181380516537819,0.7427056760204082,0.6949710896545521,0.210687209586696
140556,1,GE_MAP,0.0,0.6252443866115367,0.5305923150510204,0.5984875118453018,0.28795574097587523
397351,57,GE_MAP,1.0,0.419244668966164,0.7832429846938775,0.5095129749155256,0.33185895073104804
397351,1,GE_MAP,1.0,0.45613507097345524,0.7983298788265306,0.5744989391736908,0.3470349099825773
80932,62,GE_MAP,0.0,0.08919179753143541,0.6260363520408163,0.31954228961388453,0.060343532475336775
80932,48,GE_MAP,0.0,0.018953232997156094,0.6202766262755102,0.021940314179749006,0.022872967844504846
50828,33,GE_MAP,1.0,0.17514419014337984,0.673210299744898,0.7918771936967036,0.041895524132289357
50828,65,GE_MAP,1.0,0.7768505926487981,0.9002909757653061,0.9393057238782468,0.7755596429052084
435205,88,GE_MAP,1.0,0.7046084335479086,0.9570113201530612,0.9573023517168093,0.7646737944577787
435205,1,GE_MAP,1.0,0.6586957949446222,0.45005580357142855,0.6452029148984371,0.3441087685103753
491464,39,GE_MAP,1.0,0.1245493914104256,0.7652264030612245,0.355627482829666,0.0806929920399563
491464,1,GE_MAP,1.0,0.4005596677193963,0.7078085140306123,0.4716287245598384,0.23144265045082826
412894,1,GE_MAP,1.0,0.2340179179878502,0.7437220982142857,0.2097306437012943,0.16293451373519072
412894,10,GE_MAP,1.0,0.32608427006185264,0.7606226084183674,0.7774487661296337,0.13114872685185186
481573,41,GE_MAP,0.0,0.4994996796885349,0.5691167091836735,0.5029572743701503,0.30147652741430003
481573,1,GE_MAP,1.0,0.2922761002892348,0.7289142219387755,0.40332707594177764,0.23858038513210927
58029,70,GE_MAP,0.0,0.04600162588350335,0.6930404974489796,0.06584606493004591,0.061711848918671944
58029,81,GE_MAP,1.0,0.23154359053121004,0.7617386798469388,0.7590575703612222,0.1221822453924664
329614,3,GE_MAP,1.0,0.2453735158056563,0.8493901466836735,0.36401864196230777,0.18925008046346958
329614,6,GE_MAP,1.0,0.6095224198430961,0.9100167410714286,0.9065598646594196,0.34087591240875914
355257,1,GE_MAP,0.0,0.22321110936202407,0.7651666135204082,0.3044597976162147,0.12828290301102316
355257,65,GE_MAP,1.0,0.6092691426379025,0.8458824936224489,0.8339962197364217,0.5333132166566084
308466,70,GE_MAP,0.0,0.10620490443074218,0.7153818558673469,0.1499988385444443,0.12187173338252474
308466,81,GE_MAP,1.0,0.08360294150711536,0.7319435586734694,0.15880182797869613,0.0726696083838941
6614,55,GE_MAP,1.0,0.47230822103248277,0.8083346619897959,0.5662351805028466,0.4315521929306065
6614,53,GE_MAP,1.0,0.5878888770841675,0.7931680484693877,0.6069928623807327,0.4908751962323391
565563,3,GE_MAP,1.0,0.4233034164067676,0.8546715561224489,0.7570927676357374,0.2317741255794353
565563,65,GE_MAP,1.0,0.22389254303024486,0.7657445790816326,0.809781444115674,0.060581841432225066
72281,41,GE_MAP,0.0,0.2672417150556655,0.7691924426020408,0.5972780046463005,0.1547949204495694
72281,1,GE_MAP,1.0,0.5714672754588787,0.8009406887755102,0.730178610976965,0.4716182616515897
187362,42,GE_MAP,1.0,0.20058969591830297,0.8318518813775511,0.7277945892042783,0.07183718371837183
187362,1,GE_MAP,0.0,0.1859577809127143,0.8318518813775511,0.19358664273278808,0.17300529307978826
60347,15,GE_MAP,1.0,0.49115973798794477,0.8676259566326531,0.706514686993643,0.35181028593734753
60347,1,GE_MAP,1.0,0.6422328477188622,0.9067482461734694,0.8359065385006083,0.5922795399093761
489091,81,GE_MAP,0.0,0.09064175269176189,0.651008450255102,0.12916679897749592,0.0888229784576959
489091,70,GE_MAP,1.0,0.15949161421389652,0.7284359056122449,0.5123509815660271,0.11277510092459955
319617,67,GE_MAP,1.0,0.9792468901636263,0.44529257015306123,0.9822110128100714,0.4404302372336148
319617,58,GE_MAP,1.0,0.7992129061263809,0.9344308035714286,0.9642988468277385,0.7069042316258352
488075,62,GE_MAP,0.0,0.2609440510995753,0.7293526785714286,0.5666450478979145,0.2414679104060772
488075,82,GE_MAP,1.0,0.11941150168417242,0.7046795280612245,0.4095273022572557,0.06469734267499842
231879,62,GE_MAP,1.0,0.23257643838223307,0.7372050382653061,0.7086176198601255,0.13687242259605945
231879,1,GE_MAP,1.0,0.8438579254400926,0.41824776785714285,0.8300905148977529,0.2905922667509174
249550,65,GE_MAP,0.0,0.7662004878106154,0.8330476721938775,0.8780089796885554,0.6430306387693356
249550,64,GE_MAP,1.0,0.3496854405889647,0.8222257653061225,0.8318136589737177,0.19523637675929267
376322,46,GE_MAP,1.0,0.08445205379032401,0.6547154017857143,0.1984056914145737,0.056783536585365856
376322,44,GE_MAP,0.0,0.12111889380255988,0.7706473214285714,0.221936922255401,0.06385747986659074
290081,55,GE_MAP,1.0,0.9276575380677655,0.8041693239795918,0.9348962890518995,0.6275208491281273
290081,51,GE_MAP,1.0,0.5768600256448776,0.8098294005102041,0.7672309656544771,0.5001571503404924
458755,1,GE_MAP,1.0,0.8169331841208316,0.7745934311224489,0.8852643796978764,0.62018940157163
458755,20,GE_MAP,1.0,0.7786957577455151,0.9011280293367347,0.8655976796510477,0.7189871983686417
180135,41,GE_MAP,1.0,0.4798166401535018,0.8171237244897959,0.7758863474137279,0.23660565723793678
180135,1,GE_MAP,1.0,0.5888584187164897,0.5991709183673469,0.5563055477477745,0.2984757054658342
560911,33,GE_MAP,0.0,0.5441399652657462,0.8434111926020408,0.7685610222855497,0.49808355691835954
560911,1,GE_MAP,1.0,0.592721229310545,0.6895727040816326,0.4963769237935156,0.28008874098724346
460494,48,GE_MAP,1.0,0.05105768970825879,0.6194794323979592,0.1697262321918505,0.04122727729235714
460494,57,GE_MAP,1.0,0.3004629618104941,0.7662826849489796,0.908872561673529,0.15003261578604044
67616,62,GE_MAP,0.0,0.15566365170967184,0.8237205038265306,0.27328162994582217,0.08313465326008085
67616,67,GE_MAP,1.0,0.15493356049542,0.8029735331632653,0.7538627341609124,0.055327281414237935
256868,1,GE_MAP,0.0,0.21761676287195875,0.6966677295918368,0.21778108770203336,0.1602295299050982
256868,15,GE_MAP,1.0,0.1498272549423858,0.6680285395408163,0.566793065173179,0.08402529557327468
101420,63,GE_MAP,1.0,0.8149559335650702,0.7423070790816326,0.907014329109468,0.5958238254509081
101420,17,GE_MAP,1.0,0.5001375844584848,0.9086415816326531,0.9522685996668115,0.39332980412916885
465675,8,GE_MAP,0.0,0.2816433620903297,0.85546875,0.32147690293208137,0.2778331009759012
465675,9,GE_MAP,1.0,0.5594716784735444,0.8784478635204082,0.7407107792712029,0.3733689509914723
139872,18,GE_MAP,1.0,0.8076073777956461,0.9569714604591837,0.9405325091148962,0.8065758824583408
139872,34,GE_MAP,1.0,0.3185863807285923,0.8406010841836735,0.7719594424649585,0.27078774617067836
546823,19,GE_MAP,1.0,0.5056572247820521,0.9267378826530612,0.729761338243852,0.2882865440464666
546823,1,GE_MAP,0.0,0.08578355235533883,0.6284478635204082,0.09499417312695368,0.07045273234942162
190637,65,GE_MAP,0.0,0.5387718211915783,0.7113360969387755,0.5572909095653976,0.4703042715038034
190637,75,GE_MAP,1.0,0.09557698810513421,0.6449298469387755,0.36572898744193805,0.03920616944399504
550691,3,GE_MAP,1.0,0.12106991292709315,0.7593271683673469,0.3604267101033264,0.07809756469959539
550691,6,GE_MAP,1.0,0.8107225254658672,0.8356784119897959,0.858516478113015,0.6185342833348756
273711,55,GE_MAP,1.0,0.15482245253788657,0.7924107142857143,0.41843599641025986,0.05058791359037462
273711,47,GE_MAP,0.0,0.005457428718545112,0.6713169642857143,0.011912239292460935,0.005307599517490953
570756,1,GE_MAP,0.0,0.12206740485190357,0.7538464604591837,0.15050112366303223,0.10415608906941322
570756,38,GE_MAP,0.0,0.13347909680024456,0.7755699936224489,0.231739110723955,0.12030310132020935
25394,46,GE_MAP,1.0,0.1339389578206835,0.7263034119897959,0.41816688812847574,0.08611166566846343
25394,44,GE_MAP,0.0,0.17894897588619973,0.696647799744898,0.21399516028750057,0.16797857220946757
358195,1,GE_MAP,1.0,0.41564128289147273,0.7643295599489796,0.46203415999710856,0.32405396135817993
358195,41,GE_MAP,0.0,0.23870532469779757,0.8449856505102041,0.5241438323216834,0.08655314151497358
438907,41,GE_MAP,1.0,0.2196860050581764,0.7773636798469388,0.5029673198171393,0.10157632298536272
438907,1,GE_MAP,1.0,0.4996451176535077,0.758430325255102,0.4864942856896778,0.3140350877192982
267300,65,GE_MAP,1.0,0.40402573485901083,0.7897799744897959,0.7439408741132275,0.3143971400714982
267300,64,GE_MAP,1.0,0.4667344350366928,0.8308155293367347,0.7037994664037973,0.31396476482948116
366611,37,GE_MAP,1.0,0.48798693325077813,0.8817163584183674,0.9265716609251023,0.11404687266756232
366611,18,GE_MAP,1.0,0.5774355243850384,0.9143415178571429,0.8994644185988253,0.3508533454161003
109976,78,GE_MAP,1.0,0.2089668660431018,0.6479791135204082,0.3613584773463214,0.20885962554868762
109976,79,GE_MAP,1.0,0.24941523340378088,0.620475924744898,0.361407310720831,0.2252013996256815
378873,1,GE_MAP,0.0,0.173321851722729,0.7345344387755102,0.17768978229204657,0.16447120812946933
378873,57,GE_MAP,0.0,0.029762749057934766,0.6500717474489796,0.074789016170593,0.0200915280723295
362520,1,GE_MAP,0.0,0.5464977706018868,0.7825255102040817,0.6722947443030446,0.503887247101614
362520,41,GE_MAP,0.0,0.43656122168491807,0.7263831313775511,0.5212628953272316,0.3984576961836744
227044,81,GE_MAP,1.0,0.5303066229132264,0.8126195790816326,0.7218158460973118,0.4723905723905724
227044,17,GE_MAP,1.0,0.7975042296717502,0.9101961096938775,0.8756865912426536,0.7610309715740348
125572,1,GE_MAP,0.0,0.1067457868555599,0.7136678890306123,0.12751059236317128,0.06738072054527751
125572,2,GE_MAP,1.0,0.41568212650469677,0.9273158482142857,0.7685728764891026,0.19616486665197266
277584,17,GE_MAP,1.0,0.5456252204592712,0.9360251913265306,0.8849290990380719,0.4352568613652357
277584,15,GE_MAP,1.0,0.8569360273160467,0.7633330676020408,0.8593162765660136,0.5410273257836354
440171,22,GE_MAP,1.0,0.8844529683256356,0.7939652423469388,0.9435273576553017,0.6489524262283949
440171,1,GE_MAP,0.0,0.25097760920915807,0.7889827806122449,0.34805157603881764,0.14962653602120313
450399,51,GE_MAP,0.0,0.04155216445700384,0.6837531887755102,0.041183746136616364,0.04103462863358917
450399,60,GE_MAP,1.0,0.4124091020671813,0.7932477678571429,0.5176434162104054,0.2684577956420563
565778,1,GE_MAP,0.0,0.13329715821691052,0.7186304209183674,0.4836970914913422,0.042328042328042326
565778,7,GE_MAP,1.0,0.6594098821756171,0.7773636798469388,0.7732615698497349,0.5346386169548011
366199,17,GE_MAP,1.0,0.5985898811105971,0.9146006058673469,0.9607845710262019,0.39237095859330684
366199,65,GE_MAP,1.0,0.5821845775358659,0.6614317602040817,0.6427070087038713,0.3757395362510565
165039,3,GE_MAP,1.0,0.4019479852313217,0.7798947704081632,0.7767947829522821,0.18512506456135172
165039,10,GE_MAP,1.0,0.05322029104081425,0.6950932716836735,0.21745830546309827,0.0318926786053281
297830,44,GE_MAP,0.0,0.29744139707191203,0.8506457270408163,0.6422524958214778,0.10133109485549827
297830,18,GE_MAP,1.0,0.8131513606782916,0.8475765306122449,0.877970369874191,0.6222836823389964
261318,1,GE_MAP,1.0,0.49078465248846675,0.7782605229591837,0.4937052044367405,0.30596968373775807
261318,31,GE_MAP,0.0,0.10179524253481875,0.7700095663265306,0.11375812152177595,0.10222498833048078
308430,51,GE_MAP,1.0,0.9027303404957643,0.5860969387755102,0.9248316805615588,0.48227551478286884
308430,57,GE_MAP,0.0,0.23529746657691264,0.7075494260204082,0.3033293601429342,0.2019361505411432
384661,79,GE_MAP,1.0,0.6575843917453016,0.7431242028061225,0.743843714929621,0.5037730037730038
384661,85,GE_MAP,0.0,0.08535240575517694,0.6963887117346939,0.47774227634621785,0.03710258517160736
180751,82,GE_MAP,0.0,0.09121885498744825,0.6677893813775511,0.21284743673439088,0.06401257791004548
180751,1,GE_MAP,1.0,0.505666484985898,0.804069674744898,0.590007010096849,0.4397652154091634
479596,55,GE_MAP,1.0,0.6521571931267147,0.7583306760204082,0.7555694038611817,0.5259207131128313
479596,53,GE_MAP,1.0,0.4557141698927092,0.5208266900510204,0.4805159784815936,0.26178267677853173
82986,1,GE_MAP,0.0,0.04201014660995724,0.5885483099489796,0.04461952574320817,0.02970343563472294
82986,31,GE_MAP,0.0,0.03492753809193768,0.6995176977040817,0.049829435013150465,0.023952871107658445
223090,57,GE_MAP,1.0,0.36193005979075155,0.7755102040816326,0.9308376902823434,0.17930783242258652
223090,49,GE_MAP,1.0,0.4141564656817675,0.8420161033163265,0.7008021340974071,0.30373298199385157
38576,74,GE_MAP,1.0,0.09668849797727597,0.646843112244898,0.5530530802442035,0.038993437822007704
38576,76,GE_MAP,0.0,0.38567739274567703,0.7094228316326531,0.4621946211047333,0.3531786522337075
544519,1,GE_MAP,1.0,0.8863011106627189,0.6059072066326531,0.913292317241215,0.5010723387076427
544519,90,GE_MAP,1.0,0.21181576662137908,0.8765146683673469,0.6564125630113001,0.11788154897494305
220732,3,GE_MAP,1.0,0.06294556638408856,0.6800661670918368,0.17677597360163405,0.036839263214735705
220732,8,GE_MAP,0.0,0.248342030289262,0.6970463966836735,0.30948332048858257,0.2370507930134511
233567,21,GE_MAP,1.0,0.4320376588169469,0.7956792091836735,0.6762287790983894,0.40794640794640796
233567,20,GE_MAP,1.0,0.8733860471171969,0.8715919961734694,0.9305062760815834,0.7050043496176915
206487,3,GE_MAP,0.0,0.2815061265089199,0.7262834821428571,0.31700944290867045,0.29921420553117667
206487,1,GE_MAP,0.0,0.05770000415938422,0.7121332908163265,0.05228229478100091,0.05378316410088438
277051,49,GE_MAP,1.0,0.4336249320629819,0.8345623405612245,0.7194485226497191,0.25544891918557716
277051,44,GE_MAP,0.0,0.3617903562474752,0.8122209821428571,0.455679981809506,0.2833346010496691
520871,44,GE_MAP,1.0,0.3341717713807785,0.7443797831632653,0.7964230482373076,0.1943467336683417
520871,47,GE_MAP,0.0,0.045072695725414606,0.7100007971938775,0.062383533464986755,0.048145483090207365
222094,8,GE_MAP,1.0,0.1261364771981102,0.7822066326530612,0.2839457784262155,0.08337527260526757
222094,13,GE_MAP,1.0,0.26664704613394175,0.7932676977040817,0.933932525809746,0.09168126094570928
388903,1,GE_MAP,1.0,0.7289832619083797,0.6225286989795918,0.7067517984854814,0.41860822052368235
388903,53,GE_MAP,1.0,0.7138045865986989,0.9320790816326531,0.9772651264976089,0.5876588021778585
471087,1,GE_MAP,1.0,0.8116225253553174,0.5792012117346939,0.745444238961795,0.3196932594406496
471087,32,GE_MAP,1.0,0.32796114032149665,0.822265625,0.7403964687353264,0.15970978988033543
326462,1,GE_MAP,0.0,0.15756682220064272,0.6615513392857143,0.18185573954382855,0.0974702380952381
326462,60,GE_MAP,1.0,0.7899468758130934,0.9559550382653061,0.9166668672736993,0.811191798376762
183965,67,GE_MAP,1.0,0.9448320038370621,0.43574617346938777,0.9489093345589972,0.39577864566660265
183965,47,GE_MAP,1.0,0.3447218579273206,0.7719029017857143,0.577460016479277,0.2345505617977528
277689,47,GE_MAP,0.0,0.15767794262902515,0.7008928571428571,0.1603791847484156,0.1740685707996258
277689,61,GE_MAP,1.0,0.7848320003799639,0.9271962691326531,0.8789352508433493,0.7250282273240497
215114,44,GE_MAP,1.0,0.30056704669719764,0.7812898596938775,0.822612059061886,0.1506849315068493
215114,82,GE_MAP,1.0,0.9471627199095086,0.49776785714285715,0.9359872482407319,0.3811698836010019
501523,81,GE_MAP,1.0,0.6271438760385408,0.8200534119897959,0.830708142627413,0.5841087056655919
501523,44,GE_MAP,1.0,0.13156035656870335,0.6683872767857143,0.32322429843403316,0.11414577011127083
468505,2,GE_MAP,0.0,0.05062075285604892,0.6914859693877551,0.06227535983421162,0.041901343071114684
468505,47,GE_MAP,1.0,0.1229635619790709,0.7238121811224489,0.4892564818950194,0.03697011813759555
78823,64,GE_MAP,1.0,0.4156624457518957,0.7982302295918368,0.9317485495397382,0.15906636763850818
78823,18,GE_MAP,1.0,0.6165746161503969,0.9131855867346939,0.7756150381241259,0.42669123453540403
311928,39,GE_MAP,1.0,0.4810700860064531,0.9087810905612245,0.7986421032881871,0.29367283950617284
311928,1,GE_MAP,1.0,0.5095910506667403,0.7701092155612245,0.5111645361926532,0.38272595922298924
167898,70,GE_MAP,1.0,0.16633728838172446,0.668327487244898,0.2558999622292012,0.1382560066280033
167898,81,GE_MAP,1.0,0.2707480952720785,0.7762077487244898,0.7678919578619657,0.2237660721692244
456303,1,GE_MAP,0.0,0.26370529838115514,0.662468112244898,0.27542274299975394,0.20521845229715144
456303,36,GE_MAP,0.0,0.0538904792214227,0.6852080676020408,0.05678941589898474,0.07355270103818405
167122,3,GE_MAP,1.0,0.9357427576934648,0.7826849489795918,0.9252208023168389,0.5967604748345106
167122,17,GE_MAP,0.0,0.03172318591971386,0.6268933354591837,0.07950413489114724,0.02737946799667498
568195,61,GE_MAP,1.0,0.3966904094500709,0.8226841517857143,0.8572636432621974,0.19832402234636873
568195,1,GE_MAP,1.0,0.6381391240843834,0.6166493941326531,0.6498753025753518,0.3694889697446488
13177,1,GE_MAP,1.0,0.6326863153010291,0.7956194196428571,0.7038417377947189,0.492527711797308
13177,2,GE_MAP,0.0,0.18666328909786117,0.7242307079081632,0.22168256034840406,0.185723533219561
457262,52,GE_MAP,1.0,0.8388447550156175,0.9513711734693877,0.9208152181294385,0.7830339676329362
457262,67,GE_MAP,1.0,0.9839842844414936,0.5191127232142857,0.9830782346864135,0.4844230769230769
377486,19,GE_MAP,0.0,0.32272707160929043,0.8118622448979592,0.41057205633804417,0.30888059155135805
377486,1,GE_MAP,1.0,0.2303788977747101,0.7113360969387755,0.3161253232473306,0.168828187765408
538236,58,GE_MAP,1.0,0.7886345864901617,0.6662946428571429,0.7699316320720051,0.4423313905079101
538236,1,GE_MAP,0.0,0.05565410283685111,0.6931202168367347,0.06413614855304098,0.06576871738866642
201646,62,GE_MAP,1.0,0.3719580174779373,0.8031728316326531,0.6920767234868427,0.2861066936533179
201646,1,GE_MAP,1.0,0.5771740437908343,0.7856744260204082,0.6640633734983675,0.45894546186355406
436738,6,GE_MAP,1.0,0.5591056192267854,0.8718112244897959,0.9413338144419335,0.34487675697698106
436738,3,GE_MAP,1.0,0.3515963513301344,0.8715720663265306,0.7041192078409885,0.21663019693654267
356387,4,GE_MAP,0.0,0.40702117923084274,0.8756776147959183,0.47296083313304477,0.38566082332085877
356387,2,GE_MAP,1.0,0.17387705883503773,0.8270487882653061,0.36066244225502625,0.11791014433828013
14038,65,GE_MAP,1.0,0.07297749610738252,0.6315768494897959,0.6770577334386334,0.036334254287650525
14038,82,GE_MAP,0.0,0.06547732754242262,0.6426179846938775,0.06885240185496305,0.07227482021832479
60899,62,GE_MAP,1.0,0.5038249965404549,0.7367665816326531,0.6115371987031492,0.4336677814938685
60899,1,GE_MAP,0.0,0.4504564761076453,0.7300302933673469,0.5216646369748188,0.35882993326075635
421060,35,GE_MAP,0.0,0.018239278239229783,0.6130420918367347,0.029370197466505352,0.01681182904597934
421060,1,GE_MAP,0.0,0.17735876986944626,0.718132174744898,0.16278597742862194,0.12697530864197532
537991,1,GE_MAP,1.0,0.7679388725941939,0.8174824617346939,0.8452367027066078,0.5897321028581668
537991,77,GE_MAP,1.0,0.17483916408710345,0.7987882653061225,0.506395766900661,0.07333639284075263
127660,33,GE_MAP,1.0,0.7958088145396818,0.8161870216836735,0.8649686008647702,0.5760125040224336
127660,1,GE_MAP,1.0,0.5599997345107253,0.6973254145408163,0.5835803894121441,0.384743153459731
568439,6,GE_MAP,1.0,0.7265448564849627,0.8890904017857143,0.8195808291068507,0.6538317989549639
568439,1,GE_MAP,1.0,0.40733607932382154,0.8261519451530612,0.7557334440068777,0.19126645651770813
284445,1,GE_MAP,0.0,0.4103970905055675,0.7108777104591837,0.4563463415852549,0.27290497193263835
284445,10,GE_MAP,1.0,0.14998048405601314,0.6925422512755102,0.8134563426968897,0.052977286678944135
422998,44,GE_MAP,1.0,0.5098285448227706,0.8151307397959183,0.7778855007354024,0.36404771698889343
422998,1,GE_MAP,1.0,0.6208519811588005,0.606086575255102,0.6450172973075737,0.4131706303257029
181499,73,GE_MAP,1.0,0.7760185622199246,0.7105389030612245,0.7878247039102231,0.5093574758462266
181499,76,GE_MAP,1.0,0.5212497190852882,0.8051658163265306,0.9383767749918063,0.4271986875256343
27186,63,GE_MAP,1.0,0.6964305868806815,0.8425542091836735,0.821749773195387,0.5866471326915027
27186,1,GE_MAP,1.0,0.5413773585248988,0.6727917729591837,0.5367055606454125,0.32120560631744327
150649,41,GE_MAP,1.0,0.09023386829268837,0.7314652423469388,0.4021577817849353,0.047773851590106005
150649,1,GE_MAP,0.0,0.13698165319550148,0.6307198660714286,0.1359086435515644,0.09180472502695815
446005,79,GE_MAP,0.0,0.2867987588619516,0.7100605867346939,0.44119369798840596,0.2587384082339753
446005,78,GE_MAP,1.0,0.10174522936639296,0.6486168686224489,0.2143688805644601,0.09977023232065356
532575,18,GE_MAP,1.0,0.9128074435332448,0.9416852678571429,0.9804286984856475,0.84927625817751
532575,9,GE_MAP,1.0,0.5974249242707567,0.6681281887755102,0.5863555351519936,0.36525120073187467
169076,1,GE_MAP,0.0,0.014653224310684356,0.5913783482142857,0.025194516071396767,0.014563106796116505
169076,17,GE_MAP,1.0,0.5270622676703817,0.7702487244897959,0.7087505964218208,0.39555369127516776
