method,n_pairs,delta_iou,improved,worsened,unchanged,mean_positive_delta,mean_negative_delta,median_delta,worst_decile_delta,iou,iou_ci_low,iou_ci_high,dice,dice_ci_low,dice_ci_high,precision,precision_ci_low,precision_ci_high,recall,recall_ci_low,recall_ci_high,pacc,pacc_ci_low,pacc_ci_high,semantic_success,semantic_success_ci_low,semantic_success_ci_high,precise_wrong_object,precise_wrong_object_ci_low,precise_wrong_object_ci_high,delta_iou_ci_low,delta_iou_ci_high,improved_ci_low,improved_ci_high,worsened_ci_low,worsened_ci_high
clip_baseline,1000,0.0,0.0,0.0,1.0,0.0,0.0,0.0,0.0,0.2698666802733297,0.25680666924265516,0.28360542105054215,0.3879759769175047,0.37254315531617016,0.4040323645364206,0.3395044529304495,0.321587117871924,0.35846839701408606,0.7704804431835082,0.7570620234268088,0.7836538408187494,0.7377697106186224,0.7309582554408482,0.7442938366948341,0.64,0.614,0.666,0.015,0.008,0.023,0.0,0.0,0.0,0.0,0.0,0.0
sam_score,1000,0.1250464393819416,0.588,0.411,0.001,0.3108137224725832,-0.14041856309473802,0.0618402235867863,-0.3315360560154625,0.39491311965527137,0.3745019169478891,0.41584531673619796,0.48302918771203146,0.46173054446222955,0.5052369498227821,0.5746196406382746,0.5492369048457091,0.6006147761761306,0.5471958932259804,0.5247427095702538,0.5703407874321171,0.8200594905931123,0.8070724390146685,0.8332524523676655,0.732,0.705,0.758,0.078,0.062975,0.094,0.1077673419690698,0.1438401392914695,0.557,0.62,0.38,0.442
frozen_final,1000,0.16361276994944984,0.637,0.262,0.101,0.3033429906862823,-0.11304089739584722,0.1043527203443715,-0.2221283943520989,0.4334794502227796,0.4136182646675435,0.4542075886021711,0.5293461688335063,0.5092876279074389,0.5504525379067282,0.576351928798721,0.5532005796885314,0.6007765227673403,0.6407468863723972,0.6202691801950613,0.6624326660460453,0.8468512635522959,0.836578662109375,0.8572592544244261,0.737,0.7119749999999999,0.763,0.074,0.059,0.089,0.14828823609090064,0.17985947596717494,0.608,0.667,0.235,0.29
center_score,1000,-0.16797934720809746,0.123,0.877,0.0,0.2610542874784654,-0.22815168137736452,-0.14550234550058277,-0.5912277851679937,0.1018873330652323,0.08844622304518389,0.11560740296239207,0.12840703339969606,0.11272166830660242,0.14398346075506302,0.28043030003149316,0.2566682152203429,0.30413801907856247,0.12254649021539647,0.10577458249549292,0.14026476943587202,0.7522302694515306,0.7366795385243942,0.7670062475087691,0.352,0.331,0.371,0.104,0.085,0.125,-0.18238991846783462,-0.15329145206210334,0.103,0.143,0.857,0.897
CS_MAP,1000,0.0,0.0,0.0,1.0,0.0,0.0,0.0,0.0,0.29966286719301716,0.28374055178530794,0.3158176891607787,0.40831553510446483,0.3901787741776924,0.4261121298013676,0.33952835072348203,0.32056680198522636,0.3592080910271245,0.8901945994224632,0.8801575553604382,0.8994321913724148,0.6984741908482143,0.6899134954958546,0.7066940658880739,0.64,0.615,0.665,0.046,0.034,0.059,0.0,0.0,0.0,0.0,0.0,0.0
CS_POS3_SAM,1000,0.1298777416678414,0.593,0.406,0.001,0.3572794409796699,-0.20194326806182963,0.08947693133046519,-0.48488421249698554,0.4295406088608586,0.40892373419042227,0.45005120154548267,0.5244997093868368,0.5025676624775236,0.5458357164709637,0.6209939171321144,0.595908678942011,0.6451896665871516,0.5675107995540488,0.5447455461636337,0.5885454781089651,0.8359688297193877,0.8229437828842476,0.8493870505819515,0.823,0.8,0.846,0.047,0.034,0.06002499999999986,0.10844775176039922,0.15177566309811355,0.563,0.6220249999999998,0.376,0.436
CS_POS3_SMART,1000,0.1651026639423003,0.665,0.334,0.001,0.3322126700515062,-0.16712204084416563,0.1318792198571424,-0.40673761939788067,0.4647655311353175,0.444311662816152,0.48517435214937676,0.5596060927261644,0.5384540091224647,0.5807142144223066,0.6129141280652557,0.5879167228881155,0.6365934779218533,0.6386790334191808,0.6176057301218738,0.6593505570491834,0.8454771404655612,0.8329137381417412,0.8580325758330677,0.809,0.787,0.833,0.057,0.043,0.071,0.1445842240954806,0.1845248782472421,0.637,0.696,0.303,0.362
CS_POS3_CASR,1000,0.16868791753572032,0.546,0.146,0.308,0.34849630987713637,-0.1478840250492884,0.05363645358385315,-0.20674047505783347,0.4683507847287375,0.44906485144073266,0.48776763459856787,0.5728047304738599,0.5529843605956013,0.5920014485661333,0.5964639698648504,0.5728984749286407,0.6195832985125158,0.7563865014041957,0.739148015392,0.773684422831297,0.8272053372130102,0.8161252770248724,0.837870038962851,0.79,0.765,0.814,0.045,0.032,0.05802499999999987,0.15191175941312135,0.18547143633085544,0.514,0.577,0.124,0.169
CS_OFFICIAL_SAM,1000,0.20029303250547742,0.704,0.295,0.001,0.3388440895769491,-0.12967188663286364,0.1456381375718267,-0.2904957727079262,0.4999558996984946,0.4789152267239402,0.521597159951652,0.597201370263601,0.5758739685673286,0.6196395465268166,0.6909157178039621,0.6660013955927038,0.7155991796174708,0.6260246682649431,0.604821896429827,0.6465992991807128,0.8736492745535714,0.8628519247249682,0.8840326226682078,0.829,0.805,0.852,0.06,0.046,0.074,0.18036386416873806,0.2191820368845724,0.675,0.733,0.266,0.3240249999999999
smart,1000,0.15920578739360444,0.658,0.341,0.001,0.30133317598320886,-0.11457900998048971,0.1167779952221707,-0.254155018502839,0.42907246766693424,0.40919898519843617,0.4496322115174067,0.519448270825693,0.4991167633016716,0.5411183489447084,0.5713128055819024,0.547299402802508,0.5965152003352597,0.6074655609988223,0.5862661529553481,0.6298688016320483,0.8418668287627552,0.8302437968351402,0.853447153519611,0.734,0.708,0.76,0.083,0.067,0.1,0.1437334478931933,0.17575232178772687,0.629,0.687,0.312,0.37
GE_MAP,1000,0.0,0.0,0.0,1.0,0.0,0.0,0.0,0.0,0.26826073197760647,0.25489317785731025,0.2816787954946073,0.3845179305036787,0.36903185153035534,0.4003783947655577,0.34126971897311936,0.32280876397163843,0.36069292730265956,0.7517597371846789,0.7384900169558822,0.7650798884013658,0.7371434151785713,0.7303892852160394,0.7439897485849808,0.631,0.604,0.657,0.023,0.014,0.032,0.0,0.0,0.0,0.0,0.0,0.0
GE_POS3_SAM,1000,0.12898346951596035,0.585,0.412,0.003,0.3227016692907453,-0.1451383665512759,0.06849354354976445,-0.33988146354399085,0.3972442014935668,0.37657846059327205,0.4186757547242759,0.48468923088208343,0.4630349636259342,0.5071829619511464,0.576224099930737,0.5508142605917127,0.6010910048012033,0.5431740449811548,0.5200031288721753,0.5666879021823585,0.8255406170280613,0.8135495376275508,0.837806783621652,0.742,0.716,0.768,0.084,0.067,0.101,0.11021671000853264,0.1479745861986768,0.555,0.617,0.38,0.442
GE_POS3_SMART,1000,0.1682654673434996,0.675,0.322,0.003,0.3052186105522438,-0.1172580583206987,0.13104434329861145,-0.2538281997372058,0.4365261993211061,0.41601616217552745,0.45770826133350595,0.5275170658321695,0.5065053685238334,0.549496681408739,0.5785584797196995,0.5546585441549254,0.602894944032937,0.6079936152764426,0.5850347600463248,0.6312033694765515,0.8464536431760205,0.8360217987683355,0.8574590611049105,0.747,0.722,0.772,0.08,0.064,0.097,0.15125831492768738,0.18513611993012094,0.645,0.704,0.293,0.352
GE_POS3_CASR,1000,0.17283712320359104,0.654,0.265,0.081,0.30943706971181983,-0.11145177504882692,0.11867649113165821,-0.2246650667819515,0.44109785518119754,0.4205618678709141,0.46186605066490927,0.5365893167376161,0.5156727412846869,0.5578282157119161,0.5841718845097497,0.5603767226669535,0.607515226948218,0.6288192398178162,0.6064002876445713,0.6499602246781478,0.8508410993303571,0.8407033925581952,0.8611844367825254,0.754,0.729,0.78,0.074,0.058,0.09,0.15632655927683922,0.18881830108187123,0.623,0.684,0.237975,0.296
